seed,round,method,component,score
1,1,FedAvg,citation,0.6700938336447806
1,1,FedAvg,reasoning,0.5593830658831207
1,1,FedAvg,verdict,0.47918300165170474
1,1,FedAvg,rule alignment,0.6024165256249551
1,1,FedAvg,total,0.5756174337140485
1,2,FedAvg,citation,0.6482284256618448
1,2,FedAvg,reasoning,0.5605581161689395
1,2,FedAvg,verdict,0.47701257386744106
1,2,FedAvg,rule alignment,0.5979087476853119
1,2,FedAvg,total,0.5690594342700657
1,3,FedAvg,citation,0.6483942694731006
1,3,FedAvg,reasoning,0.5561506775753041
1,3,FedAvg,verdict,0.47525788142924746
1,3,FedAvg,rule alignment,0.5861240865259918
1,3,FedAvg,total,0.5649830583033766
1,4,FedAvg,citation,0.6446070263964568
1,4,FedAvg,reasoning,0.5532745479554525
1,4,FedAvg,verdict,0.4670278352841331
1,4,FedAvg,rule alignment,0.5735601089797624
1,4,FedAvg,total,0.5586031016027357
1,5,FedAvg,citation,0.6382534160086358
1,5,FedAvg,reasoning,0.5325922269022668
1,5,FedAvg,verdict,0.4722779088337669
1,5,FedAvg,rule alignment,0.5649853981816456
1,5,FedAvg,total,0.5504075789176098
1,6,FedAvg,citation,0.6178017954254811
1,6,FedAvg,reasoning,0.5319489364418689
1,6,FedAvg,verdict,0.47174490125039564
1,6,FedAvg,rule alignment,0.5524270143310853
1,6,FedAvg,total,0.542456757967747
1,7,FedAvg,citation,0.6074721552637589
1,7,FedAvg,reasoning,0.5241490561168067
1,7,FedAvg,verdict,0.44932363933144864
1,7,FedAvg,rule alignment,0.5588590092003856
1,7,FedAvg,total,0.533215467323921
1,8,FedAvg,citation,0.6071310639847628
1,8,FedAvg,reasoning,0.512598527520993
1,8,FedAvg,verdict,0.44037680074052593
1,8,FedAvg,rule alignment,0.5416211143476972
1,8,FedAvg,total,0.5239807473071595
1,9,FedAvg,citation,0.5996645010966332
1,9,FedAvg,reasoning,0.5202337076367365
1,9,FedAvg,verdict,0.4479989468881669
1,9,FedAvg,rule alignment,0.5379043904642677
1,9,FedAvg,total,0.5255668523800745
1,10,FedAvg,citation,0.5922135192858503
1,10,FedAvg,reasoning,0.49760150477760046
1,10,FedAvg,verdict,0.42383593105539946
1,10,FedAvg,rule alignment,0.5331718826236644
1,10,FedAvg,total,0.5099271905433255
1,11,FedAvg,citation,0.5851152825606721
1,11,FedAvg,reasoning,0.49947992787861545
1,11,FedAvg,verdict,0.43719052783180357
1,11,FedAvg,rule alignment,0.530686028403895
1,11,FedAvg,total,0.5115576366424825
1,12,FedAvg,citation,0.5802824259540529
1,12,FedAvg,reasoning,0.4928744769702934
1,12,FedAvg,verdict,0.4438201540084517
1,12,FedAvg,rule alignment,0.5101925258889555
1,12,FedAvg,total,0.5059264932595052
1,13,FedAvg,citation,0.5672247786647269
1,13,FedAvg,reasoning,0.48528639050757855
1,13,FedAvg,verdict,0.4291602390642039
1,13,FedAvg,rule alignment,0.5073599814258054
1,13,FedAvg,total,0.4961541678696673
1,14,FedAvg,citation,0.5634261525497104
1,14,FedAvg,reasoning,0.4841747259384689
1,14,FedAvg,verdict,0.41916530325223395
1,14,FedAvg,rule alignment,0.5104273686843227
1,14,FedAvg,total,0.4929857554688913
1,15,FedAvg,citation,0.5603683157845797
1,15,FedAvg,reasoning,0.4674746301980259
1,15,FedAvg,verdict,0.41585696840741915
1,15,FedAvg,rule alignment,0.5009213994737567
1,15,FedAvg,total,0.4844829900021588
1,16,FedAvg,citation,0.5493336477254739
1,16,FedAvg,reasoning,0.46916636714495724
1,16,FedAvg,verdict,0.40027242021021436
1,16,FedAvg,rule alignment,0.4874550191795727
1,16,FedAvg,total,0.47564243096332376
1,17,FedAvg,citation,0.5475662432285352
1,17,FedAvg,reasoning,0.4737589872208007
1,17,FedAvg,verdict,0.414058122063835
1,17,FedAvg,rule alignment,0.4954109815015588
1,17,FedAvg,total,0.48161598378964454
1,18,FedAvg,citation,0.5453488995052438
1,18,FedAvg,reasoning,0.4644422418358671
1,18,FedAvg,verdict,0.4064094298057988
1,18,FedAvg,rule alignment,0.49037850831517493
1,18,FedAvg,total,0.4753479565415557
1,19,FedAvg,citation,0.5315473682012359
1,19,FedAvg,reasoning,0.45182569516168125
1,19,FedAvg,verdict,0.3995361572669096
1,19,FedAvg,rule alignment,0.4798555602499
1,19,FedAvg,total,0.4642897019655208
1,20,FedAvg,citation,0.5220699397526807
1,20,FedAvg,reasoning,0.4395602028715258
1,20,FedAvg,verdict,0.3952769626072914
1,20,FedAvg,rule alignment,0.4776012656272311
1,20,FedAvg,total,0.456725039576897
1,21,FedAvg,citation,0.5218111100595665
1,21,FedAvg,reasoning,0.44929618567637014
1,21,FedAvg,verdict,0.3911140034798366
1,21,FedAvg,rule alignment,0.4828056798110422
1,21,FedAvg,total,0.4595812700499703
1,22,FedAvg,citation,0.5126286977559084
1,22,FedAvg,reasoning,0.4391890047763707
1,22,FedAvg,verdict,0.3980810584785127
1,22,FedAvg,rule alignment,0.4791484796395358
1,22,FedAvg,total,0.4552638364194236
1,23,FedAvg,citation,0.5093227012548733
1,23,FedAvg,reasoning,0.4395901625723277
1,23,FedAvg,verdict,0.37791851875527166
1,23,FedAvg,rule alignment,0.463196242761232
1,23,FedAvg,total,0.44632660232648097
1,24,FedAvg,citation,0.4940038426104985
1,24,FedAvg,reasoning,0.42761083671902067
1,24,FedAvg,verdict,0.3775857345656527
1,24,FedAvg,rule alignment,0.4476832456458345
1,24,FedAvg,total,0.43571729443891094
1,25,FedAvg,citation,0.5035434353139655
1,25,FedAvg,reasoning,0.43343419539296724
1,25,FedAvg,verdict,0.37439964157466227
1,25,FedAvg,rule alignment,0.45212965856471843
1,25,FedAvg,total,0.43994195955299076
1,26,FedAvg,citation,0.4988852647612848
1,26,FedAvg,reasoning,0.42050311709337923
1,26,FedAvg,verdict,0.35986190731097506
1,26,FedAvg,rule alignment,0.44464872569982217
1,26,FedAvg,total,0.42976747328604314
1,27,FedAvg,citation,0.4926579260062355
1,27,FedAvg,reasoning,0.42126755475864186
1,27,FedAvg,verdict,0.3773333040701643
1,27,FedAvg,rule alignment,0.429453370677719
1,27,FedAvg,total,0.4297687480822363
1,28,FedAvg,citation,0.4833711629154741
1,28,FedAvg,reasoning,0.41554081809123516
1,28,FedAvg,verdict,0.3524313720600467
1,28,FedAvg,rule alignment,0.43864613033827293
1,28,FedAvg,total,0.42134210523890536
1,29,FedAvg,citation,0.4707508154442018
1,29,FedAvg,reasoning,0.40231104772815635
1,29,FedAvg,verdict,0.36336387116359115
1,29,FedAvg,rule alignment,0.43273169088481583
1,29,FedAvg,total,0.4157683241473583
1,30,FedAvg,citation,0.4843161271563201
1,30,FedAvg,reasoning,0.4052058327080755
1,30,FedAvg,verdict,0.3550434866757727
1,30,FedAvg,rule alignment,0.42325647196590016
1,30,FedAvg,total,0.4160529476636258
1,31,FedAvg,citation,0.4606136291130801
1,31,FedAvg,reasoning,0.40776695928504064
1,31,FedAvg,verdict,0.3598500148094207
1,31,FedAvg,rule alignment,0.41132548853093936
1,31,FedAvg,total,0.4097110964723253
1,32,FedAvg,citation,0.4671560659565456
1,32,FedAvg,reasoning,0.40245351130375795
1,32,FedAvg,verdict,0.3529536987428976
1,32,FedAvg,rule alignment,0.40678740595520113
1,32,FedAvg,total,0.40712097575702844
1,33,FedAvg,citation,0.45511944358363016
1,33,FedAvg,reasoning,0.3944419617975553
1,33,FedAvg,verdict,0.3489640029787054
1,33,FedAvg,rule alignment,0.4040668003411435
1,33,FedAvg,total,0.40016681024807915
1,34,FedAvg,citation,0.4486877885613989
1,34,FedAvg,reasoning,0.37644499342717697
1,34,FedAvg,verdict,0.3456541208122314
1,34,FedAvg,rule alignment,0.4056949634745668
1,34,FedAvg,total,0.392657968066474
1,35,FedAvg,citation,0.45582405299382067
1,35,FedAvg,reasoning,0.38486419349193407
1,35,FedAvg,verdict,0.3248139893528947
1,35,FedAvg,rule alignment,0.3955778767663365
1,35,FedAvg,total,0.3897343439875264
1,36,FedAvg,citation,0.4419235641995847
1,36,FedAvg,reasoning,0.3844502909458554
1,36,FedAvg,verdict,0.33750924141853916
1,36,FedAvg,rule alignment,0.40247896788390725
1,36,FedAvg,total,0.39068908226506904
1,37,FedAvg,citation,0.44436162392771883
1,37,FedAvg,reasoning,0.37308385664558835
1,37,FedAvg,verdict,0.33145302019400186
1,37,FedAvg,rule alignment,0.3986892098701548
1,37,FedAvg,total,0.38561665999813766
1,38,FedAvg,citation,0.435841278687886
1,38,FedAvg,reasoning,0.3722208741935644
1,38,FedAvg,verdict,0.3176953705687008
1,38,FedAvg,rule alignment,0.38777944100185596
1,38,FedAvg,total,0.37760631277258716
1,39,FedAvg,citation,0.43743419185134974
1,39,FedAvg,reasoning,0.3732573232273119
1,39,FedAvg,verdict,0.3205867707436402
1,39,FedAvg,rule alignment,0.3789818424441447
1,39,FedAvg,total,0.37727880610576997
1,40,FedAvg,citation,0.41801704582108073
1,40,FedAvg,reasoning,0.37186693615446675
1,40,FedAvg,verdict,0.32922129472199496
1,40,FedAvg,rule alignment,0.3810845900455997
1,40,FedAvg,total,0.3745865839912289
1,41,FedAvg,citation,0.4079595960588808
1,41,FedAvg,reasoning,0.36271887747369413
1,41,FedAvg,verdict,0.32245760449572286
1,41,FedAvg,rule alignment,0.372625699909489
1,41,FedAvg,total,0.36594510336265695
1,42,FedAvg,citation,0.4125682173169984
1,42,FedAvg,reasoning,0.3607588593370245
1,42,FedAvg,verdict,0.3169394980607375
1,42,FedAvg,rule alignment,0.37826176796665895
1,42,FedAvg,total,0.3662569402388731
1,43,FedAvg,citation,0.4051045720693504
1,43,FedAvg,reasoning,0.35402956687451004
1,43,FedAvg,verdict,0.30612199108488575
1,43,FedAvg,rule alignment,0.3717021543899736
1,43,FedAvg,total,0.3583559417289068
1,44,FedAvg,citation,0.39448683976558435
1,44,FedAvg,reasoning,0.34724518281663747
1,44,FedAvg,verdict,0.312241515524936
1,44,FedAvg,rule alignment,0.357230940168625
1,44,FedAvg,total,0.3523018317013463
1,45,FedAvg,citation,0.40730312164401306
1,45,FedAvg,reasoning,0.3585736946288957
1,45,FedAvg,verdict,0.3122709888491072
1,45,FedAvg,rule alignment,0.3638925908979136
1,45,FedAvg,total,0.36024415419153144
1,46,FedAvg,citation,0.3940493651179948
1,46,FedAvg,reasoning,0.34056049731358684
1,46,FedAvg,verdict,0.3114331667947634
1,46,FedAvg,rule alignment,0.3692601719187462
1,46,FedAvg,total,0.35239081655601484
1,47,FedAvg,citation,0.38726546368531334
1,47,FedAvg,reasoning,0.3305832815994736
1,47,FedAvg,verdict,0.29873106550539313
1,47,FedAvg,rule alignment,0.35177066765380266
1,47,FedAvg,total,0.3410282503082792
1,48,FedAvg,citation,0.39281965968201826
1,48,FedAvg,reasoning,0.327084902457395
1,48,FedAvg,verdict,0.293565522620069
1,48,FedAvg,rule alignment,0.3398491783219255
1,48,FedAvg,total,0.33769160197712544
1,49,FedAvg,citation,0.3894155526374301
1,49,FedAvg,reasoning,0.327141896798163
1,49,FedAvg,verdict,0.29493739735572616
1,49,FedAvg,rule alignment,0.3509780661584316
1,49,FedAvg,total,0.3394264197694243
1,50,FedAvg,citation,0.38636200885351396
1,50,FedAvg,reasoning,0.3252926855875021
1,50,FedAvg,verdict,0.29857544891377585
1,50,FedAvg,rule alignment,0.341848781749766
1,50,FedAvg,total,0.3371919264680263
1,51,FedAvg,citation,0.3802409905165488
1,51,FedAvg,reasoning,0.333430888953208
1,51,FedAvg,verdict,0.27279677897715177
1,51,FedAvg,rule alignment,0.34770900677951916
1,51,FedAvg,total,0.3328305104152913
1,52,FedAvg,citation,0.377902870346531
1,52,FedAvg,reasoning,0.32128806825441486
1,52,FedAvg,verdict,0.2905033653200323
1,52,FedAvg,rule alignment,0.33410707884383933
1,52,FedAvg,total,0.3303093951617332
1,53,FedAvg,citation,0.3682758514954575
1,53,FedAvg,reasoning,0.3088583765787736
1,53,FedAvg,verdict,0.2755424109684824
1,53,FedAvg,rule alignment,0.33952258107435596
1,53,FedAvg,total,0.3215165948044883
1,54,FedAvg,citation,0.3690164700935702
1,54,FedAvg,reasoning,0.32484610560654
1,54,FedAvg,verdict,0.2791530328384188
1,54,FedAvg,rule alignment,0.32351430456449326
1,54,FedAvg,total,0.32419906832785794
1,55,FedAvg,citation,0.36092927964866284
1,55,FedAvg,reasoning,0.323480004355068
1,55,FedAvg,verdict,0.2607974482012143
1,55,FedAvg,rule alignment,0.327228911508708
1,55,FedAvg,total,0.31792146557073125
1,56,FedAvg,citation,0.3493283801657239
1,56,FedAvg,reasoning,0.31712390310104593
1,56,FedAvg,verdict,0.2748678877661748
1,56,FedAvg,rule alignment,0.30871904967575386
1,56,FedAvg,total,0.3129300478484392
1,57,FedAvg,citation,0.34483298198001616
1,57,FedAvg,reasoning,0.3048467261890685
1,57,FedAvg,verdict,0.27616204415190765
1,57,FedAvg,rule alignment,0.3170184249429235
1,57,FedAvg,total,0.3101064593782862
1,58,FedAvg,citation,0.3591621929928843
1,58,FedAvg,reasoning,0.3060518751210447
1,58,FedAvg,verdict,0.2706187184133695
1,58,FedAvg,rule alignment,0.3054651897201972
1,58,FedAvg,total,0.31035382833191627
1,59,FedAvg,citation,0.35478072933366905
1,59,FedAvg,reasoning,0.30828893989723505
1,59,FedAvg,verdict,0.26621802927044624
1,59,FedAvg,rule alignment,0.30781420235247214
1,59,FedAvg,total,0.3092992120906938
1,60,FedAvg,citation,0.33717551788994377
1,60,FedAvg,reasoning,0.30086194251230153
1,60,FedAvg,verdict,0.2535707475334023
1,60,FedAvg,rule alignment,0.30265786870506206
1,60,FedAvg,total,0.2984767228505394
1,61,FedAvg,citation,0.33803340866065834
1,61,FedAvg,reasoning,0.28772243773971423
1,61,FedAvg,verdict,0.2554584856435928
1,61,FedAvg,rule alignment,0.3060529488693389
1,61,FedAvg,total,0.29590029467184487
1,62,FedAvg,citation,0.33556032052468443
1,62,FedAvg,reasoning,0.2785140073052248
1,62,FedAvg,verdict,0.2745244927137627
1,62,FedAvg,rule alignment,0.29778714528394284
1,62,FedAvg,total,0.2956328345579678
1,63,FedAvg,citation,0.3205739816727135
1,63,FedAvg,reasoning,0.29921060371943986
1,63,FedAvg,verdict,0.2564805875540164
1,63,FedAvg,rule alignment,0.30274675779015625
1,63,FedAvg,total,0.29457617498054567
1,64,FedAvg,citation,0.3324211200675688
1,64,FedAvg,reasoning,0.2804207394280093
1,64,FedAvg,verdict,0.2480202556394109
1,64,FedAvg,rule alignment,0.29000894789106146
1,64,FedAvg,total,0.28723835533336
1,65,FedAvg,citation,0.3200865944153061
1,65,FedAvg,reasoning,0.28271880972819236
1,65,FedAvg,verdict,0.24867699523587525
1,65,FedAvg,rule alignment,0.3085120979511539
1,65,FedAvg,total,0.2887089599214838
1,66,FedAvg,citation,0.32662410544125514
1,66,FedAvg,reasoning,0.27383922048851
1,66,FedAvg,verdict,0.2431322865659982
1,66,FedAvg,rule alignment,0.2870546218501662
1,66,FedAvg,total,0.2820017885183996
1,67,FedAvg,citation,0.31312967817552173
1,67,FedAvg,reasoning,0.26647692408040263
1,67,FedAvg,verdict,0.2353347615853222
1,67,FedAvg,rule alignment,0.2787916395905125
1,67,FedAvg,total,0.2728175150824343
1,68,FedAvg,citation,0.3052648071349506
1,68,FedAvg,reasoning,0.2745668649020261
1,68,FedAvg,verdict,0.24041085881540744
1,68,FedAvg,rule alignment,0.2975231450455932
1,68,FedAvg,total,0.278293604967316
1,69,FedAvg,citation,0.3028795094674993
1,69,FedAvg,reasoning,0.2677937382952789
1,69,FedAvg,verdict,0.23192000178337677
1,69,FedAvg,rule alignment,0.2807802196127157
1,69,FedAvg,total,0.2701940432238459
1,70,FedAvg,citation,0.29648847952715895
1,70,FedAvg,reasoning,0.26794394455577897
1,70,FedAvg,verdict,0.23072218331356312
1,70,FedAvg,rule alignment,0.28545864289228656
1,70,FedAvg,total,0.2692775776553715
1,71,FedAvg,citation,0.3006862237471439
1,71,FedAvg,reasoning,0.2653203759468451
1,71,FedAvg,verdict,0.237451096962439
1,71,FedAvg,rule alignment,0.279078790287303
1,71,FedAvg,total,0.2699462010189098
1,72,FedAvg,citation,0.3100129760662898
1,72,FedAvg,reasoning,0.263375653288017
1,72,FedAvg,verdict,0.2385992728231875
1,72,FedAvg,rule alignment,0.27339262856342755
1,72,FedAvg,total,0.2708442839214599
1,73,FedAvg,citation,0.29000446705575617
1,73,FedAvg,reasoning,0.2548158480725347
1,73,FedAvg,verdict,0.2328766891391584
1,73,FedAvg,rule alignment,0.2721170315234066
1,73,FedAvg,total,0.2615884497751704
1,74,FedAvg,citation,0.29361324399979644
1,74,FedAvg,reasoning,0.26490611096856503
1,74,FedAvg,verdict,0.23301772702803136
1,74,FedAvg,rule alignment,0.26154980912781395
1,74,FedAvg,total,0.26343953787308927
1,75,FedAvg,citation,0.28968892146620967
1,75,FedAvg,reasoning,0.2720071272361509
1,75,FedAvg,verdict,0.23490398546898156
1,75,FedAvg,rule alignment,0.274671378133967
1,75,FedAvg,total,0.2676846405314365
1,76,FedAvg,citation,0.29015717316035355
1,76,FedAvg,reasoning,0.25290346233901395
1,76,FedAvg,verdict,0.22022637658405794
1,76,FedAvg,rule alignment,0.25885613798981444
1,76,FedAvg,total,0.25523815373576997
1,77,FedAvg,citation,0.2807886911817708
1,77,FedAvg,reasoning,0.2629643160039732
1,77,FedAvg,verdict,0.2301695925287987
1,77,FedAvg,rule alignment,0.26909611002016304
1,77,FedAvg,total,0.26044808773286693
1,78,FedAvg,citation,0.2869184774643757
1,78,FedAvg,reasoning,0.248872568256527
1,78,FedAvg,verdict,0.21631746390447995
1,78,FedAvg,rule alignment,0.26138793051197484
1,78,FedAvg,total,0.252748341921567
1,79,FedAvg,citation,0.2833811288034317
1,79,FedAvg,reasoning,0.2441303167409547
1,79,FedAvg,verdict,0.2214199062623678
1,79,FedAvg,rule alignment,0.2620460327788989
1,79,FedAvg,total,0.2518485603445161
1,80,FedAvg,citation,0.27157902993212424
1,80,FedAvg,reasoning,0.23544695139016186
1,80,FedAvg,verdict,0.22632374844186218
1,80,FedAvg,rule alignment,0.2612472718345328
1,80,FedAvg,total,0.24735923437745172
1,81,FedAvg,citation,0.27923803449561463
1,81,FedAvg,reasoning,0.2405795447834533
1,81,FedAvg,verdict,0.21607548148791353
1,81,FedAvg,rule alignment,0.24901925521541213
1,81,FedAvg,total,0.24580609347400045
1,82,FedAvg,citation,0.27813133718460703
1,82,FedAvg,reasoning,0.24760601357665343
1,82,FedAvg,verdict,0.221483144608149
1,82,FedAvg,rule alignment,0.24495972880512165
1,82,FedAvg,total,0.24817737028220938
1,83,FedAvg,citation,0.27339566512784325
1,83,FedAvg,reasoning,0.243990216699622
1,83,FedAvg,verdict,0.20845126594537897
1,83,FedAvg,rule alignment,0.23952369254489903
1,83,FedAvg,total,0.24156353628717198
1,84,FedAvg,citation,0.27690794720980677
1,84,FedAvg,reasoning,0.23728716196460758
1,84,FedAvg,verdict,0.21920683205854502
1,84,FedAvg,rule alignment,0.2527767801037503
1,84,FedAvg,total,0.24577019942722028
1,85,FedAvg,citation,0.2764284998608401
1,85,FedAvg,reasoning,0.2335111247978043
1,85,FedAvg,verdict,0.20937306727720026
1,85,FedAvg,rule alignment,0.24558719899670287
1,85,FedAvg,total,0.24062116902319197
1,86,FedAvg,citation,0.2651784202675265
1,86,FedAvg,reasoning,0.23464380119659564
1,86,FedAvg,verdict,0.2061900700394186
1,86,FedAvg,rule alignment,0.21966238041151212
1,86,FedAvg,total,0.2321677390180174
1,87,FedAvg,citation,0.26678762033010617
1,87,FedAvg,reasoning,0.2278886903859901
1,87,FedAvg,verdict,0.20633677911352538
1,87,FedAvg,rule alignment,0.23372531305035688
1,87,FedAvg,total,0.2333927695867763
1,88,FedAvg,citation,0.25236928035898254
1,88,FedAvg,reasoning,0.24225864968126623
1,88,FedAvg,verdict,0.20240827580834053
1,88,FedAvg,rule alignment,0.2535015706900195
1,88,FedAvg,total,0.23707229808421454
1,89,FedAvg,citation,0.254736749403523
1,89,FedAvg,reasoning,0.23352030938863896
1,89,FedAvg,verdict,0.20468218751464218
1,89,FedAvg,rule alignment,0.22665199416005224
1,89,FedAvg,total,0.2302412258781434
1,90,FedAvg,citation,0.2504578683611789
1,90,FedAvg,reasoning,0.223572299757098
1,90,FedAvg,verdict,0.20280441350777667
1,90,FedAvg,rule alignment,0.24716031067094216
1,90,FedAvg,total,0.22981932252855672
1,91,FedAvg,citation,0.24354298494355486
1,91,FedAvg,reasoning,0.2246989639915428
1,91,FedAvg,verdict,0.1967589214264318
1,91,FedAvg,rule alignment,0.2343077849859037
1,91,FedAvg,total,0.22434672278714024
1,92,FedAvg,citation,0.2529479209273073
1,92,FedAvg,reasoning,0.2136034981154603
1,92,FedAvg,verdict,0.19363774168678155
1,92,FedAvg,rule alignment,0.22695603261408112
1,92,FedAvg,total,0.2211186716109765
1,93,FedAvg,citation,0.2461726538509103
1,93,FedAvg,reasoning,0.2200108114027107
1,93,FedAvg,verdict,0.19253634495414346
1,93,FedAvg,rule alignment,0.22585291656622922
1,93,FedAvg,total,0.22085107643532254
1,94,FedAvg,citation,0.24237148495892583
1,94,FedAvg,reasoning,0.20882125987833028
1,94,FedAvg,verdict,0.20464840755583863
1,94,FedAvg,rule alignment,0.22022216949279058
1,94,FedAvg,total,0.2184457849907483
1,95,FedAvg,citation,0.24274595570201607
1,95,FedAvg,reasoning,0.2120961232231034
1,95,FedAvg,verdict,0.1863073348662982
1,95,FedAvg,rule alignment,0.2252124965533624
1,95,FedAvg,total,0.21593465891968205
1,96,FedAvg,citation,0.24495737633364342
1,96,FedAvg,reasoning,0.20923043968097332
1,96,FedAvg,verdict,0.20248153864506016
1,96,FedAvg,rule alignment,0.21800539005532846
1,96,FedAvg,total,0.21822993866003357
1,97,FedAvg,citation,0.23864742989694757
1,97,FedAvg,reasoning,0.21632092112627926
1,97,FedAvg,verdict,0.19064309378389177
1,97,FedAvg,rule alignment,0.22541409574872312
1,97,FedAvg,total,0.21730172640783824
1,98,FedAvg,citation,0.241988945819899
1,98,FedAvg,reasoning,0.20512640973051288
1,98,FedAvg,verdict,0.18155318985721453
1,98,FedAvg,rule alignment,0.21817918753992335
1,98,FedAvg,total,0.2110592943464169
1,99,FedAvg,citation,0.2436965924400445
1,99,FedAvg,reasoning,0.21544347545295633
1,99,FedAvg,verdict,0.1861229571109545
1,99,FedAvg,rule alignment,0.2161993771675793
1,99,FedAvg,total,0.21532780545715252
1,100,FedAvg,citation,0.21909809248148654
1,100,FedAvg,reasoning,0.20141479464062517
1,100,FedAvg,verdict,0.18029840975267988
1,100,FedAvg,rule alignment,0.21314073420846202
1,100,FedAvg,total,0.20290171079242156
1,1,FedLoRA,citation,0.583042965677065
1,1,FedLoRA,reasoning,0.49864712844740383
1,1,FedLoRA,verdict,0.4284278137108593
1,1,FedLoRA,rule alignment,0.5238805442831478
1,1,FedLoRA,total,0.5072379422378318
1,2,FedLoRA,citation,0.5732646217879898
1,2,FedLoRA,reasoning,0.4838256710999171
1,2,FedLoRA,verdict,0.4169077981535701
1,2,FedLoRA,rule alignment,0.5184584974163493
1,2,FedLoRA,total,0.49638250579863497
1,3,FedLoRA,citation,0.5654002904665058
1,3,FedLoRA,reasoning,0.4810339920088301
1,3,FedLoRA,verdict,0.413198077107275
1,3,FedLoRA,rule alignment,0.5104419277669672
1,3,FedLoRA,total,0.49104817504948767
1,4,FedLoRA,citation,0.5627515697798426
1,4,FedLoRA,reasoning,0.46907881855366196
1,4,FedLoRA,verdict,0.4066648055115323
1,4,FedLoRA,rule alignment,0.4967745398197121
1,4,FedLoRA,total,0.4824326473528847
1,5,FedLoRA,citation,0.5524851822944931
1,5,FedLoRA,reasoning,0.4648672020948234
1,5,FedLoRA,verdict,0.40307596123241873
1,5,FedLoRA,rule alignment,0.4882362425957921
1,5,FedLoRA,total,0.4759976950293334
1,6,FedLoRA,citation,0.5435355310840961
1,6,FedLoRA,reasoning,0.46146693199089245
1,6,FedLoRA,verdict,0.3960977351445945
1,6,FedLoRA,rule alignment,0.49578069688526577
1,6,FedLoRA,total,0.4725045355314935
1,7,FedLoRA,citation,0.5300120362662496
1,7,FedLoRA,reasoning,0.4538290354659959
1,7,FedLoRA,verdict,0.4014482480765997
1,7,FedLoRA,rule alignment,0.4735771786276348
1,7,FedLoRA,total,0.46372921745103807
1,8,FedLoRA,citation,0.5448475117501298
1,8,FedLoRA,reasoning,0.4558407847780865
1,8,FedLoRA,verdict,0.4014857046125541
1,8,FedLoRA,rule alignment,0.4655279435794488
1,8,FedLoRA,total,0.4664411282399867
1,9,FedLoRA,citation,0.5249411338336771
1,9,FedLoRA,reasoning,0.46178208772542795
1,9,FedLoRA,verdict,0.38756517132069573
1,9,FedLoRA,rule alignment,0.4662314368368891
1,9,FedLoRA,total,0.4599074899735994
1,10,FedLoRA,citation,0.5230150605366626
1,10,FedLoRA,reasoning,0.4384601186443636
1,10,FedLoRA,verdict,0.40063433928232534
1,10,FedLoRA,rule alignment,0.4598338139717345
1,10,FedLoRA,total,0.45441714834240293
1,11,FedLoRA,citation,0.5145631531048255
1,11,FedLoRA,reasoning,0.43623739881367646
1,11,FedLoRA,verdict,0.37938678857551345
1,11,FedLoRA,rule alignment,0.46063432039960384
1,11,FedLoRA,total,0.4464855691441084
1,12,FedLoRA,citation,0.5103938528780891
1,12,FedLoRA,reasoning,0.44153762461111284
1,12,FedLoRA,verdict,0.3824196549845745
1,12,FedLoRA,rule alignment,0.46188850926433606
1,12,FedLoRA,total,0.44804236620186694
1,13,FedLoRA,citation,0.4901620731417963
1,13,FedLoRA,reasoning,0.42035341625177597
1,13,FedLoRA,verdict,0.3732231780018772
1,13,FedLoRA,rule alignment,0.4547208257247822
1,13,FedLoRA,total,0.4328965028064076
1,14,FedLoRA,citation,0.4966591059764733
1,14,FedLoRA,reasoning,0.4177118021339439
1,14,FedLoRA,verdict,0.3735299671127955
1,14,FedLoRA,rule alignment,0.4538336687251175
1,14,FedLoRA,total,0.4336275426575239
1,15,FedLoRA,citation,0.48385261304034594
1,15,FedLoRA,reasoning,0.4122428781759835
1,15,FedLoRA,verdict,0.3576350194902183
1,15,FedLoRA,rule alignment,0.4469431044260218
1,15,FedLoRA,total,0.4234333924706405
1,16,FedLoRA,citation,0.4969862483546712
1,16,FedLoRA,reasoning,0.4224010763111719
1,16,FedLoRA,verdict,0.35040532849027384
1,16,FedLoRA,rule alignment,0.43969290716535026
1,16,FedLoRA,total,0.4265067985376579
1,17,FedLoRA,citation,0.48077023308439965
1,17,FedLoRA,reasoning,0.42327069195391204
1,17,FedLoRA,verdict,0.3612343253640855
1,17,FedLoRA,rule alignment,0.4439902923344483
1,17,FedLoRA,total,0.42628040566518455
1,18,FedLoRA,citation,0.4689450855004045
1,18,FedLoRA,reasoning,0.41180570313848247
1,18,FedLoRA,verdict,0.3635201270586828
1,18,FedLoRA,rule alignment,0.41622443896663713
1,18,FedLoRA,total,0.414902901874644
1,19,FedLoRA,citation,0.4691468472871248
1,19,FedLoRA,reasoning,0.39814627867956465
1,19,FedLoRA,verdict,0.3462683210489676
1,19,FedLoRA,rule alignment,0.4104567011778498
1,19,FedLoRA,total,0.40538901592346244
1,20,FedLoRA,citation,0.4672330068744585
1,20,FedLoRA,reasoning,0.3949597427566043
1,20,FedLoRA,verdict,0.3497099393409011
1,20,FedLoRA,rule alignment,0.40464479728338276
1,20,FedLoRA,total,0.40365261883749776
1,21,FedLoRA,citation,0.4515221338029345
1,21,FedLoRA,reasoning,0.3914800567829236
1,21,FedLoRA,verdict,0.3439706984397385
1,21,FedLoRA,rule alignment,0.3992312047156761
1,21,FedLoRA,total,0.39616346603868047
1,22,FedLoRA,citation,0.44581296054497677
1,22,FedLoRA,reasoning,0.39097574153700754
1,22,FedLoRA,verdict,0.3364931175704624
1,22,FedLoRA,rule alignment,0.4070589407431945
1,22,FedLoRA,total,0.39428103013860094
1,23,FedLoRA,citation,0.4472804353188871
1,23,FedLoRA,reasoning,0.38864467192765567
1,23,FedLoRA,verdict,0.3263009959887158
1,23,FedLoRA,rule alignment,0.40228511235536085
1,23,FedLoRA,total,0.3904457818762696
1,24,FedLoRA,citation,0.4367738355482831
1,24,FedLoRA,reasoning,0.378747448135057
1,24,FedLoRA,verdict,0.3244166482017196
1,24,FedLoRA,rule alignment,0.3942256636406357
1,24,FedLoRA,total,0.38276698810614496
1,25,FedLoRA,citation,0.43109703225777324
1,25,FedLoRA,reasoning,0.3855358086346699
1,25,FedLoRA,verdict,0.32783632229399334
1,25,FedLoRA,rule alignment,0.41257849281152426
1,25,FedLoRA,total,0.38790977979064745
1,26,FedLoRA,citation,0.42739250350401004
1,26,FedLoRA,reasoning,0.3772611355341232
1,26,FedLoRA,verdict,0.32054305974978975
1,26,FedLoRA,rule alignment,0.3911194209416555
1,26,FedLoRA,total,0.378386115662018
1,27,FedLoRA,citation,0.42528701157337473
1,27,FedLoRA,reasoning,0.35850915110567044
1,27,FedLoRA,verdict,0.3255141536935396
1,27,FedLoRA,rule alignment,0.39063992845474527
1,27,FedLoRA,total,0.37338102233937875
1,28,FedLoRA,citation,0.4172708788760773
1,28,FedLoRA,reasoning,0.3727297375937478
1,28,FedLoRA,verdict,0.317513273500962
1,28,FedLoRA,rule alignment,0.3806726750168689
1,28,FedLoRA,total,0.37164949437575795
1,29,FedLoRA,citation,0.41359810220022847
1,29,FedLoRA,reasoning,0.36607603893461327
1,29,FedLoRA,verdict,0.32431235630564265
1,29,FedLoRA,rule alignment,0.36394634751789373
1,29,FedLoRA,total,0.3670896958104305
1,30,FedLoRA,citation,0.40383058274731104
1,30,FedLoRA,reasoning,0.36086449878598414
1,30,FedLoRA,verdict,0.31614380280306853
1,30,FedLoRA,rule alignment,0.38326981490945505
1,30,FedLoRA,total,0.36490690900528117
1,31,FedLoRA,citation,0.4152403612992911
1,31,FedLoRA,reasoning,0.35202264647966497
1,31,FedLoRA,verdict,0.32474007706251484
1,31,FedLoRA,rule alignment,0.37430230803182674
1,31,FedLoRA,total,0.36546236514071634
1,32,FedLoRA,citation,0.4027592269167414
1,32,FedLoRA,reasoning,0.34670175973666123
1,32,FedLoRA,verdict,0.30465276355912846
1,32,FedLoRA,rule alignment,0.37021522286152364
1,32,FedLoRA,total,0.35490657011227056
1,33,FedLoRA,citation,0.37961680024024896
1,33,FedLoRA,reasoning,0.3440747079964599
1,33,FedLoRA,verdict,0.3053946866068022
1,33,FedLoRA,rule alignment,0.35329364764599214
1,33,FedLoRA,total,0.3451340136398992
1,34,FedLoRA,citation,0.4009726214351393
1,34,FedLoRA,reasoning,0.3431302373941592
1,34,FedLoRA,verdict,0.3035885626608168
1,34,FedLoRA,rule alignment,0.36017923748287023
1,34,FedLoRA,total,0.35111521473881085
1,35,FedLoRA,citation,0.387642332106907
1,35,FedLoRA,reasoning,0.352111380514985
1,35,FedLoRA,verdict,0.31000593622993133
1,35,FedLoRA,rule alignment,0.3564014074043143
1,35,FedLoRA,total,0.35132576271956795
1,36,FedLoRA,citation,0.3876587956723495
1,36,FedLoRA,reasoning,0.3292588341798085
1,36,FedLoRA,verdict,0.29193306665323693
1,36,FedLoRA,rule alignment,0.34296553501676064
1,36,FedLoRA,total,0.3372687228386913
1,37,FedLoRA,citation,0.3805033966432303
1,37,FedLoRA,reasoning,0.3327924490178682
1,37,FedLoRA,verdict,0.28673294391866244
1,37,FedLoRA,rule alignment,0.34155221236855615
1,37,FedLoRA,total,0.3349572623195448
1,38,FedLoRA,citation,0.37738062574985864
1,38,FedLoRA,reasoning,0.3318933722287833
1,38,FedLoRA,verdict,0.2850521127899846
1,38,FedLoRA,rule alignment,0.34386969893235303
1,38,FedLoRA,total,0.3339501360900664
1,39,FedLoRA,citation,0.379156875044555
1,39,FedLoRA,reasoning,0.3358344323709983
1,39,FedLoRA,verdict,0.29216084922849117
1,39,FedLoRA,rule alignment,0.3314402756108291
1,39,FedLoRA,total,0.3348678159017269
1,40,FedLoRA,citation,0.37762346636771416
1,40,FedLoRA,reasoning,0.32247134511371833
1,40,FedLoRA,verdict,0.2708993395918269
1,40,FedLoRA,rule alignment,0.34043752795663235
1,40,FedLoRA,total,0.32695961061532725
1,41,FedLoRA,citation,0.361848778713685
1,41,FedLoRA,reasoning,0.32833080712791557
1,41,FedLoRA,verdict,0.29022447253278905
1,41,FedLoRA,rule alignment,0.3271276701074146
1,41,FedLoRA,total,0.3269430889714761
1,42,FedLoRA,citation,0.3557739172424395
1,42,FedLoRA,reasoning,0.32039582100668096
1,42,FedLoRA,verdict,0.2847019044402528
1,42,FedLoRA,rule alignment,0.32184891203580074
1,42,FedLoRA,total,0.3206074841298375
1,43,FedLoRA,citation,0.35549207845398645
1,43,FedLoRA,reasoning,0.3125672018276599
1,43,FedLoRA,verdict,0.28176599614450537
1,43,FedLoRA,rule alignment,0.32605263397284334
1,43,FedLoRA,total,0.3182952059924896
1,44,FedLoRA,citation,0.3564272594806277
1,44,FedLoRA,reasoning,0.32098536864823823
1,44,FedLoRA,verdict,0.27826062680459185
1,44,FedLoRA,rule alignment,0.32867212147329744
1,44,FedLoRA,total,0.3207020064604358
1,45,FedLoRA,citation,0.3648285025233814
1,45,FedLoRA,reasoning,0.3142755615267294
1,45,FedLoRA,verdict,0.27111959450194956
1,45,FedLoRA,rule alignment,0.33247711987919676
1,45,FedLoRA,total,0.3197651166901909
1,46,FedLoRA,citation,0.3514956004179911
1,46,FedLoRA,reasoning,0.30569354063772264
1,46,FedLoRA,verdict,0.2612566756668152
1,46,FedLoRA,rule alignment,0.31612887190531136
1,46,FedLoRA,total,0.30812190559358066
1,47,FedLoRA,citation,0.34403258233962264
1,47,FedLoRA,reasoning,0.30282953840473553
1,47,FedLoRA,verdict,0.27018445413674663
1,47,FedLoRA,rule alignment,0.31439547218461966
1,47,FedLoRA,total,0.3072822150774369
1,48,FedLoRA,citation,0.3421512814555611
1,48,FedLoRA,reasoning,0.3126841420885941
1,48,FedLoRA,verdict,0.27325523539245267
1,48,FedLoRA,rule alignment,0.3036108039329682
1,48,FedLoRA,total,0.3083790326251753
1,49,FedLoRA,citation,0.33497912558734655
1,49,FedLoRA,reasoning,0.30046078674000154
1,49,FedLoRA,verdict,0.2570202828149999
1,49,FedLoRA,rule alignment,0.30363147586665173
1,49,FedLoRA,total,0.2988643832959174
1,50,FedLoRA,citation,0.3382539776306064
1,50,FedLoRA,reasoning,0.29823827709791684
1,50,FedLoRA,verdict,0.25767046933002874
1,50,FedLoRA,rule alignment,0.3046183925291438
1,50,FedLoRA,total,0.29937627337536254
1,51,FedLoRA,citation,0.3259920951580645
1,51,FedLoRA,reasoning,0.3007849624273187
1,51,FedLoRA,verdict,0.25770148577886776
1,51,FedLoRA,rule alignment,0.2994263526376395
1,51,FedLoRA,total,0.2960441544899566
1,52,FedLoRA,citation,0.3084228318270851
1,52,FedLoRA,reasoning,0.29349381004900643
1,52,FedLoRA,verdict,0.26130723812929335
1,52,FedLoRA,rule alignment,0.29529780983275095
1,52,FedLoRA,total,0.2895402224703467
1,53,FedLoRA,citation,0.3261185214587581
1,53,FedLoRA,reasoning,0.2811945110999204
1,53,FedLoRA,verdict,0.24665073113565378
1,53,FedLoRA,rule alignment,0.2987272556712219
1,53,FedLoRA,total,0.2872961176128235
1,54,FedLoRA,citation,0.30945373807901305
1,54,FedLoRA,reasoning,0.27838115372608707
1,54,FedLoRA,verdict,0.24562010380814694
1,54,FedLoRA,rule alignment,0.2799202829124619
1,54,FedLoRA,total,0.27826686317210847
1,55,FedLoRA,citation,0.3260286342585492
1,55,FedLoRA,reasoning,0.26993236208464455
1,55,FedLoRA,verdict,0.2516173619815402
1,55,FedLoRA,rule alignment,0.2829096612422004
1,55,FedLoRA,total,0.2819731399338558
1,56,FedLoRA,citation,0.3125928841883319
1,56,FedLoRA,reasoning,0.27514887370325136
1,56,FedLoRA,verdict,0.25316379808942047
1,56,FedLoRA,rule alignment,0.2841706370143863
1,56,FedLoRA,total,0.28081796008329074
1,57,FedLoRA,citation,0.3186645334389936
1,57,FedLoRA,reasoning,0.2677207555471369
1,57,FedLoRA,verdict,0.2383958801846729
1,57,FedLoRA,rule alignment,0.2788995644977631
1,57,FedLoRA,total,0.27536124296961034
1,58,FedLoRA,citation,0.3117158463366577
1,58,FedLoRA,reasoning,0.2634606130887744
1,58,FedLoRA,verdict,0.2537102475010892
1,58,FedLoRA,rule alignment,0.2798809198854069
1,58,FedLoRA,total,0.2763708913631504
1,59,FedLoRA,citation,0.31086522003505374
1,59,FedLoRA,reasoning,0.28536879431514095
1,59,FedLoRA,verdict,0.24347012371664473
1,59,FedLoRA,rule alignment,0.2841523814080623
1,59,FedLoRA,total,0.2810249505140794
1,60,FedLoRA,citation,0.2994295988668511
1,60,FedLoRA,reasoning,0.24207931822511838
1,60,FedLoRA,verdict,0.24187182537499283
1,60,FedLoRA,rule alignment,0.28305225724654015
1,60,FedLoRA,total,0.2645596029773045
1,61,FedLoRA,citation,0.2879461959272366
1,61,FedLoRA,reasoning,0.25208780165239
1,61,FedLoRA,verdict,0.24324251113425369
1,61,FedLoRA,rule alignment,0.26915457277308874
1,61,FedLoRA,total,0.2622544318157073
1,62,FedLoRA,citation,0.2978459999666065
1,62,FedLoRA,reasoning,0.2652882459458255
1,62,FedLoRA,verdict,0.22732644150931192
1,62,FedLoRA,rule alignment,0.26823475453512596
1,62,FedLoRA,total,0.26452653505975243
1,63,FedLoRA,citation,0.2889371926999176
1,63,FedLoRA,reasoning,0.2622522926240912
1,63,FedLoRA,verdict,0.2227037909437617
1,63,FedLoRA,rule alignment,0.2692906574139412
1,63,FedLoRA,total,0.26044406518093544
1,64,FedLoRA,citation,0.2902007886320758
1,64,FedLoRA,reasoning,0.24903722691520994
1,64,FedLoRA,verdict,0.2307825706628783
1,64,FedLoRA,rule alignment,0.2747242646830094
1,64,FedLoRA,total,0.2599018608349034
1,65,FedLoRA,citation,0.28858988530087276
1,65,FedLoRA,reasoning,0.2678937892652472
1,65,FedLoRA,verdict,0.22518895892887472
1,65,FedLoRA,rule alignment,0.27733842763812255
1,65,FedLoRA,total,0.26428053336463553
1,66,FedLoRA,citation,0.28685299991620195
1,66,FedLoRA,reasoning,0.2440925164091084
1,66,FedLoRA,verdict,0.21543892430331474
1,66,FedLoRA,rule alignment,0.2527997928128538
1,66,FedLoRA,total,0.24936069454018248
1,67,FedLoRA,citation,0.27702441638583636
1,67,FedLoRA,reasoning,0.2566470702756185
1,67,FedLoRA,verdict,0.21608149251403097
1,67,FedLoRA,rule alignment,0.2541371350680016
1,67,FedLoRA,total,0.2510980253212527
1,68,FedLoRA,citation,0.2868797465964284
1,68,FedLoRA,reasoning,0.24235100921645045
1,68,FedLoRA,verdict,0.22779772777022075
1,68,FedLoRA,rule alignment,0.24962382690670815
1,68,FedLoRA,total,0.2512994367379391
1,69,FedLoRA,citation,0.27596167209403194
1,69,FedLoRA,reasoning,0.2406144300594727
1,69,FedLoRA,verdict,0.2134570400353866
1,69,FedLoRA,rule alignment,0.2575875181798564
1,69,FedLoRA,total,0.24605651068616774
1,70,FedLoRA,citation,0.2693533367608787
1,70,FedLoRA,reasoning,0.24242919888220826
1,70,FedLoRA,verdict,0.21672866013822917
1,70,FedLoRA,rule alignment,0.24248471510331476
1,70,FedLoRA,total,0.2427462019101024
1,71,FedLoRA,citation,0.26040399790902125
1,71,FedLoRA,reasoning,0.23777318730021055
1,71,FedLoRA,verdict,0.21138896465596005
1,71,FedLoRA,rule alignment,0.25167070982879575
1,71,FedLoRA,total,0.23961433879706762
1,72,FedLoRA,citation,0.2745357177803966
1,72,FedLoRA,reasoning,0.2464797324505116
1,72,FedLoRA,verdict,0.21545687158767315
1,72,FedLoRA,rule alignment,0.2552740194271453
1,72,FedLoRA,total,0.24749687096259998
1,73,FedLoRA,citation,0.27385650237600284
1,73,FedLoRA,reasoning,0.23070072590724103
1,73,FedLoRA,verdict,0.2119175975690969
1,73,FedLoRA,rule alignment,0.23105160801712354
1,73,FedLoRA,total,0.23686406436187196
1,74,FedLoRA,citation,0.2556679814336031
1,74,FedLoRA,reasoning,0.2330408357068711
1,74,FedLoRA,verdict,0.2133456757101376
1,74,FedLoRA,rule alignment,0.24765671364538983
1,74,FedLoRA,total,0.23669700772707447
1,75,FedLoRA,citation,0.2603428115512963
1,75,FedLoRA,reasoning,0.23470948159013802
1,75,FedLoRA,verdict,0.2132191094205439
1,75,FedLoRA,rule alignment,0.23715044503352578
1,75,FedLoRA,total,0.23623341372670664
1,76,FedLoRA,citation,0.26718878257554607
1,76,FedLoRA,reasoning,0.2359706569324864
1,76,FedLoRA,verdict,0.21171588227956692
1,76,FedLoRA,rule alignment,0.22709455297472253
1,76,FedLoRA,total,0.2359362738884687
1,77,FedLoRA,citation,0.24665659330782524
1,77,FedLoRA,reasoning,0.23917802047509426
1,77,FedLoRA,verdict,0.1956764245569998
1,77,FedLoRA,rule alignment,0.2229629656741934
1,77,FedLoRA,total,0.22692925374357323
1,78,FedLoRA,citation,0.2503224809854636
1,78,FedLoRA,reasoning,0.22796827829016822
1,78,FedLoRA,verdict,0.20926655388985363
1,78,FedLoRA,rule alignment,0.23775103467749664
1,78,FedLoRA,total,0.2308379491413791
1,79,FedLoRA,citation,0.2482094344003112
1,79,FedLoRA,reasoning,0.22861676153775753
1,79,FedLoRA,verdict,0.20039759377795585
1,79,FedLoRA,rule alignment,0.2281369391826906
1,79,FedLoRA,total,0.22636417334243214
1,80,FedLoRA,citation,0.2638883359899108
1,80,FedLoRA,reasoning,0.21454266340927133
1,80,FedLoRA,verdict,0.1963663750793271
1,80,FedLoRA,rule alignment,0.23110801374693118
1,80,FedLoRA,total,0.2256480795394771
1,81,FedLoRA,citation,0.2554537193830146
1,81,FedLoRA,reasoning,0.21822118331782378
1,81,FedLoRA,verdict,0.19555346251219743
1,81,FedLoRA,rule alignment,0.2209559385610343
1,81,FedLoRA,total,0.222409338181357
1,82,FedLoRA,citation,0.2479142727276165
1,82,FedLoRA,reasoning,0.23163874238147747
1,82,FedLoRA,verdict,0.1864325628459031
1,82,FedLoRA,rule alignment,0.22136371742413333
1,82,FedLoRA,total,0.22235107509264984
1,83,FedLoRA,citation,0.2427626276277003
1,83,FedLoRA,reasoning,0.24038858037356797
1,83,FedLoRA,verdict,0.19894918055427574
1,83,FedLoRA,rule alignment,0.23969843763076615
1,83,FedLoRA,total,0.23048421368371763
1,84,FedLoRA,citation,0.2471708898026473
1,84,FedLoRA,reasoning,0.21625482073088442
1,84,FedLoRA,verdict,0.18929445427311864
1,84,FedLoRA,rule alignment,0.23026982853348602
1,84,FedLoRA,total,0.220046747944904
1,85,FedLoRA,citation,0.24215708700748775
1,85,FedLoRA,reasoning,0.22939659247854985
1,85,FedLoRA,verdict,0.18117618304237598
1,85,FedLoRA,rule alignment,0.2113882595270111
1,85,FedLoRA,total,0.2169299471614331
1,86,FedLoRA,citation,0.2332209889206909
1,86,FedLoRA,reasoning,0.21863510343762327
1,86,FedLoRA,verdict,0.1972910297559822
1,86,FedLoRA,rule alignment,0.22437228953038704
1,86,FedLoRA,total,0.21809299360653267
1,87,FedLoRA,citation,0.2508748946756584
1,87,FedLoRA,reasoning,0.21893680202876656
1,87,FedLoRA,verdict,0.18489424021964854
1,87,FedLoRA,rule alignment,0.23050513642934137
1,87,FedLoRA,total,0.220724351618325
1,88,FedLoRA,citation,0.23244722292175485
1,88,FedLoRA,reasoning,0.20582706167803366
1,88,FedLoRA,verdict,0.1949627366036028
1,88,FedLoRA,rule alignment,0.22416378875587525
1,88,FedLoRA,total,0.21343336613592456
1,89,FedLoRA,citation,0.22504003333229924
1,89,FedLoRA,reasoning,0.1964400215817272
1,89,FedLoRA,verdict,0.1982430755871887
1,89,FedLoRA,rule alignment,0.21280100395974133
1,89,FedLoRA,total,0.20731298449633842
1,90,FedLoRA,citation,0.22397627581415183
1,90,FedLoRA,reasoning,0.21035913235030537
1,90,FedLoRA,verdict,0.19327764309154646
1,90,FedLoRA,rule alignment,0.21797352406848905
1,90,FedLoRA,total,0.211015924245214
1,91,FedLoRA,citation,0.228316889100721
1,91,FedLoRA,reasoning,0.20218574063136918
1,91,FedLoRA,verdict,0.18954722175841374
1,91,FedLoRA,rule alignment,0.21344152799839772
1,91,FedLoRA,total,0.207810055503874
1,92,FedLoRA,citation,0.22744458063399028
1,92,FedLoRA,reasoning,0.20993617741394963
1,92,FedLoRA,verdict,0.17928040490544714
1,92,FedLoRA,rule alignment,0.21412015565964473
1,92,FedLoRA,total,0.2074861307409732
1,93,FedLoRA,citation,0.23531457769139255
1,93,FedLoRA,reasoning,0.19933175106686973
1,93,FedLoRA,verdict,0.18111367155939834
1,93,FedLoRA,rule alignment,0.21465160783333032
1,93,FedLoRA,total,0.20683690919942468
1,94,FedLoRA,citation,0.21118950418335028
1,94,FedLoRA,reasoning,0.2057254825020332
1,94,FedLoRA,verdict,0.17285729456032078
1,94,FedLoRA,rule alignment,0.20759949671019828
1,94,FedLoRA,total,0.1992492437785674
1,95,FedLoRA,citation,0.22574240280655283
1,95,FedLoRA,reasoning,0.19210069647120126
1,95,FedLoRA,verdict,0.1816395841055142
1,95,FedLoRA,rule alignment,0.20903050358718245
1,95,FedLoRA,total,0.20128180638681362
1,96,FedLoRA,citation,0.22519912597826441
1,96,FedLoRA,reasoning,0.20168905625786976
1,96,FedLoRA,verdict,0.17252487367603533
1,96,FedLoRA,rule alignment,0.20111694973911312
1,96,FedLoRA,total,0.20016110673875848
1,97,FedLoRA,citation,0.20450674274482572
1,97,FedLoRA,reasoning,0.20832198220851786
1,97,FedLoRA,verdict,0.18691930388827774
1,97,FedLoRA,rule alignment,0.20811716990205578
1,97,FedLoRA,total,0.20197654030124237
1,98,FedLoRA,citation,0.2101920240630231
1,98,FedLoRA,reasoning,0.19762871423248488
1,98,FedLoRA,verdict,0.18090369086751348
1,98,FedLoRA,rule alignment,0.19129343236593235
1,98,FedLoRA,total,0.19532122947556607
1,99,FedLoRA,citation,0.21053709587253222
1,99,FedLoRA,reasoning,0.19732492420045367
1,99,FedLoRA,verdict,0.1800430082473203
1,99,FedLoRA,rule alignment,0.1919444733373563
1,99,FedLoRA,total,0.1952313979575705
1,100,FedLoRA,citation,0.21828326633173756
1,100,FedLoRA,reasoning,0.20762144226584348
1,100,FedLoRA,verdict,0.16786694728837956
1,100,FedLoRA,rule alignment,0.204966699244368
1,100,FedLoRA,total,0.19981732593365592
1,1,Conflict-aware,citation,0.45726165067706814
1,1,Conflict-aware,reasoning,0.39521373187217484
1,1,Conflict-aware,verdict,0.34017872355860557
1,1,Conflict-aware,rule alignment,0.41364950197206857
1,1,Conflict-aware,total,0.4006541135149846
1,2,Conflict-aware,citation,0.44874973594038425
1,2,Conflict-aware,reasoning,0.3829123451488786
1,2,Conflict-aware,verdict,0.3404849815190113
1,2,Conflict-aware,rule alignment,0.3959845073692459
1,2,Conflict-aware,total,0.39137928438336167
1,3,Conflict-aware,citation,0.4527119112590678
1,3,Conflict-aware,reasoning,0.38620222146571154
1,3,Conflict-aware,verdict,0.3341300918430374
1,3,Conflict-aware,rule alignment,0.40533048328216237
1,3,Conflict-aware,total,0.39363726387167225
1,4,Conflict-aware,citation,0.44816856402105504
1,4,Conflict-aware,reasoning,0.3773195774270936
1,4,Conflict-aware,verdict,0.3369179645495699
1,4,Conflict-aware,rule alignment,0.388375946468761
1,4,Conflict-aware,total,0.38714269466453655
1,5,Conflict-aware,citation,0.4208452152247893
1,5,Conflict-aware,reasoning,0.36295707969720403
1,5,Conflict-aware,verdict,0.3390607611699139
1,5,Conflict-aware,rule alignment,0.384882576935593
1,5,Conflict-aware,total,0.3758401333949556
1,6,Conflict-aware,citation,0.42433265765073
1,6,Conflict-aware,reasoning,0.38333869446769314
1,6,Conflict-aware,verdict,0.3284704631350394
1,6,Conflict-aware,rule alignment,0.38627012130530597
1,6,Conflict-aware,total,0.3804564127978115
1,7,Conflict-aware,citation,0.4321219047617856
1,7,Conflict-aware,reasoning,0.3577541311870092
1,7,Conflict-aware,verdict,0.3382212857328275
1,7,Conflict-aware,rule alignment,0.39791243216399624
1,7,Conflict-aware,total,0.3794945234125553
1,8,Conflict-aware,citation,0.4161098065437294
1,8,Conflict-aware,reasoning,0.35554521219864105
1,8,Conflict-aware,verdict,0.32851950964197113
1,8,Conflict-aware,rule alignment,0.39169085393718706
1,8,Conflict-aware,total,0.3711590634934549
1,9,Conflict-aware,citation,0.4167038717310706
1,9,Conflict-aware,reasoning,0.3636723116083804
1,9,Conflict-aware,verdict,0.31434978694562427
1,9,Conflict-aware,rule alignment,0.38273612895712317
1,9,Conflict-aware,total,0.36841233394311246
1,10,Conflict-aware,citation,0.40215658236323637
1,10,Conflict-aware,reasoning,0.3469143167940488
1,10,Conflict-aware,verdict,0.3228789125488892
1,10,Conflict-aware,rule alignment,0.36142907789047934
1,10,Conflict-aware,total,0.3576189843443419
1,11,Conflict-aware,citation,0.41592755769847317
1,11,Conflict-aware,reasoning,0.33867479434409464
1,11,Conflict-aware,verdict,0.3176947740405376
1,11,Conflict-aware,rule alignment,0.36391832018003795
1,11,Conflict-aware,total,0.3577916852739887
1,12,Conflict-aware,citation,0.4035047070839606
1,12,Conflict-aware,reasoning,0.34897645375691744
1,12,Conflict-aware,verdict,0.30580056249973925
1,12,Conflict-aware,rule alignment,0.35864562739012745
1,12,Conflict-aware,total,0.3537483790010257
1,13,Conflict-aware,citation,0.39242488697691513
1,13,Conflict-aware,reasoning,0.3329729798958235
1,13,Conflict-aware,verdict,0.30184910953110355
1,13,Conflict-aware,rule alignment,0.3535308499219158
1,13,Conflict-aware,total,0.3441665630801349
1,14,Conflict-aware,citation,0.4028403339567822
1,14,Conflict-aware,reasoning,0.34966057368811
1,14,Conflict-aware,verdict,0.3000507349607335
1,14,Conflict-aware,rule alignment,0.3655589298861827
1,14,Conflict-aware,total,0.3537327253130485
1,15,Conflict-aware,citation,0.3907403034644477
1,15,Conflict-aware,reasoning,0.34395877305060174
1,15,Conflict-aware,verdict,0.28899775859601745
1,15,Conflict-aware,rule alignment,0.35298111380262454
1,15,Conflict-aware,total,0.34371837019082174
1,16,Conflict-aware,citation,0.3841889105626178
1,16,Conflict-aware,reasoning,0.3329665254811961
1,16,Conflict-aware,verdict,0.2922934312133921
1,16,Conflict-aware,rule alignment,0.3451559182679096
1,16,Conflict-aware,total,0.3380417267419432
1,17,Conflict-aware,citation,0.38360497601146626
1,17,Conflict-aware,reasoning,0.33684491051504933
1,17,Conflict-aware,verdict,0.2863374164149855
1,17,Conflict-aware,rule alignment,0.3577536605890033
1,17,Conflict-aware,total,0.3400898033789284
1,18,Conflict-aware,citation,0.3770856932022771
1,18,Conflict-aware,reasoning,0.3367008564169911
1,18,Conflict-aware,verdict,0.2868320836511965
1,18,Conflict-aware,rule alignment,0.33230386387430655
1,18,Conflict-aware,total,0.33345047391332705
1,19,Conflict-aware,citation,0.36543496781626383
1,19,Conflict-aware,reasoning,0.3260282074862255
1,19,Conflict-aware,verdict,0.29469082047521294
1,19,Conflict-aware,rule alignment,0.3391934026679487
1,19,Conflict-aware,total,0.33067858985232657
1,20,Conflict-aware,citation,0.3700890642922395
1,20,Conflict-aware,reasoning,0.32757301149515866
1,20,Conflict-aware,verdict,0.29041549286164686
1,20,Conflict-aware,rule alignment,0.31236795386287197
1,20,Conflict-aware,total,0.3258716335095936
1,21,Conflict-aware,citation,0.37052680174854213
1,21,Conflict-aware,reasoning,0.32185070785776504
1,21,Conflict-aware,verdict,0.2800272079395905
1,21,Conflict-aware,rule alignment,0.34291976588496675
1,21,Conflict-aware,total,0.327777667956356
1,22,Conflict-aware,citation,0.3701151686169936
1,22,Conflict-aware,reasoning,0.30629703929929497
1,22,Conflict-aware,verdict,0.26914630749223384
1,22,Conflict-aware,rule alignment,0.31878964652501623
1,22,Conflict-aware,total,0.3154624101220986
1,23,Conflict-aware,citation,0.36466047672429697
1,23,Conflict-aware,reasoning,0.31683190879344203
1,23,Conflict-aware,verdict,0.2754122790423394
1,23,Conflict-aware,rule alignment,0.33183038672817633
1,23,Conflict-aware,total,0.32143383892532695
1,24,Conflict-aware,citation,0.3525773153576928
1,24,Conflict-aware,reasoning,0.312132814644313
1,24,Conflict-aware,verdict,0.275249084173779
1,24,Conflict-aware,rule alignment,0.31989720610538397
1,24,Conflict-aware,total,0.31457588549723864
1,25,Conflict-aware,citation,0.34865304670616926
1,25,Conflict-aware,reasoning,0.30413327037602034
1,25,Conflict-aware,verdict,0.26631767298601056
1,25,Conflict-aware,rule alignment,0.32239942274802086
1,25,Conflict-aware,total,0.3094625455854552
1,26,Conflict-aware,citation,0.3607095549815381
1,26,Conflict-aware,reasoning,0.2960947280563423
1,26,Conflict-aware,verdict,0.27252861669204564
1,26,Conflict-aware,rule alignment,0.32824784456693873
1,26,Conflict-aware,total,0.31278753024868633
1,27,Conflict-aware,citation,0.3439417544377229
1,27,Conflict-aware,reasoning,0.3004626257846249
1,27,Conflict-aware,verdict,0.2697561983389403
1,27,Conflict-aware,rule alignment,0.3201868880006541
1,27,Conflict-aware,total,0.30760065352968413
1,28,Conflict-aware,citation,0.3346145032066511
1,28,Conflict-aware,reasoning,0.30107951976653496
1,28,Conflict-aware,verdict,0.2694508758155984
1,28,Conflict-aware,rule alignment,0.3163124195766306
1,28,Conflict-aware,total,0.304602684600849
1,29,Conflict-aware,citation,0.3394689691458056
1,29,Conflict-aware,reasoning,0.3016697702532651
1,29,Conflict-aware,verdict,0.2610731170684297
1,29,Conflict-aware,rule alignment,0.30919826953283963
1,29,Conflict-aware,total,0.3024761065361063
1,30,Conflict-aware,citation,0.326158180992963
1,30,Conflict-aware,reasoning,0.2918150897691468
1,30,Conflict-aware,verdict,0.24540612370687964
1,30,Conflict-aware,rule alignment,0.302568968369695
1,30,Conflict-aware,total,0.2909493967796437
1,31,Conflict-aware,citation,0.32022486930174565
1,31,Conflict-aware,reasoning,0.29144687219151916
1,31,Conflict-aware,verdict,0.2525746611647636
1,31,Conflict-aware,rule alignment,0.30983440514087107
1,31,Conflict-aware,total,0.2926008253022573
1,32,Conflict-aware,citation,0.3272357970909449
1,32,Conflict-aware,reasoning,0.2911306534328839
1,32,Conflict-aware,verdict,0.25312050310794043
1,32,Conflict-aware,rule alignment,0.29351503235387666
1,32,Conflict-aware,total,0.29113127755036183
1,33,Conflict-aware,citation,0.3205774734780181
1,33,Conflict-aware,reasoning,0.2802711901270426
1,33,Conflict-aware,verdict,0.2585572649419487
1,33,Conflict-aware,rule alignment,0.304793865476152
1,33,Conflict-aware,total,0.2898238147383349
1,34,Conflict-aware,citation,0.33218296088937715
1,34,Conflict-aware,reasoning,0.2811581277855803
1,34,Conflict-aware,verdict,0.251641562807137
1,34,Conflict-aware,rule alignment,0.2963671721045171
1,34,Conflict-aware,total,0.28957700368070605
1,35,Conflict-aware,citation,0.31763981591160356
1,35,Conflict-aware,reasoning,0.28960919610512587
1,35,Conflict-aware,verdict,0.25416569772779546
1,35,Conflict-aware,rule alignment,0.28553699108706837
1,35,Conflict-aware,total,0.2869415354588012
1,36,Conflict-aware,citation,0.3125802019794477
1,36,Conflict-aware,reasoning,0.2849137688170365
1,36,Conflict-aware,verdict,0.25229906272031416
1,36,Conflict-aware,rule alignment,0.28840482709532106
1,36,Conflict-aware,total,0.2843749122391156
1,37,Conflict-aware,citation,0.30311905156089897
1,37,Conflict-aware,reasoning,0.26570398119667354
1,37,Conflict-aware,verdict,0.25208788614576777
1,37,Conflict-aware,rule alignment,0.2892706536496794
1,37,Conflict-aware,total,0.27636705951560464
1,38,Conflict-aware,citation,0.3126746224373794
1,38,Conflict-aware,reasoning,0.2711630450507987
1,38,Conflict-aware,verdict,0.24322874411426693
1,38,Conflict-aware,rule alignment,0.27412069946870365
1,38,Conflict-aware,total,0.27514889504689194
1,39,Conflict-aware,citation,0.29580160911399045
1,39,Conflict-aware,reasoning,0.2614011230762236
1,39,Conflict-aware,verdict,0.22990552144340873
1,39,Conflict-aware,rule alignment,0.2884530400512127
1,39,Conflict-aware,total,0.2675377275724594
1,40,Conflict-aware,citation,0.3084294995121926
1,40,Conflict-aware,reasoning,0.2658173475895698
1,40,Conflict-aware,verdict,0.23257403321761758
1,40,Conflict-aware,rule alignment,0.2653997653332153
1,40,Conflict-aware,total,0.26807604052596656
1,41,Conflict-aware,citation,0.31372599512542076
1,41,Conflict-aware,reasoning,0.2712401372029056
1,41,Conflict-aware,verdict,0.2307625190890643
1,41,Conflict-aware,rule alignment,0.27476650005747427
1,41,Conflict-aware,total,0.27244746972598777
1,42,Conflict-aware,citation,0.298184380964238
1,42,Conflict-aware,reasoning,0.2552655782572466
1,42,Conflict-aware,verdict,0.23861315554437337
1,42,Conflict-aware,rule alignment,0.27255591440349974
1,42,Conflict-aware,total,0.26529024048502675
1,43,Conflict-aware,citation,0.31448345835496366
1,43,Conflict-aware,reasoning,0.2612446593923022
1,43,Conflict-aware,verdict,0.2287544241535112
1,43,Conflict-aware,rule alignment,0.2563453478171935
1,43,Conflict-aware,total,0.26545193800824807
1,44,Conflict-aware,citation,0.28901799952586404
1,44,Conflict-aware,reasoning,0.2575943696032535
1,44,Conflict-aware,verdict,0.22201294328117968
1,44,Conflict-aware,rule alignment,0.2669720446815747
1,44,Conflict-aware,total,0.25843045551905197
1,45,Conflict-aware,citation,0.2943357456647596
1,45,Conflict-aware,reasoning,0.2517576225690879
1,45,Conflict-aware,verdict,0.22550908164261374
1,45,Conflict-aware,rule alignment,0.26624300738449547
1,45,Conflict-aware,total,0.2587370950744688
1,46,Conflict-aware,citation,0.2851409276165986
1,46,Conflict-aware,reasoning,0.24430158895308113
1,46,Conflict-aware,verdict,0.22245569971422288
1,46,Conflict-aware,rule alignment,0.27403077343260707
1,46,Conflict-aware,total,0.2549957882051511
1,47,Conflict-aware,citation,0.27890932233060306
1,47,Conflict-aware,reasoning,0.2529021630966749
1,47,Conflict-aware,verdict,0.21938821231720626
1,47,Conflict-aware,rule alignment,0.26407210985732293
1,47,Conflict-aware,total,0.2532594545624194
1,48,Conflict-aware,citation,0.2764281079213767
1,48,Conflict-aware,reasoning,0.25511872143843584
1,48,Conflict-aware,verdict,0.21781165073411782
1,48,Conflict-aware,rule alignment,0.26575799162821
1,48,Conflict-aware,total,0.2532471544210464
1,49,Conflict-aware,citation,0.25764619883526296
1,49,Conflict-aware,reasoning,0.24516284695686136
1,49,Conflict-aware,verdict,0.22425271471261124
1,49,Conflict-aware,rule alignment,0.26976970460609684
1,49,Conflict-aware,total,0.2479775233952463
1,50,Conflict-aware,citation,0.28022648190138766
1,50,Conflict-aware,reasoning,0.24204832922951905
1,50,Conflict-aware,verdict,0.21333182818609733
1,50,Conflict-aware,rule alignment,0.25065000016669264
1,50,Conflict-aware,total,0.24613407632406548
1,51,Conflict-aware,citation,0.26569266982085155
1,51,Conflict-aware,reasoning,0.23511754069250598
1,51,Conflict-aware,verdict,0.20781795722434449
1,51,Conflict-aware,rule alignment,0.2506019555229887
1,51,Conflict-aware,total,0.23903331007364853
1,52,Conflict-aware,citation,0.2643622153254301
1,52,Conflict-aware,reasoning,0.23721784742812657
1,52,Conflict-aware,verdict,0.21806806451327607
1,52,Conflict-aware,rule alignment,0.24375721775148612
1,52,Conflict-aware,total,0.24052436773841174
1,53,Conflict-aware,citation,0.26589929836661974
1,53,Conflict-aware,reasoning,0.24334439351302584
1,53,Conflict-aware,verdict,0.202028307001608
1,53,Conflict-aware,rule alignment,0.23851163988036828
1,53,Conflict-aware,total,0.23768754737203834
1,54,Conflict-aware,citation,0.2633910428954762
1,54,Conflict-aware,reasoning,0.2376795437164773
1,54,Conflict-aware,verdict,0.21173143571393835
1,54,Conflict-aware,rule alignment,0.2446527475598182
1,54,Conflict-aware,total,0.23901503227926046
1,55,Conflict-aware,citation,0.2628478939644174
1,55,Conflict-aware,reasoning,0.2217490763344099
1,55,Conflict-aware,verdict,0.2195127262614728
1,55,Conflict-aware,rule alignment,0.2432678670364421
1,55,Conflict-aware,total,0.23576845136408395
1,56,Conflict-aware,citation,0.2583376174540921
1,56,Conflict-aware,reasoning,0.22139938020000308
1,56,Conflict-aware,verdict,0.21668738810496205
1,56,Conflict-aware,rule alignment,0.23593558845181836
1,56,Conflict-aware,total,0.23236318314012813
1,57,Conflict-aware,citation,0.2600168062839957
1,57,Conflict-aware,reasoning,0.22768473394339903
1,57,Conflict-aware,verdict,0.20881506475006295
1,57,Conflict-aware,rule alignment,0.23564040863246147
1,57,Conflict-aware,total,0.23264146966802665
1,58,Conflict-aware,citation,0.24339694871285278
1,58,Conflict-aware,reasoning,0.21843805815001532
1,58,Conflict-aware,verdict,0.21027622984500113
1,58,Conflict-aware,rule alignment,0.23212877767433338
1,58,Conflict-aware,total,0.22537546761933475
1,59,Conflict-aware,citation,0.25696624115092853
1,59,Conflict-aware,reasoning,0.2281055560726711
1,59,Conflict-aware,verdict,0.20059227711279976
1,59,Conflict-aware,rule alignment,0.23855028796959882
1,59,Conflict-aware,total,0.23053135398165314
1,60,Conflict-aware,citation,0.2508936638273747
1,60,Conflict-aware,reasoning,0.2178792557242294
1,60,Conflict-aware,verdict,0.20284496911269162
1,60,Conflict-aware,rule alignment,0.2351444523985852
1,60,Conflict-aware,total,0.22582732543200246
1,61,Conflict-aware,citation,0.24601673144192948
1,61,Conflict-aware,reasoning,0.22161114294926373
1,61,Conflict-aware,verdict,0.1981232600717268
1,61,Conflict-aware,rule alignment,0.22819923517828808
1,61,Conflict-aware,total,0.2231581877988508
1,62,Conflict-aware,citation,0.24208173298737953
1,62,Conflict-aware,reasoning,0.21637189630539605
1,62,Conflict-aware,verdict,0.1947443967829296
1,62,Conflict-aware,rule alignment,0.2242408419594211
1,62,Conflict-aware,total,0.2189662697260803
1,63,Conflict-aware,citation,0.24265410279081132
1,63,Conflict-aware,reasoning,0.20681334624877715
1,63,Conflict-aware,verdict,0.19556078969738033
1,63,Conflict-aware,rule alignment,0.23738620884748926
1,63,Conflict-aware,total,0.2190749687661789
1,64,Conflict-aware,citation,0.24297204305239858
1,64,Conflict-aware,reasoning,0.20782959693702976
1,64,Conflict-aware,verdict,0.18854986569054885
1,64,Conflict-aware,rule alignment,0.23524842537772464
1,64,Conflict-aware,total,0.21727904134239073
1,65,Conflict-aware,citation,0.22557476779486058
1,65,Conflict-aware,reasoning,0.21548353069303613
1,65,Conflict-aware,verdict,0.19571970634116118
1,65,Conflict-aware,rule alignment,0.21668894520705997
1,65,Conflict-aware,total,0.21330646678332826
1,66,Conflict-aware,citation,0.22676549847851407
1,66,Conflict-aware,reasoning,0.21244924182132682
1,66,Conflict-aware,verdict,0.18499339562004585
1,66,Conflict-aware,rule alignment,0.21071633123505085
1,66,Conflict-aware,total,0.2088177623180482
1,67,Conflict-aware,citation,0.2227313306340103
1,67,Conflict-aware,reasoning,0.19722973483894263
1,67,Conflict-aware,verdict,0.18678464030133576
1,67,Conflict-aware,rule alignment,0.22290166970190514
1,67,Conflict-aware,total,0.20612824712590033
1,68,Conflict-aware,citation,0.22850267486124815
1,68,Conflict-aware,reasoning,0.21385648649453096
1,68,Conflict-aware,verdict,0.19173830110989
1,68,Conflict-aware,rule alignment,0.20948596467700317
1,68,Conflict-aware,total,0.21111438287654447
1,69,Conflict-aware,citation,0.22265718151099406
1,69,Conflict-aware,reasoning,0.19951046765191446
1,69,Conflict-aware,verdict,0.189215000988955
1,69,Conflict-aware,rule alignment,0.1993697087764209
1,69,Conflict-aware,total,0.2026951276758458
1,70,Conflict-aware,citation,0.23302670699968123
1,70,Conflict-aware,reasoning,0.21301121138421691
1,70,Conflict-aware,verdict,0.18537401247664623
1,70,Conflict-aware,rule alignment,0.21808009922535765
1,70,Conflict-aware,total,0.2121195631294185
1,71,Conflict-aware,citation,0.2238300306501573
1,71,Conflict-aware,reasoning,0.19381369160089937
1,71,Conflict-aware,verdict,0.18014971713716446
1,71,Conflict-aware,rule alignment,0.2080094618607219
1,71,Conflict-aware,total,0.20074093679924462
1,72,Conflict-aware,citation,0.22167375965403469
1,72,Conflict-aware,reasoning,0.20209818255546197
1,72,Conflict-aware,verdict,0.17997929791560668
1,72,Conflict-aware,rule alignment,0.2098399587306486
1,72,Conflict-aware,total,0.20301071090517867
1,73,Conflict-aware,citation,0.22776372639008166
1,73,Conflict-aware,reasoning,0.18727641696233366
1,73,Conflict-aware,verdict,0.1712998499178194
1,73,Conflict-aware,rule alignment,0.20966995561286836
1,73,Conflict-aware,total,0.19788281028824906
1,74,Conflict-aware,citation,0.2094157695691222
1,74,Conflict-aware,reasoning,0.21323560671585176
1,74,Conflict-aware,verdict,0.18716842507320317
1,74,Conflict-aware,rule alignment,0.20636576729090048
1,74,Conflict-aware,total,0.204389884133517
1,75,Conflict-aware,citation,0.21142898787118694
1,75,Conflict-aware,reasoning,0.20895121340166867
1,75,Conflict-aware,verdict,0.1658471051751173
1,75,Conflict-aware,rule alignment,0.1988303270039469
1,75,Conflict-aware,total,0.19677045268286605
1,76,Conflict-aware,citation,0.2044715885452435
1,76,Conflict-aware,reasoning,0.18695096850382065
1,76,Conflict-aware,verdict,0.18012662542581612
1,76,Conflict-aware,rule alignment,0.20170304258461133
1,76,Conflict-aware,total,0.19257545256083336
1,77,Conflict-aware,citation,0.2179105072069358
1,77,Conflict-aware,reasoning,0.19996938433438569
1,77,Conflict-aware,verdict,0.17845162637937906
1,77,Conflict-aware,rule alignment,0.20210626367330273
1,77,Conflict-aware,total,0.19950260143155496
1,78,Conflict-aware,citation,0.21190350351311962
1,78,Conflict-aware,reasoning,0.1910603964900239
1,78,Conflict-aware,verdict,0.18348378515926111
1,78,Conflict-aware,rule alignment,0.20684591401908017
1,78,Conflict-aware,total,0.1975341239189184
1,79,Conflict-aware,citation,0.2154666993957439
1,79,Conflict-aware,reasoning,0.18251661550680257
1,79,Conflict-aware,verdict,0.16802931884529743
1,79,Conflict-aware,rule alignment,0.20397119284606924
1,79,Conflict-aware,total,0.19142322778151497
1,80,Conflict-aware,citation,0.19592040126269752
1,80,Conflict-aware,reasoning,0.1962009080245785
1,80,Conflict-aware,verdict,0.16657038697107612
1,80,Conflict-aware,rule alignment,0.19349008821741298
1,80,Conflict-aware,total,0.18818098710929956
1,81,Conflict-aware,citation,0.19938750487136572
1,81,Conflict-aware,reasoning,0.17967867901808188
1,81,Conflict-aware,verdict,0.18070395233176442
1,81,Conflict-aware,rule alignment,0.20495866556525918
1,81,Conflict-aware,total,0.18991820111925894
1,82,Conflict-aware,citation,0.21037146200860227
1,82,Conflict-aware,reasoning,0.20312996970588
1,82,Conflict-aware,verdict,0.16484139317352253
1,82,Conflict-aware,rule alignment,0.1968812467367123
1,82,Conflict-aware,total,0.19411845405463765
1,83,Conflict-aware,citation,0.19336920205256244
1,83,Conflict-aware,reasoning,0.18885616648922646
1,83,Conflict-aware,verdict,0.1665266093502272
1,83,Conflict-aware,rule alignment,0.1967148651065628
1,83,Conflict-aware,total,0.18597377581877791
1,84,Conflict-aware,citation,0.2015769860445526
1,84,Conflict-aware,reasoning,0.19243197755370242
1,84,Conflict-aware,verdict,0.17846101087229424
1,84,Conflict-aware,rule alignment,0.19521360576424573
1,84,Conflict-aware,total,0.1917818136481716
1,85,Conflict-aware,citation,0.20549985867199258
1,85,Conflict-aware,reasoning,0.17749502357910882
1,85,Conflict-aware,verdict,0.1689003631607627
1,85,Conflict-aware,rule alignment,0.2007030492267439
1,85,Conflict-aware,total,0.18698917237727025
1,86,Conflict-aware,citation,0.2055132844995398
1,86,Conflict-aware,reasoning,0.1718130481676566
1,86,Conflict-aware,verdict,0.15690087501311195
1,86,Conflict-aware,rule alignment,0.19102587334018128
1,86,Conflict-aware,total,0.18035262899649618
1,87,Conflict-aware,citation,0.2028859566226448
1,87,Conflict-aware,reasoning,0.17214259520675443
1,87,Conflict-aware,verdict,0.162302385265583
1,87,Conflict-aware,rule alignment,0.1838671658541471
1,87,Conflict-aware,total,0.1797132972049127
1,88,Conflict-aware,citation,0.20089368733898907
1,88,Conflict-aware,reasoning,0.17961555344948382
1,88,Conflict-aware,verdict,0.16070812500229686
1,88,Conflict-aware,rule alignment,0.1830083943775172
1,88,Conflict-aware,total,0.18088679799567006
1,89,Conflict-aware,citation,0.19755248948492884
1,89,Conflict-aware,reasoning,0.18491830398072973
1,89,Conflict-aware,verdict,0.15589341464076187
1,89,Conflict-aware,rule alignment,0.18457371424160637
1,89,Conflict-aware,total,0.18075171007396287
1,90,Conflict-aware,citation,0.20071202005884226
1,90,Conflict-aware,reasoning,0.18220861758879028
1,90,Conflict-aware,verdict,0.1682995590015823
1,90,Conflict-aware,rule alignment,0.188806053202042
1,90,Conflict-aware,total,0.18467669068215165
1,91,Conflict-aware,citation,0.1885670071560276
1,91,Conflict-aware,reasoning,0.17523582768394041
1,91,Conflict-aware,verdict,0.16434988002361348
1,91,Conflict-aware,rule alignment,0.1852280121033798
1,91,Conflict-aware,total,0.17784557252076838
1,92,Conflict-aware,citation,0.19398927767428784
1,92,Conflict-aware,reasoning,0.17422080947070095
1,92,Conflict-aware,verdict,0.1602684363019908
1,92,Conflict-aware,rule alignment,0.171758388372907
1,92,Conflict-aware,total,0.17518234900986135
1,93,Conflict-aware,citation,0.1892286947298651
1,93,Conflict-aware,reasoning,0.1681061770220702
1,93,Conflict-aware,verdict,0.16485596332681077
1,93,Conflict-aware,rule alignment,0.19265304782892856
1,93,Conflict-aware,total,0.17748362718657573
1,94,Conflict-aware,citation,0.19077529499265214
1,94,Conflict-aware,reasoning,0.17561722645497155
1,94,Conflict-aware,verdict,0.16077541366826623
1,94,Conflict-aware,rule alignment,0.1854957803728511
1,94,Conflict-aware,total,0.17767200117629128
1,95,Conflict-aware,citation,0.1776962926327131
1,95,Conflict-aware,reasoning,0.1717148524737901
1,95,Conflict-aware,verdict,0.15863414707665346
1,95,Conflict-aware,rule alignment,0.16993936135872914
1,95,Conflict-aware,total,0.16958493794122448
1,96,Conflict-aware,citation,0.19175848224930583
1,96,Conflict-aware,reasoning,0.17202909435655572
1,96,Conflict-aware,verdict,0.15977258626216065
1,96,Conflict-aware,rule alignment,0.1760177819493715
1,96,Conflict-aware,total,0.17469505182470763
1,97,Conflict-aware,citation,0.2037299686418744
1,97,Conflict-aware,reasoning,0.16411722373416565
1,97,Conflict-aware,verdict,0.16321716376133444
1,97,Conflict-aware,rule alignment,0.16771432029038022
1,97,Conflict-aware,total,0.17451481427912796
1,98,Conflict-aware,citation,0.18672122769264907
1,98,Conflict-aware,reasoning,0.17439805119259616
1,98,Conflict-aware,verdict,0.16143142717604367
1,98,Conflict-aware,rule alignment,0.1806184976637662
1,98,Conflict-aware,total,0.17548127860770527
1,99,Conflict-aware,citation,0.1860861253536656
1,99,Conflict-aware,reasoning,0.1789922954631058
1,99,Conflict-aware,verdict,0.16252050380240554
1,99,Conflict-aware,rule alignment,0.1957972538749896
1,99,Conflict-aware,total,0.18000879670294745
1,100,Conflict-aware,citation,0.1831184494017183
1,100,Conflict-aware,reasoning,0.16988100888281546
1,100,Conflict-aware,verdict,0.1542457023144211
1,100,Conflict-aware,rule alignment,0.1663895839365047
1,100,Conflict-aware,total,0.16858325738118043
1,1,Full framework,citation,0.40227956034199563
1,1,Full framework,reasoning,0.35039004772904625
1,1,Full framework,verdict,0.3057121220212402
1,1,Full framework,rule alignment,0.374789015428547
1,1,Full framework,total,0.3570727379952322
1,2,Full framework,citation,0.3996956884850702
1,2,Full framework,reasoning,0.3538881347386822
1,2,Full framework,verdict,0.2927439427113367
1,2,Full framework,rule alignment,0.36710124640068353
1,2,Full framework,total,0.35269659750084315
1,3,Full framework,citation,0.39986480313081113
1,3,Full framework,reasoning,0.3350145928210777
1,3,Full framework,verdict,0.30869930776656596
1,3,Full framework,rule alignment,0.35412276277605476
1,3,Full framework,total,0.34846995812587855
1,4,Full framework,citation,0.3907158422329243
1,4,Full framework,reasoning,0.3356154322628714
1,4,Full framework,verdict,0.2998295852764001
1,4,Full framework,rule alignment,0.3601588536856859
1,4,Full framework,total,0.3453527572933297
1,5,Full framework,citation,0.3907481190439513
1,5,Full framework,reasoning,0.3511685446226091
1,5,Full framework,verdict,0.2958243850605316
1,5,Full framework,rule alignment,0.35735950324807214
1,5,Full framework,total,0.34846559006251787
1,6,Full framework,citation,0.3924474707811082
1,6,Full framework,reasoning,0.34056147090792993
1,6,Full framework,verdict,0.288137949571578
1,6,Full framework,rule alignment,0.3518452240264294
1,6,Full framework,total,0.34268384116583644
1,7,Full framework,citation,0.3759681141973801
1,7,Full framework,reasoning,0.3297271880726943
1,7,Full framework,verdict,0.2909112948241531
1,7,Full framework,rule alignment,0.35291645404919364
1,7,Full framework,total,0.3362212994870303
1,8,Full framework,citation,0.38256201918768745
1,8,Full framework,reasoning,0.32436353966315684
1,8,Full framework,verdict,0.2898059326769235
1,8,Full framework,rule alignment,0.3460438298391237
1,8,Full framework,total,0.3346098158329245
1,9,Full framework,citation,0.3777545213994173
1,9,Full framework,reasoning,0.3263317633792998
1,9,Full framework,verdict,0.2791232670672054
1,9,Full framework,rule alignment,0.32332879603387193
1,9,Full framework,total,0.32678473533721997
1,10,Full framework,citation,0.35058201516320414
1,10,Full framework,reasoning,0.3237862934020065
1,10,Full framework,verdict,0.2814708076883911
1,10,Full framework,rule alignment,0.32652611286324024
1,10,Full framework,total,0.3204543163061488
1,11,Full framework,citation,0.37482617692608555
1,11,Full framework,reasoning,0.31064276326303314
1,11,Full framework,verdict,0.29392383744437856
1,11,Full framework,rule alignment,0.33762528567263655
1,11,Full framework,total,0.32790538970605326
1,12,Full framework,citation,0.3448359624141069
1,12,Full framework,reasoning,0.31500919075201783
1,12,Full framework,verdict,0.2580298868105853
1,12,Full framework,rule alignment,0.3266391742332569
1,12,Full framework,total,0.3105470543784298
1,13,Full framework,citation,0.3502422741936698
1,13,Full framework,reasoning,0.31472327272924977
1,13,Full framework,verdict,0.2717169181370459
1,13,Full framework,rule alignment,0.3249169426443805
1,13,Full framework,total,0.31489016843032996
1,14,Full framework,citation,0.3522631590802451
1,14,Full framework,reasoning,0.3022395437722709
1,14,Full framework,verdict,0.26910490864290104
1,14,Full framework,rule alignment,0.3197330758718694
1,14,Full framework,total,0.30996049523684166
1,15,Full framework,citation,0.36004692265671373
1,15,Full framework,reasoning,0.29403034459762445
1,15,Full framework,verdict,0.2621856304318277
1,15,Full framework,rule alignment,0.31672575141737264
1,15,Full framework,total,0.30711239193489726
1,16,Full framework,citation,0.3552031891760648
1,16,Full framework,reasoning,0.30133219456984883
1,16,Full framework,verdict,0.2721841834216934
1,16,Full framework,rule alignment,0.3027016178837585
1,16,Full framework,total,0.3077868250971459
1,17,Full framework,citation,0.3469925613767753
1,17,Full framework,reasoning,0.30200765838081495
1,17,Full framework,verdict,0.266851642231571
1,17,Full framework,rule alignment,0.3079905718389292
1,17,Full framework,total,0.3056614627841169
1,18,Full framework,citation,0.3398011729561466
1,18,Full framework,reasoning,0.29405835648184286
1,18,Full framework,verdict,0.2747938563963843
1,18,Full framework,rule alignment,0.31216468548395965
1,18,Full framework,total,0.3042992013794775
1,19,Full framework,citation,0.3352567531964957
1,19,Full framework,reasoning,0.2944468474747762
1,19,Full framework,verdict,0.23512075085110928
1,19,Full framework,rule alignment,0.2898836055163209
1,19,Full framework,total,0.2889051513575983
1,20,Full framework,citation,0.3254106547508626
1,20,Full framework,reasoning,0.27029650062478355
1,20,Full framework,verdict,0.2624359424528786
1,20,Full framework,rule alignment,0.3092981990165448
1,20,Full framework,total,0.28991023929167936
1,21,Full framework,citation,0.33462274168997025
1,21,Full framework,reasoning,0.2746669157081071
1,21,Full framework,verdict,0.24546579680485175
1,21,Full framework,rule alignment,0.3037640597790884
1,21,Full framework,total,0.28817502129195527
1,22,Full framework,citation,0.3314841584100314
1,22,Full framework,reasoning,0.2922205120193635
1,22,Full framework,verdict,0.24864724738541177
1,22,Full framework,rule alignment,0.29687976134367466
1,22,Full framework,total,0.29207495732340477
1,23,Full framework,citation,0.3154779418329282
1,23,Full framework,reasoning,0.27841790640198294
1,23,Full framework,verdict,0.24864134844782892
1,23,Full framework,rule alignment,0.30338418008487655
1,23,Full framework,total,0.28523203050775947
1,24,Full framework,citation,0.3152107387406768
1,24,Full framework,reasoning,0.2837619639880876
1,24,Full framework,verdict,0.2443447285818132
1,24,Full framework,rule alignment,0.28690376914184396
1,24,Full framework,total,0.2823982098554176
1,25,Full framework,citation,0.3116316542603771
1,25,Full framework,reasoning,0.27139149278412783
1,25,Full framework,verdict,0.2508876582011457
1,25,Full framework,rule alignment,0.2844197864145118
1,25,Full framework,total,0.27893123323352137
1,26,Full framework,citation,0.30615064269331527
1,26,Full framework,reasoning,0.2788764885155445
1,26,Full framework,verdict,0.2423359389964466
1,26,Full framework,rule alignment,0.28670750485146995
1,26,Full framework,total,0.2781260929473978
1,27,Full framework,citation,0.31401180769492876
1,27,Full framework,reasoning,0.27370393150502137
1,27,Full framework,verdict,0.24358456696315606
1,27,Full framework,rule alignment,0.2866526607123997
1,27,Full framework,total,0.2788408052585076
1,28,Full framework,citation,0.3148957875465097
1,28,Full framework,reasoning,0.27846298845041173
1,28,Full framework,verdict,0.236040210434197
1,28,Full framework,rule alignment,0.26910964155059225
1,28,Full framework,total,0.27509482434041865
1,29,Full framework,citation,0.3150754891341787
1,29,Full framework,reasoning,0.2610635082000287
1,29,Full framework,verdict,0.2310874760166698
1,29,Full framework,rule alignment,0.27979075986970053
1,29,Full framework,total,0.27081794572166085
1,30,Full framework,citation,0.3069251328739841
1,30,Full framework,reasoning,0.25577682615235614
1,30,Full framework,verdict,0.2339914656198461
1,30,Full framework,rule alignment,0.2665704537985098
1,30,Full framework,total,0.26527628822886634
1,31,Full framework,citation,0.3004335909080494
1,31,Full framework,reasoning,0.2625026463953582
1,31,Full framework,verdict,0.2292054256497648
1,31,Full framework,rule alignment,0.280228342010348
1,31,Full framework,total,0.2672062164601306
1,32,Full framework,citation,0.2922515325756192
1,32,Full framework,reasoning,0.26470062633737884
1,32,Full framework,verdict,0.23626847270781498
1,32,Full framework,rule alignment,0.2716027024354168
1,32,Full framework,total,0.26586072970915553
1,33,Full framework,citation,0.28961530958007237
1,33,Full framework,reasoning,0.25223045515563997
1,33,Full framework,verdict,0.22430098950794344
1,33,Full framework,rule alignment,0.27426513578243383
1,33,Full framework,total,0.2590012384751827
1,34,Full framework,citation,0.2832596691965482
1,34,Full framework,reasoning,0.24479690701437887
1,34,Full framework,verdict,0.22594276931280502
1,34,Full framework,rule alignment,0.2519735770159383
1,34,Full framework,total,0.25113439713483965
1,35,Full framework,citation,0.28807711572881367
1,35,Full framework,reasoning,0.24392626986419438
1,35,Full framework,verdict,0.2231095850041429
1,35,Full framework,rule alignment,0.2671403311211971
1,35,Full framework,total,0.2544026223667369
1,36,Full framework,citation,0.2776320406948712
1,36,Full framework,reasoning,0.2384996868055198
1,36,Full framework,verdict,0.22470763008993558
1,36,Full framework,rule alignment,0.24820208013542444
1,36,Full framework,total,0.2467752397649425
1,37,Full framework,citation,0.27991323263614354
1,37,Full framework,reasoning,0.2464017817180447
1,37,Full framework,verdict,0.2179029864198898
1,37,Full framework,rule alignment,0.26651024988399774
1,37,Full framework,total,0.2516766392562213
1,38,Full framework,citation,0.27693007862764557
1,38,Full framework,reasoning,0.23838670126943512
1,38,Full framework,verdict,0.21598767842531694
1,38,Full framework,rule alignment,0.258240177712807
1,38,Full framework,total,0.24639348518663257
1,39,Full framework,citation,0.27169481326712003
1,39,Full framework,reasoning,0.2400781869152989
1,39,Full framework,verdict,0.2129180144765944
1,39,Full framework,rule alignment,0.2510116857144094
1,39,Full framework,total,0.24337900015340017
1,40,Full framework,citation,0.2766480233250258
1,40,Full framework,reasoning,0.2487911726965246
1,40,Full framework,verdict,0.2245085572061008
1,40,Full framework,rule alignment,0.25036694212514193
1,40,Full framework,total,0.24999988536676743
1,41,Full framework,citation,0.2712536671850156
1,41,Full framework,reasoning,0.22894273588609373
1,41,Full framework,verdict,0.21523504234816027
1,41,Full framework,rule alignment,0.25025528832345006
1,41,Full framework,total,0.2403560558138121
1,42,Full framework,citation,0.258105447645605
1,42,Full framework,reasoning,0.23628620121736607
1,42,Full framework,verdict,0.21510049901093328
1,42,Full framework,rule alignment,0.24975833297541747
1,42,Full framework,total,0.23913901362442788
1,43,Full framework,citation,0.2576774774093947
1,43,Full framework,reasoning,0.23340215098906478
1,43,Full framework,verdict,0.2196238435947235
1,43,Full framework,rule alignment,0.23932695022043865
1,43,Full framework,total,0.23721136559183673
1,44,Full framework,citation,0.26022027546993054
1,44,Full framework,reasoning,0.2389389127635925
1,44,Full framework,verdict,0.19495939745706342
1,44,Full framework,rule alignment,0.24504433401376333
1,44,Full framework,total,0.2344854588635789
1,45,Full framework,citation,0.25497022769970284
1,45,Full framework,reasoning,0.23031996919288364
1,45,Full framework,verdict,0.20590851973876184
1,45,Full framework,rule alignment,0.23376837462125366
1,45,Full framework,total,0.23106935254173197
1,46,Full framework,citation,0.2575412371567437
1,46,Full framework,reasoning,0.246171459061947
1,46,Full framework,verdict,0.19817908352077476
1,46,Full framework,rule alignment,0.23759768473540416
1,46,Full framework,total,0.23530105483504454
1,47,Full framework,citation,0.2609279348799953
1,47,Full framework,reasoning,0.22047599494905928
1,47,Full framework,verdict,0.20128696141134572
1,47,Full framework,rule alignment,0.23192820891175658
1,47,Full framework,total,0.22808216433990436
1,48,Full framework,citation,0.24694148246528086
1,48,Full framework,reasoning,0.21478682611149935
1,48,Full framework,verdict,0.20613126000777282
1,48,Full framework,rule alignment,0.2378942313550367
1,48,Full framework,total,0.22528307972272058
1,49,Full framework,citation,0.25005910170370577
1,49,Full framework,reasoning,0.218518701789498
1,49,Full framework,verdict,0.210694527864048
1,49,Full framework,rule alignment,0.23872632312667583
1,49,Full framework,total,0.22848928255412299
1,50,Full framework,citation,0.25267398432879196
1,50,Full framework,reasoning,0.22421946517420818
1,50,Full framework,verdict,0.21074233097040562
1,50,Full framework,rule alignment,0.22117044265368485
1,50,Full framework,total,0.22735400690779883
1,51,Full framework,citation,0.24848530101719618
1,51,Full framework,reasoning,0.21613477397607897
1,51,Full framework,verdict,0.20679180581149784
1,51,Full framework,rule alignment,0.21351830587774293
1,51,Full framework,total,0.22136337007554577
1,52,Full framework,citation,0.24666767417313984
1,52,Full framework,reasoning,0.21825994354704956
1,52,Full framework,verdict,0.20492571044077992
1,52,Full framework,rule alignment,0.22830579643163795
1,52,Full framework,total,0.2240374885039224
1,53,Full framework,citation,0.2387313091496138
1,53,Full framework,reasoning,0.21570642455248643
1,53,Full framework,verdict,0.19241137894552154
1,53,Full framework,rule alignment,0.23022054402133382
1,53,Full framework,total,0.2185417081937965
1,54,Full framework,citation,0.24386532200349897
1,54,Full framework,reasoning,0.2051407931317053
1,54,Full framework,verdict,0.1803578509133741
1,54,Full framework,rule alignment,0.22520224748396853
1,54,Full framework,total,0.21263848066552354
1,55,Full framework,citation,0.23867622253638535
1,55,Full framework,reasoning,0.200057249010315
1,55,Full framework,verdict,0.18506219608526184
1,55,Full framework,rule alignment,0.21311369305165231
1,55,Full framework,total,0.20857451796883678
1,56,Full framework,citation,0.22869534537719174
1,56,Full framework,reasoning,0.21536730477114738
1,56,Full framework,verdict,0.19206526571590135
1,56,Full framework,rule alignment,0.21021484901205573
1,56,Full framework,total,0.21184331400702863
1,57,Full framework,citation,0.23018606290395663
1,57,Full framework,reasoning,0.20615532958137647
1,57,Full framework,verdict,0.19220132111396918
1,57,Full framework,rule alignment,0.21055738043111172
1,57,Full framework,total,0.20955492096511674
1,58,Full framework,citation,0.23886129614619314
1,58,Full framework,reasoning,0.21277769305497407
1,58,Full framework,verdict,0.18928358169590492
1,58,Full framework,rule alignment,0.22838138273704
1,58,Full framework,total,0.2165458039244247
1,59,Full framework,citation,0.24103682442800128
1,59,Full framework,reasoning,0.20771678071185537
1,59,Full framework,verdict,0.1927385282799175
1,59,Full framework,rule alignment,0.20750649797490134
1,59,Full framework,total,0.21226017198551658
1,60,Full framework,citation,0.21454216470283877
1,60,Full framework,reasoning,0.20004521322103
1,60,Full framework,verdict,0.19941699850670694
1,60,Full framework,rule alignment,0.20435541157473436
1,60,Full framework,total,0.2043744370836423
1,61,Full framework,citation,0.22013310562121363
1,61,Full framework,reasoning,0.20180488257557308
1,61,Full framework,verdict,0.18387201482859455
1,61,Full framework,rule alignment,0.20915899747477537
1,61,Full framework,total,0.20337454438007907
1,62,Full framework,citation,0.22963995055722755
1,62,Full framework,reasoning,0.1971237137868863
1,62,Full framework,verdict,0.17653005669685512
1,62,Full framework,rule alignment,0.20501067219050698
1,62,Full framework,total,0.20168175038768799
1,63,Full framework,citation,0.22547412452681234
1,63,Full framework,reasoning,0.19852980718962226
1,63,Full framework,verdict,0.1842361018760288
1,63,Full framework,rule alignment,0.20574567443906996
1,63,Full framework,total,0.20313563364541096
1,64,Full framework,citation,0.22606546263055372
1,64,Full framework,reasoning,0.19885169910861758
1,64,Full framework,verdict,0.18496914461745556
1,64,Full framework,rule alignment,0.21230497630894324
1,64,Full framework,total,0.20487515680637625
1,65,Full framework,citation,0.21489946023749543
1,65,Full framework,reasoning,0.19983646280124667
1,65,Full framework,verdict,0.17622503249719995
1,65,Full framework,rule alignment,0.19584057737293337
1,65,Full framework,total,0.1969001774986345
1,66,Full framework,citation,0.2130122525641323
1,66,Full framework,reasoning,0.1930627517795656
1,66,Full framework,verdict,0.1673120239716169
1,66,Full framework,rule alignment,0.19092737824292397
1,66,Full framework,total,0.19118537031639177
1,67,Full framework,citation,0.2229789068681039
1,67,Full framework,reasoning,0.18938334890861838
1,67,Full framework,verdict,0.17624973897828633
1,67,Full framework,rule alignment,0.19240245718034096
1,67,Full framework,total,0.19510265757025125
1,68,Full framework,citation,0.2093348855551563
1,68,Full framework,reasoning,0.1958152894704457
1,68,Full framework,verdict,0.16468028339160923
1,68,Full framework,rule alignment,0.1897722846406289
1,68,Full framework,total,0.1902028360059509
1,69,Full framework,citation,0.20582868482064368
1,69,Full framework,reasoning,0.1985342429017043
1,69,Full framework,verdict,0.17077776631537922
1,69,Full framework,rule alignment,0.20568668268132728
1,69,Full framework,total,0.1948492221907825
1,70,Full framework,citation,0.20885819263222935
1,70,Full framework,reasoning,0.1855624902480252
1,70,Full framework,verdict,0.174262810717977
1,70,Full framework,rule alignment,0.1949652563980937
1,70,Full framework,total,0.1904420491915779
1,71,Full framework,citation,0.19848921473377673
1,71,Full framework,reasoning,0.18670877668162708
1,71,Full framework,verdict,0.1838343779398919
1,71,Full framework,rule alignment,0.19231437605199797
1,71,Full framework,total,0.19005640638330487
1,72,Full framework,citation,0.2067587500108462
1,72,Full framework,reasoning,0.19442835698200728
1,72,Full framework,verdict,0.16316276684818412
1,72,Full framework,rule alignment,0.1910748284341929
1,72,Full framework,total,0.18902385199619834
1,73,Full framework,citation,0.1987600899209352
1,73,Full framework,reasoning,0.19544883039899708
1,73,Full framework,verdict,0.1714538365472113
1,73,Full framework,rule alignment,0.18441998749267785
1,73,Full framework,total,0.18807212823527134
1,74,Full framework,citation,0.20774577528026936
1,74,Full framework,reasoning,0.17555605865780896
1,74,Full framework,verdict,0.17566202454033128
1,74,Full framework,rule alignment,0.19803914428511935
1,74,Full framework,total,0.18812659640951673
1,75,Full framework,citation,0.19826303275162727
1,75,Full framework,reasoning,0.19033230944609833
1,75,Full framework,verdict,0.17430629253380298
1,75,Full framework,rule alignment,0.18798645907574793
1,75,Full framework,total,0.18783931597033665
1,76,Full framework,citation,0.19956147002046912
1,76,Full framework,reasoning,0.17054633495843438
1,76,Full framework,verdict,0.17150420465992836
1,76,Full framework,rule alignment,0.17674755843635315
1,76,Full framework,total,0.17927983084490032
1,77,Full framework,citation,0.2047032236590616
1,77,Full framework,reasoning,0.18010953818737427
1,77,Full framework,verdict,0.162244412258232
1,77,Full framework,rule alignment,0.1740834527815061
1,77,Full framework,total,0.1805864609918369
1,78,Full framework,citation,0.19481621972045668
1,78,Full framework,reasoning,0.1807088135922578
1,78,Full framework,verdict,0.16373656438061152
1,78,Full framework,rule alignment,0.191352668105138
1,78,Full framework,total,0.182121373723972
1,79,Full framework,citation,0.18605858008402643
1,79,Full framework,reasoning,0.18936171450948314
1,79,Full framework,verdict,0.1649011193242984
1,79,Full framework,rule alignment,0.184467629172722
1,79,Full framework,total,0.18144196503947058
1,80,Full framework,citation,0.1887314471657816
1,80,Full framework,reasoning,0.18630155322886627
1,80,Full framework,verdict,0.16719615192709106
1,80,Full framework,rule alignment,0.17829089030794742
1,80,Full framework,total,0.18053054380346753
1,81,Full framework,citation,0.18811597012214692
1,81,Full framework,reasoning,0.17951602315942558
1,81,Full framework,verdict,0.16517361566358882
1,81,Full framework,rule alignment,0.17275261897746197
1,81,Full framework,total,0.176727727189754
1,82,Full framework,citation,0.1840528194854907
1,82,Full framework,reasoning,0.1700860321316071
1,82,Full framework,verdict,0.16851312291180184
1,82,Full framework,rule alignment,0.17907393044531728
1,82,Full framework,total,0.17498208132786874
1,83,Full framework,citation,0.1915902376145737
1,83,Full framework,reasoning,0.18481608148276601
1,83,Full framework,verdict,0.1529921865216144
1,83,Full framework,rule alignment,0.17157332243340367
1,83,Full framework,total,0.17590509496555756
1,84,Full framework,citation,0.17488342752913086
1,84,Full framework,reasoning,0.16333838034785383
1,84,Full framework,verdict,0.15955546545519228
1,84,Full framework,rule alignment,0.176511063915231
1,84,Full framework,total,0.16791345013348316
1,85,Full framework,citation,0.1852141663159241
1,85,Full framework,reasoning,0.18418701637680301
1,85,Full framework,verdict,0.1634538350216425
1,85,Full framework,rule alignment,0.1740791209705174
1,85,Full framework,total,0.17723892944153605
1,86,Full framework,citation,0.18505127704219035
1,86,Full framework,reasoning,0.17068365451234496
1,86,Full framework,verdict,0.1682295874855147
1,86,Full framework,rule alignment,0.16658403800718488
1,86,Full framework,total,0.17284212008706676
1,87,Full framework,citation,0.19139278608867244
1,87,Full framework,reasoning,0.170725622827015
1,87,Full framework,verdict,0.15014036132060257
1,87,Full framework,rule alignment,0.17760614497317223
1,87,Full framework,total,0.1721222026950577
1,88,Full framework,citation,0.1895625374048913
1,88,Full framework,reasoning,0.18280565810640395
1,88,Full framework,verdict,0.152604581817397
1,88,Full framework,rule alignment,0.16893586903174365
1,88,Full framework,total,0.174170651043842
1,89,Full framework,citation,0.18696534797856174
1,89,Full framework,reasoning,0.16058273038466414
1,89,Full framework,verdict,0.14935466928718477
1,89,Full framework,rule alignment,0.17084261195834463
1,89,Full framework,total,0.1664233458235048
1,90,Full framework,citation,0.17398281308260558
1,90,Full framework,reasoning,0.1602531901351871
1,90,Full framework,verdict,0.16321731057173913
1,90,Full framework,rule alignment,0.16413508918124808
1,90,Full framework,total,0.16520300579039193
1,91,Full framework,citation,0.17719209837803412
1,91,Full framework,reasoning,0.167161690547646
1,91,Full framework,verdict,0.16062103787836876
1,91,Full framework,rule alignment,0.1677411316595206
1,91,Full framework,total,0.16815001756029865
1,92,Full framework,citation,0.17468786361983532
1,92,Full framework,reasoning,0.16601940961922765
1,92,Full framework,verdict,0.13911658795507534
1,92,Full framework,rule alignment,0.15930203658112918
1,92,Full framework,total,0.1601173430957218
1,93,Full framework,citation,0.17066674719678807
1,93,Full framework,reasoning,0.16400628701434636
1,93,Full framework,verdict,0.15837628542418009
1,93,Full framework,rule alignment,0.16939909067210823
1,93,Full framework,total,0.1653424623939676
1,94,Full framework,citation,0.1844397028599387
1,94,Full framework,reasoning,0.15177839138941243
1,94,Full framework,verdict,0.1556413183342218
1,94,Full framework,rule alignment,0.15898609548716003
1,94,Full framework,total,0.16235099181279583
1,95,Full framework,citation,0.17060223310025627
1,95,Full framework,reasoning,0.16663498021771306
1,95,Full framework,verdict,0.14377658633963283
1,95,Full framework,rule alignment,0.15922682680443093
1,95,Full framework,total,0.1604305642861724
1,96,Full framework,citation,0.16262633906083565
1,96,Full framework,reasoning,0.15668899067513423
1,96,Full framework,verdict,0.1349440834792998
1,96,Full framework,rule alignment,0.16266639962971133
1,96,Full framework,total,0.1539325827635164
1,97,Full framework,citation,0.1801772688837767
1,97,Full framework,reasoning,0.15503294556866143
1,97,Full framework,verdict,0.13451633893151113
1,97,Full framework,rule alignment,0.15759069064062908
1,97,Full framework,total,0.1567014237525462
1,98,Full framework,citation,0.1695106618620969
1,98,Full framework,reasoning,0.15959402697264308
1,98,Full framework,verdict,0.132689613703462
1,98,Full framework,rule alignment,0.1474623700795358
1,98,Full framework,total,0.1529207509990898
1,99,Full framework,citation,0.16137678918775278
1,99,Full framework,reasoning,0.1597860904285185
1,99,Full framework,verdict,0.13739594840691868
1,99,Full framework,rule alignment,0.16278885340747315
1,99,Full framework,total,0.15518678220871804
1,100,Full framework,citation,0.17274531783826955
1,100,Full framework,reasoning,0.1546194196414216
1,100,Full framework,verdict,0.15489633013630705
1,100,Full framework,rule alignment,0.15360733041608626
1,100,Full framework,total,0.15901770396928788
2,1,FedAvg,citation,0.6568833861822628
2,1,FedAvg,reasoning,0.5646563622811431
2,1,FedAvg,verdict,0.48234048305954436
2,1,FedAvg,rule alignment,0.5984531971816914
2,1,FedAvg,total,0.5738935154311331
2,2,FedAvg,citation,0.6569153000698863
2,2,FedAvg,reasoning,0.5529584557139576
2,2,FedAvg,verdict,0.473303956243172
2,2,FedAvg,rule alignment,0.5818861710617341
2,2,FedAvg,total,0.5648195850047987
2,3,FedAvg,citation,0.635073212598245
2,3,FedAvg,reasoning,0.5471896192331908
2,3,FedAvg,verdict,0.48684430506539483
2,3,FedAvg,rule alignment,0.5763323693151914
2,3,FedAvg,total,0.5599027390489055
2,4,FedAvg,citation,0.6383859758328924
2,4,FedAvg,reasoning,0.5447176938385238
2,4,FedAvg,verdict,0.4795173286738806
2,4,FedAvg,rule alignment,0.5663675669726058
2,4,FedAvg,total,0.5561646476727715
2,5,FedAvg,citation,0.629858384014273
2,5,FedAvg,reasoning,0.5339727516124625
2,5,FedAvg,verdict,0.46530129022042327
2,5,FedAvg,rule alignment,0.564470930798082
2,5,FedAvg,total,0.5468759302020292
2,6,FedAvg,citation,0.6251354321278839
2,6,FedAvg,reasoning,0.5261125069229347
2,6,FedAvg,verdict,0.449709920776046
2,6,FedAvg,rule alignment,0.5665970723807005
2,6,FedAvg,total,0.5398645047790029
2,7,FedAvg,citation,0.617421159393683
2,7,FedAvg,reasoning,0.5307389728071137
2,7,FedAvg,verdict,0.4548473491370468
2,7,FedAvg,rule alignment,0.5456018298233385
2,7,FedAvg,total,0.5364091849394843
2,8,FedAvg,citation,0.6113968302479535
2,8,FedAvg,reasoning,0.5187719859696853
2,8,FedAvg,verdict,0.43487898295640737
2,8,FedAvg,rule alignment,0.5425096794360214
2,8,FedAvg,total,0.5257024849792
2,9,FedAvg,citation,0.6009009838190741
2,9,FedAvg,reasoning,0.5208281795605987
2,9,FedAvg,verdict,0.4481210637999303
2,9,FedAvg,rule alignment,0.5511413789371484
2,9,FedAvg,total,0.5287322415603604
2,10,FedAvg,citation,0.598925419116287
2,10,FedAvg,reasoning,0.5018805706957936
2,10,FedAvg,verdict,0.43345576129699037
2,10,FedAvg,rule alignment,0.5274611163983588
2,10,FedAvg,total,0.5141516895917292
2,11,FedAvg,citation,0.5872878245645624
2,11,FedAvg,reasoning,0.5005855976849328
2,11,FedAvg,verdict,0.4303165989318273
2,11,FedAvg,rule alignment,0.528445693804608
2,11,FedAvg,total,0.510265923940499
2,12,FedAvg,citation,0.5763390304213633
2,12,FedAvg,reasoning,0.5037633262308435
2,12,FedAvg,verdict,0.41786489866461485
2,12,FedAvg,rule alignment,0.5133025170138634
2,12,FedAvg,total,0.5023404835435202
2,13,FedAvg,citation,0.578639821090161
2,13,FedAvg,reasoning,0.49114059421892226
2,13,FedAvg,verdict,0.41930155967307786
2,13,FedAvg,rule alignment,0.5150560009745208
2,13,FedAvg,total,0.49983872365139054
2,14,FedAvg,citation,0.5672467817485768
2,14,FedAvg,reasoning,0.4874930479886538
2,14,FedAvg,verdict,0.4223445581977946
2,14,FedAvg,rule alignment,0.518594134430037
2,14,FedAvg,total,0.4973645762691964
2,15,FedAvg,citation,0.5574937813049113
2,15,FedAvg,reasoning,0.4831902367165629
2,15,FedAvg,verdict,0.4213995742455957
2,15,FedAvg,rule alignment,0.4929852455741798
2,15,FedAvg,total,0.48827745901743164
2,16,FedAvg,citation,0.5482234103948869
2,16,FedAvg,reasoning,0.4766099093276712
2,16,FedAvg,verdict,0.4024432180176775
2,16,FedAvg,rule alignment,0.4955997739290013
2,16,FedAvg,total,0.47976958468724273
2,17,FedAvg,citation,0.5341194448019957
2,17,FedAvg,reasoning,0.4723888479072464
2,17,FedAvg,verdict,0.4047446600481768
2,17,FedAvg,rule alignment,0.48336044236368186
2,17,FedAvg,total,0.4731047690574534
2,18,FedAvg,citation,0.5429719751259816
2,18,FedAvg,reasoning,0.4722789434273858
2,18,FedAvg,verdict,0.40581397941843345
2,18,FedAvg,rule alignment,0.4866945258915845
2,18,FedAvg,total,0.47621907684263637
2,19,FedAvg,citation,0.54485095599384
2,19,FedAvg,reasoning,0.45579393055953965
2,19,FedAvg,verdict,0.3995982065833319
2,19,FedAvg,rule alignment,0.484406225528386
2,19,FedAvg,total,0.46973171491783206
2,20,FedAvg,citation,0.5254169133807661
2,20,FedAvg,reasoning,0.4492769705960581
2,20,FedAvg,verdict,0.3981697261599251
2,20,FedAvg,rule alignment,0.461987488077366
2,20,FedAvg,total,0.4580772486794635
2,21,FedAvg,citation,0.5118528840643359
2,21,FedAvg,reasoning,0.43483456543805454
2,21,FedAvg,verdict,0.38630000096449874
2,21,FedAvg,rule alignment,0.4686268480072048
2,21,FedAvg,total,0.448713960490066
2,22,FedAvg,citation,0.524464293223131
2,22,FedAvg,reasoning,0.4395654497342267
2,22,FedAvg,verdict,0.37581902167926207
2,22,FedAvg,rule alignment,0.46918507547178256
2,22,FedAvg,total,0.4507774787402228
2,23,FedAvg,citation,0.5080006684646405
2,23,FedAvg,reasoning,0.43704074297466783
2,23,FedAvg,verdict,0.3634668866171848
2,23,FedAvg,rule alignment,0.45243994945898947
2,23,FedAvg,total,0.43946710155465457
2,24,FedAvg,citation,0.4960163069766442
2,24,FedAvg,reasoning,0.43101357839326965
2,24,FedAvg,verdict,0.37397246307819326
2,24,FedAvg,rule alignment,0.45331425569907174
2,24,FedAvg,total,0.43746411717150463
2,25,FedAvg,citation,0.4895171717971348
2,25,FedAvg,reasoning,0.44039163557799665
2,25,FedAvg,verdict,0.3715836576865639
2,25,FedAvg,rule alignment,0.44594673266391066
2,25,FedAvg,total,0.4365820445771058
2,26,FedAvg,citation,0.5047911951727834
2,26,FedAvg,reasoning,0.41008858558024625
2,26,FedAvg,verdict,0.36387821147619387
2,26,FedAvg,rule alignment,0.43163523474912086
2,26,FedAvg,total,0.42652097428614233
2,27,FedAvg,citation,0.47975639662137554
2,27,FedAvg,reasoning,0.4229099183513692
2,27,FedAvg,verdict,0.3619194408074374
2,27,FedAvg,rule alignment,0.430747417848887
2,27,FedAvg,total,0.4234414184323914
2,28,FedAvg,citation,0.48446289267729886
2,28,FedAvg,reasoning,0.4185433420022632
2,28,FedAvg,verdict,0.35808398068725744
2,28,FedAvg,rule alignment,0.42625678513885834
2,28,FedAvg,total,0.4214510779695897
2,29,FedAvg,citation,0.48772296305441815
2,29,FedAvg,reasoning,0.4027932662788236
2,29,FedAvg,verdict,0.3613374001472796
2,29,FedAvg,rule alignment,0.42872041002632916
2,29,FedAvg,total,0.41884715268933737
2,30,FedAvg,citation,0.472908379446512
2,30,FedAvg,reasoning,0.4067619329447667
2,30,FedAvg,verdict,0.3477434866638431
2,30,FedAvg,rule alignment,0.43332178091306955
2,30,FedAvg,total,0.4138559025936327
2,31,FedAvg,citation,0.47014696865416356
2,31,FedAvg,reasoning,0.39106015508363323
2,31,FedAvg,verdict,0.35580000809898277
2,31,FedAvg,rule alignment,0.42948223105135364
2,31,FedAvg,total,0.40970123692364724
2,32,FedAvg,citation,0.442326453589054
2,32,FedAvg,reasoning,0.3952846588874799
2,32,FedAvg,verdict,0.33607608110254483
2,32,FedAvg,rule alignment,0.4194940967219771
2,32,FedAvg,total,0.3970848506835391
2,33,FedAvg,citation,0.4592664516423728
2,33,FedAvg,reasoning,0.39164875206592
2,33,FedAvg,verdict,0.35456694612267026
2,33,FedAvg,rule alignment,0.4172341696994302
2,33,FedAvg,total,0.40439980900092276
2,34,FedAvg,citation,0.44685089294875546
2,34,FedAvg,reasoning,0.3771569638148468
2,34,FedAvg,verdict,0.3258907006326175
2,34,FedAvg,rule alignment,0.41082265375801574
2,34,FedAvg,total,0.3884970182914004
2,35,FedAvg,citation,0.4485235078820928
2,35,FedAvg,reasoning,0.38605115151302966
2,35,FedAvg,verdict,0.3493845098246513
2,35,FedAvg,rule alignment,0.4031462411554018
2,35,FedAvg,total,0.39592159811167527
2,36,FedAvg,citation,0.43544423507371627
2,36,FedAvg,reasoning,0.3792021804802182
2,36,FedAvg,verdict,0.3420533194213363
2,36,FedAvg,rule alignment,0.4016367214236138
2,36,FedAvg,total,0.3884623870525514
2,37,FedAvg,citation,0.4232358641520989
2,37,FedAvg,reasoning,0.38138646415417066
2,37,FedAvg,verdict,0.3320656878446218
2,37,FedAvg,rule alignment,0.3942727628955025
2,37,FedAvg,total,0.38209587982453186
2,38,FedAvg,citation,0.4239880215896029
2,38,FedAvg,reasoning,0.377396902689299
2,38,FedAvg,verdict,0.3280474988985721
2,38,FedAvg,rule alignment,0.37584793792937304
2,38,FedAvg,total,0.3763975385147081
2,39,FedAvg,citation,0.4336870401581909
2,39,FedAvg,reasoning,0.36751046944664084
2,39,FedAvg,verdict,0.32320557870363353
2,39,FedAvg,rule alignment,0.38344866850198256
2,39,FedAvg,total,0.3761660292498448
2,40,FedAvg,citation,0.4304541923652819
2,40,FedAvg,reasoning,0.37646182251873606
2,40,FedAvg,verdict,0.3146659328199394
2,40,FedAvg,rule alignment,0.37148058440206355
2,40,FedAvg,total,0.3735146949323388
2,41,FedAvg,citation,0.4097977072093713
2,41,FedAvg,reasoning,0.36491122745536314
2,41,FedAvg,verdict,0.30990062116990363
2,41,FedAvg,rule alignment,0.3769381702068113
2,41,FedAvg,total,0.36478558437278996
2,42,FedAvg,citation,0.4182052220069316
2,42,FedAvg,reasoning,0.3651631254463738
2,42,FedAvg,verdict,0.30586251373067075
2,42,FedAvg,rule alignment,0.36710118798275937
2,42,FedAvg,total,0.36398610916486457
2,43,FedAvg,citation,0.405542680831283
2,43,FedAvg,reasoning,0.35538644225760824
2,43,FedAvg,verdict,0.3106013961817481
2,43,FedAvg,rule alignment,0.3676414848663358
2,43,FedAvg,total,0.35918024890380745
2,44,FedAvg,citation,0.4075441112885767
2,44,FedAvg,reasoning,0.34363322702038135
2,44,FedAvg,verdict,0.31324186808365606
2,44,FedAvg,rule alignment,0.37228382804541793
2,44,FedAvg,total,0.3577432285582562
2,45,FedAvg,citation,0.39332969606095
2,45,FedAvg,reasoning,0.3446899747891376
2,45,FedAvg,verdict,0.3065941084789375
2,45,FedAvg,rule alignment,0.3476162137228719
2,45,FedAvg,total,0.34791118631628754
2,46,FedAvg,citation,0.40608558986018134
2,46,FedAvg,reasoning,0.34627182722300515
2,46,FedAvg,verdict,0.3042783812295324
2,46,FedAvg,rule alignment,0.3626189924440621
2,46,FedAvg,total,0.3539963394281424
2,47,FedAvg,citation,0.3952589022090726
2,47,FedAvg,reasoning,0.35420586776447416
2,47,FedAvg,verdict,0.28979474741148775
2,47,FedAvg,rule alignment,0.3410608776563421
2,47,FedAvg,total,0.34573734826575075
2,48,FedAvg,citation,0.3887925966254202
2,48,FedAvg,reasoning,0.3303227313958858
2,48,FedAvg,verdict,0.28290765296582193
2,48,FedAvg,rule alignment,0.3431857254624807
2,48,FedAvg,total,0.3356590269090724
2,49,FedAvg,citation,0.3732798069650342
2,49,FedAvg,reasoning,0.33926519986131926
2,49,FedAvg,verdict,0.2873837602558096
2,49,FedAvg,rule alignment,0.34492298736234
2,49,FedAvg,total,0.3359300492360747
2,50,FedAvg,citation,0.36742260627940354
2,50,FedAvg,reasoning,0.32979836519017236
2,50,FedAvg,verdict,0.2965421092987271
2,50,FedAvg,rule alignment,0.34891924677456265
2,50,FedAvg,total,0.3347145378064969
2,51,FedAvg,citation,0.3636223129368521
2,51,FedAvg,reasoning,0.32148117713843305
2,51,FedAvg,verdict,0.2884763042563915
2,51,FedAvg,rule alignment,0.3408161363900331
2,51,FedAvg,total,0.3276322347178474
2,52,FedAvg,citation,0.3728612534990721
2,52,FedAvg,reasoning,0.32220294639069624
2,52,FedAvg,verdict,0.2767073816626468
2,52,FedAvg,rule alignment,0.3322693215855892
2,52,FedAvg,total,0.3255069070247565
2,53,FedAvg,citation,0.35959455690479597
2,53,FedAvg,reasoning,0.3129816965410877
2,53,FedAvg,verdict,0.28023053923423996
2,53,FedAvg,rule alignment,0.33565234472051914
2,53,FedAvg,total,0.32098125194118915
2,54,FedAvg,citation,0.37178063736572586
2,54,FedAvg,reasoning,0.30349579380310265
2,54,FedAvg,verdict,0.2911689283318271
2,54,FedAvg,rule alignment,0.33395365077311745
2,54,FedAvg,total,0.32357685971994254
2,55,FedAvg,citation,0.34243694781358
2,55,FedAvg,reasoning,0.3189180684559227
2,55,FedAvg,verdict,0.26316815750751427
2,55,FedAvg,rule alignment,0.3240867074332947
2,55,FedAvg,total,0.3118940383537093
2,56,FedAvg,citation,0.3424084287327017
2,56,FedAvg,reasoning,0.30875838901507685
2,56,FedAvg,verdict,0.2705279706817202
2,56,FedAvg,rule alignment,0.33246945759437563
2,56,FedAvg,total,0.31235550807700363
2,57,FedAvg,citation,0.36789248195954416
2,57,FedAvg,reasoning,0.3115833584697771
2,57,FedAvg,verdict,0.2762502382789848
2,57,FedAvg,rule alignment,0.3005554887694381
2,57,FedAvg,total,0.314621785354453
2,58,FedAvg,citation,0.35494253765022227
2,58,FedAvg,reasoning,0.29985675816777757
2,58,FedAvg,verdict,0.26237058305202227
2,58,FedAvg,rule alignment,0.31738619434166143
2,58,FedAvg,total,0.3077625464942267
2,59,FedAvg,citation,0.32984971514808437
2,59,FedAvg,reasoning,0.29862339599601667
2,59,FedAvg,verdict,0.26593452450035837
2,59,FedAvg,rule alignment,0.3210659584446488
2,59,FedAvg,total,0.3027462703998454
2,60,FedAvg,citation,0.327261397701336
2,60,FedAvg,reasoning,0.29154841388131164
2,60,FedAvg,verdict,0.2686350963970403
2,60,FedAvg,rule alignment,0.32472706563593545
2,60,FedAvg,total,0.30138406081617464
2,61,FedAvg,citation,0.3396274081733017
2,61,FedAvg,reasoning,0.29836122316215485
2,61,FedAvg,verdict,0.26149797681591536
2,61,FedAvg,rule alignment,0.309415450621732
2,61,FedAvg,total,0.3016728033202971
2,62,FedAvg,citation,0.33314520289188054
2,62,FedAvg,reasoning,0.2837567347508223
2,62,FedAvg,verdict,0.26108429099965974
2,62,FedAvg,rule alignment,0.3066052717422414
2,62,FedAvg,total,0.29500544824658004
2,63,FedAvg,citation,0.33688422860762035
2,63,FedAvg,reasoning,0.28928688757021664
2,63,FedAvg,verdict,0.2570633226793586
2,63,FedAvg,rule alignment,0.2970254557851188
2,63,FedAvg,total,0.2946780452498335
2,64,FedAvg,citation,0.3301159388882645
2,64,FedAvg,reasoning,0.28367995831131365
2,64,FedAvg,verdict,0.25055197513703364
2,64,FedAvg,rule alignment,0.29361873584334597
2,64,FedAvg,total,0.2889947131683878
2,65,FedAvg,citation,0.32121008029884696
2,65,FedAvg,reasoning,0.282917979525749
2,65,FedAvg,verdict,0.256071079249231
2,65,FedAvg,rule alignment,0.28454827726633963
2,65,FedAvg,total,0.28610533919801207
2,66,FedAvg,citation,0.3070610192880898
2,66,FedAvg,reasoning,0.2768046233127852
2,66,FedAvg,verdict,0.25246521903934005
2,66,FedAvg,rule alignment,0.28596883781128035
2,66,FedAvg,total,0.2801167141379491
2,67,FedAvg,citation,0.3206113168563862
2,67,FedAvg,reasoning,0.28001280292697894
2,67,FedAvg,verdict,0.2483706468739128
2,67,FedAvg,rule alignment,0.28509448011945027
2,67,FedAvg,total,0.28326822783455846
2,68,FedAvg,citation,0.3006116940692025
2,68,FedAvg,reasoning,0.2802271678577234
2,68,FedAvg,verdict,0.23593200151325242
2,68,FedAvg,rule alignment,0.2752965601431214
2,68,FedAvg,total,0.27326338628155505
2,69,FedAvg,citation,0.32187940100735746
2,69,FedAvg,reasoning,0.2714241850616109
2,69,FedAvg,verdict,0.24391667272476464
2,69,FedAvg,rule alignment,0.28537013756297475
2,69,FedAvg,total,0.2799503014641087
2,70,FedAvg,citation,0.30219927913325806
2,70,FedAvg,reasoning,0.2665170121305732
2,70,FedAvg,verdict,0.2467716433948117
2,70,FedAvg,rule alignment,0.29046091181632994
2,70,FedAvg,total,0.2752900166344554
2,71,FedAvg,citation,0.3061581094673969
2,71,FedAvg,reasoning,0.2679910226463469
2,71,FedAvg,verdict,0.23976243968568478
2,71,FedAvg,rule alignment,0.2768720359442865
2,71,FedAvg,total,0.2722518512710318
2,72,FedAvg,citation,0.3031553523074768
2,72,FedAvg,reasoning,0.26532776140329717
2,72,FedAvg,verdict,0.21955027159429832
2,72,FedAvg,rule alignment,0.27959069849172585
2,72,FedAvg,total,0.2661928740947781
2,73,FedAvg,citation,0.2923383256744456
2,73,FedAvg,reasoning,0.27111389178258655
2,73,FedAvg,verdict,0.23977474316127206
2,73,FedAvg,rule alignment,0.26372818366853634
2,73,FedAvg,total,0.26710807147741267
2,74,FedAvg,citation,0.29399305443994883
2,74,FedAvg,reasoning,0.26020081033439496
2,74,FedAvg,verdict,0.23896659933835868
2,74,FedAvg,rule alignment,0.2551270827500294
2,74,FedAvg,total,0.26232557309490123
2,75,FedAvg,citation,0.287451245074384
2,75,FedAvg,reasoning,0.2574914443764545
2,75,FedAvg,verdict,0.22167237087042221
2,75,FedAvg,rule alignment,0.26344516306171906
2,75,FedAvg,total,0.2572173699114817
2,76,FedAvg,citation,0.2969239349329316
2,76,FedAvg,reasoning,0.25789299913325
2,76,FedAvg,verdict,0.24148002312282876
2,76,FedAvg,rule alignment,0.25552942160375597
2,76,FedAvg,total,0.26307477357466624
2,77,FedAvg,citation,0.3028741465219517
2,77,FedAvg,reasoning,0.24101700975733206
2,77,FedAvg,verdict,0.2319362010306827
2,77,FedAvg,rule alignment,0.26442332102935645
2,77,FedAvg,total,0.2588923540212295
2,78,FedAvg,citation,0.2837317221485768
2,78,FedAvg,reasoning,0.24733445724785671
2,78,FedAvg,verdict,0.21617416174260917
2,78,FedAvg,rule alignment,0.2657010663639091
2,78,FedAvg,total,0.25231702141993534
2,79,FedAvg,citation,0.29109621976812095
2,79,FedAvg,reasoning,0.24848807017476554
2,79,FedAvg,verdict,0.22587268647277117
2,79,FedAvg,rule alignment,0.2543168269384281
2,79,FedAvg,total,0.25465201300033835
2,80,FedAvg,citation,0.28196668910422334
2,80,FedAvg,reasoning,0.2423452672566039
2,80,FedAvg,verdict,0.2197208809927062
2,80,FedAvg,rule alignment,0.2601885626288586
2,80,FedAvg,total,0.2501631852269853
2,81,FedAvg,citation,0.26544275396083095
2,81,FedAvg,reasoning,0.24233990460152396
2,81,FedAvg,verdict,0.2305128681918669
2,81,FedAvg,rule alignment,0.25048064040381746
2,81,FedAvg,total,0.24678700499939513
2,82,FedAvg,citation,0.2753928631706283
2,82,FedAvg,reasoning,0.239125687527141
2,82,FedAvg,verdict,0.19671875818893203
2,82,FedAvg,rule alignment,0.24060252708411162
2,82,FedAvg,total,0.2378861170148547
2,83,FedAvg,citation,0.2565962317856726
2,83,FedAvg,reasoning,0.24270214153365954
2,83,FedAvg,verdict,0.2103308901774981
2,83,FedAvg,rule alignment,0.24029075847451656
2,83,FedAvg,total,0.23760057464579384
2,84,FedAvg,citation,0.2694293461215079
2,84,FedAvg,reasoning,0.24240017555024684
2,84,FedAvg,verdict,0.22204424816587004
2,84,FedAvg,rule alignment,0.24973653536397314
2,84,FedAvg,total,0.24553575830971316
2,85,FedAvg,citation,0.26215631905083386
2,85,FedAvg,reasoning,0.2350017474150406
2,85,FedAvg,verdict,0.1973987273103489
2,85,FedAvg,rule alignment,0.24524848993366008
2,85,FedAvg,total,0.23443898380153988
2,86,FedAvg,citation,0.258378482451672
2,86,FedAvg,reasoning,0.22883694746023606
2,86,FedAvg,verdict,0.21205698230794567
2,86,FedAvg,rule alignment,0.2500340070106242
2,86,FedAvg,total,0.23626675183010007
2,87,FedAvg,citation,0.2568902766846885
2,87,FedAvg,reasoning,0.22559134016769997
2,87,FedAvg,verdict,0.20555954196600046
2,87,FedAvg,rule alignment,0.23632702619517054
2,87,FedAvg,total,0.23055526195201634
2,88,FedAvg,citation,0.2551414395300199
2,88,FedAvg,reasoning,0.22489831233465937
2,88,FedAvg,verdict,0.2208846376796846
2,88,FedAvg,rule alignment,0.24091255187319477
2,88,FedAvg,total,0.2346585233774629
2,89,FedAvg,citation,0.2504355217133448
2,89,FedAvg,reasoning,0.21534641561297196
2,89,FedAvg,verdict,0.20540844441393336
2,89,FedAvg,rule alignment,0.24487482890007875
2,89,FedAvg,total,0.2275398819957269
2,90,FedAvg,citation,0.2554301306735545
2,90,FedAvg,reasoning,0.2306792872063507
2,90,FedAvg,verdict,0.20534356126445036
2,90,FedAvg,rule alignment,0.2352726761920094
2,90,FedAvg,total,0.23145174438480828
2,91,FedAvg,citation,0.25606428057489616
2,91,FedAvg,reasoning,0.22986732627823228
2,91,FedAvg,verdict,0.203567669455534
2,91,FedAvg,rule alignment,0.2326086507557935
2,91,FedAvg,total,0.23038991554223595
2,92,FedAvg,citation,0.24595423031107322
2,92,FedAvg,reasoning,0.2328212463363523
2,92,FedAvg,verdict,0.20346270309212683
2,92,FedAvg,rule alignment,0.23019524038305672
2,92,FedAvg,total,0.22823965532831703
2,93,FedAvg,citation,0.23671647784973185
2,93,FedAvg,reasoning,0.20154920349983493
2,93,FedAvg,verdict,0.18723320544183092
2,93,FedAvg,rule alignment,0.21696554964214945
2,93,FedAvg,total,0.20984529180127107
2,94,FedAvg,citation,0.24504355560544108
2,94,FedAvg,reasoning,0.2197000756493376
2,94,FedAvg,verdict,0.1998730207200361
2,94,FedAvg,rule alignment,0.22555635798609916
2,94,FedAvg,total,0.22225043837339042
2,95,FedAvg,citation,0.25016814202242427
2,95,FedAvg,reasoning,0.20745268934986502
2,95,FedAvg,verdict,0.18229930278058987
2,95,FedAvg,rule alignment,0.2222165044926485
2,95,FedAvg,total,0.21479596890424274
2,96,FedAvg,citation,0.24351422042626578
2,96,FedAvg,reasoning,0.20930094437363528
2,96,FedAvg,verdict,0.20612425606446447
2,96,FedAvg,rule alignment,0.22914645903069808
2,96,FedAvg,total,0.22102919424091277
2,97,FedAvg,citation,0.23004504242444324
2,97,FedAvg,reasoning,0.2194250605009952
2,97,FedAvg,verdict,0.18725691812688383
2,97,FedAvg,rule alignment,0.21400571738599033
2,97,FedAvg,total,0.2129541517653284
2,98,FedAvg,citation,0.22658510247769284
2,98,FedAvg,reasoning,0.216969276281208
2,98,FedAvg,verdict,0.1942879816029
2,98,FedAvg,rule alignment,0.20788391209014007
2,98,FedAvg,total,0.21188583632253863
2,99,FedAvg,citation,0.2369674435697678
2,99,FedAvg,reasoning,0.20989646877824258
2,99,FedAvg,verdict,0.18478116553715704
2,99,FedAvg,rule alignment,0.21088381720208207
2,99,FedAvg,total,0.2105828563506204
2,100,FedAvg,citation,0.23699062412169508
2,100,FedAvg,reasoning,0.20030498795758908
2,100,FedAvg,verdict,0.19200320061065973
2,100,FedAvg,rule alignment,0.22324597297621288
2,100,FedAvg,total,0.21198914716560802
2,1,FedLoRA,citation,0.5776931824497704
2,1,FedLoRA,reasoning,0.49776578981559266
2,1,FedLoRA,verdict,0.41958022577874987
2,1,FedLoRA,rule alignment,0.5241173691775523
2,1,FedLoRA,total,0.5034715628373183
2,2,FedLoRA,citation,0.5574775757464905
2,2,FedLoRA,reasoning,0.4919494637742494
2,2,FedLoRA,verdict,0.4180403590293075
2,2,FedLoRA,rule alignment,0.5116363452278642
2,2,FedLoRA,total,0.49379159187179716
2,3,FedLoRA,citation,0.558370262424713
2,3,FedLoRA,reasoning,0.48648717965554267
2,3,FedLoRA,verdict,0.41840354241571437
2,3,FedLoRA,rule alignment,0.5010222931288891
2,3,FedLoRA,total,0.49034406373254746
2,4,FedLoRA,citation,0.564819995602481
2,4,FedLoRA,reasoning,0.47571607489394735
2,4,FedLoRA,verdict,0.4156516815276374
2,4,FedLoRA,rule alignment,0.499598261659962
2,4,FedLoRA,total,0.4877523940827062
2,5,FedLoRA,citation,0.548188503131734
2,5,FedLoRA,reasoning,0.46866354815679273
2,5,FedLoRA,verdict,0.4134348048329036
2,5,FedLoRA,rule alignment,0.49587390222752964
2,5,FedLoRA,total,0.4801796718837031
2,6,FedLoRA,citation,0.5467482353587849
2,6,FedLoRA,reasoning,0.4680624419055295
2,6,FedLoRA,verdict,0.4099905690424606
2,6,FedLoRA,rule alignment,0.4887268625380359
2,6,FedLoRA,total,0.47734880617957737
2,7,FedLoRA,citation,0.5460769207623317
2,7,FedLoRA,reasoning,0.4737831178892452
2,7,FedLoRA,verdict,0.39806836715148264
2,7,FedLoRA,rule alignment,0.48946494591622275
2,7,FedLoRA,total,0.4760642465284717
2,8,FedLoRA,citation,0.5346957124320911
2,8,FedLoRA,reasoning,0.4496874617390714
2,8,FedLoRA,verdict,0.37257988052616675
2,8,FedLoRA,rule alignment,0.47249289332755523
2,8,FedLoRA,total,0.45622371542679696
2,9,FedLoRA,citation,0.5252099608873394
2,9,FedLoRA,reasoning,0.4375622287384086
2,9,FedLoRA,verdict,0.3958221432119437
2,9,FedLoRA,rule alignment,0.4761427706748708
2,9,FedLoRA,total,0.45675524878131757
2,10,FedLoRA,citation,0.5294113370873555
2,10,FedLoRA,reasoning,0.4504878748822281
2,10,FedLoRA,verdict,0.39185156276635214
2,10,FedLoRA,rule alignment,0.4772965470867094
2,10,FedLoRA,total,0.4609213968454372
2,11,FedLoRA,citation,0.5223170810856859
2,11,FedLoRA,reasoning,0.4285052992067242
2,11,FedLoRA,verdict,0.38479608912132235
2,11,FedLoRA,rule alignment,0.4578015061140177
2,11,FedLoRA,total,0.44689018353657284
2,12,FedLoRA,citation,0.5141658392437513
2,12,FedLoRA,reasoning,0.4435395963594019
2,12,FedLoRA,verdict,0.37063674746780306
2,12,FedLoRA,rule alignment,0.4636097092078367
2,12,FedLoRA,total,0.4469844674272765
2,13,FedLoRA,citation,0.5127855760917686
2,13,FedLoRA,reasoning,0.43321449958027386
2,13,FedLoRA,verdict,0.36189362899500355
2,13,FedLoRA,rule alignment,0.4551359105920294
2,13,FedLoRA,total,0.439661333264181
2,14,FedLoRA,citation,0.48648184401654565
2,14,FedLoRA,reasoning,0.4269026125605942
2,14,FedLoRA,verdict,0.367227148520584
2,14,FedLoRA,rule alignment,0.4513612974539958
2,14,FedLoRA,total,0.43177029139325984
2,15,FedLoRA,citation,0.48091071584645056
2,15,FedLoRA,reasoning,0.4158363513400077
2,15,FedLoRA,verdict,0.36557395790065694
2,15,FedLoRA,rule alignment,0.45117184798141624
2,15,FedLoRA,total,0.4266064434350625
2,16,FedLoRA,citation,0.48727333034012427
2,16,FedLoRA,reasoning,0.4065818415230278
2,16,FedLoRA,verdict,0.3613133103261957
2,16,FedLoRA,rule alignment,0.44003037306188664
2,16,FedLoRA,total,0.4221272872358657
2,17,FedLoRA,citation,0.48783029093469493
2,17,FedLoRA,reasoning,0.40254667084626805
2,17,FedLoRA,verdict,0.3668800543823294
2,17,FedLoRA,rule alignment,0.43337309723686424
2,17,FedLoRA,total,0.42111620703050934
2,18,FedLoRA,citation,0.47351447219751786
2,18,FedLoRA,reasoning,0.40334889626462045
2,18,FedLoRA,verdict,0.34172661372139657
2,18,FedLoRA,rule alignment,0.4169296837572945
2,18,FedLoRA,total,0.4082008771105736
2,19,FedLoRA,citation,0.4657305077267997
2,19,FedLoRA,reasoning,0.40314031103285974
2,19,FedLoRA,verdict,0.34529930132140335
2,19,FedLoRA,rule alignment,0.4208441378926401
2,19,FedLoRA,total,0.40786837315043667
2,20,FedLoRA,citation,0.45292796779376493
2,20,FedLoRA,reasoning,0.3986466340818124
2,20,FedLoRA,verdict,0.3469741266760971
2,20,FedLoRA,rule alignment,0.40663638330415036
2,20,FedLoRA,total,0.4008967905028393
2,21,FedLoRA,citation,0.45826362458940395
2,21,FedLoRA,reasoning,0.38960407574194145
2,21,FedLoRA,verdict,0.3493171057619036
2,21,FedLoRA,rule alignment,0.41585214633650636
2,21,FedLoRA,total,0.4019468345777106
2,22,FedLoRA,citation,0.45172089039756436
2,22,FedLoRA,reasoning,0.3800828925322968
2,22,FedLoRA,verdict,0.33506515843702234
2,22,FedLoRA,rule alignment,0.42147090022826605
2,22,FedLoRA,total,0.3950155600139889
2,23,FedLoRA,citation,0.44205319742700294
2,23,FedLoRA,reasoning,0.3836341607141497
2,23,FedLoRA,verdict,0.33204999857124273
2,23,FedLoRA,rule alignment,0.3955085504216213
2,23,FedLoRA,total,0.38771775729813057
2,24,FedLoRA,citation,0.4302484034167783
2,24,FedLoRA,reasoning,0.3856437445991857
2,24,FedLoRA,verdict,0.340857757666396
2,24,FedLoRA,rule alignment,0.38990363788632604
2,24,FedLoRA,total,0.3864503912278145
2,25,FedLoRA,citation,0.4388441681840233
2,25,FedLoRA,reasoning,0.36750839107561506
2,25,FedLoRA,verdict,0.3227220942592289
2,25,FedLoRA,rule alignment,0.39448927007330675
2,25,FedLoRA,total,0.3795419369481589
2,26,FedLoRA,citation,0.42051780507480313
2,26,FedLoRA,reasoning,0.36361457032141886
2,26,FedLoRA,verdict,0.31732628863293566
2,26,FedLoRA,rule alignment,0.38891563071635016
2,26,FedLoRA,total,0.3713285206666304
2,27,FedLoRA,citation,0.4238234200079254
2,27,FedLoRA,reasoning,0.3657351017771366
2,27,FedLoRA,verdict,0.3241321460790467
2,27,FedLoRA,rule alignment,0.39751262005715277
2,27,FedLoRA,total,0.37621194606631453
2,28,FedLoRA,citation,0.40822496486928433
2,28,FedLoRA,reasoning,0.364048223276286
2,28,FedLoRA,verdict,0.3177937352128889
2,28,FedLoRA,rule alignment,0.38535936201331733
2,28,FedLoRA,total,0.3677910144060925
2,29,FedLoRA,citation,0.4173520283651474
2,29,FedLoRA,reasoning,0.36538224666900243
2,29,FedLoRA,verdict,0.31057965073357396
2,29,FedLoRA,rule alignment,0.38870637562801114
2,29,FedLoRA,total,0.36933886890098333
2,30,FedLoRA,citation,0.4225937976066883
2,30,FedLoRA,reasoning,0.35664395091919865
2,30,FedLoRA,verdict,0.3205987064396565
2,30,FedLoRA,rule alignment,0.36726687758256477
2,30,FedLoRA,total,0.3662446868038588
2,31,FedLoRA,citation,0.39467874645241807
2,31,FedLoRA,reasoning,0.3620308433635675
2,31,FedLoRA,verdict,0.30646011950838764
2,31,FedLoRA,rule alignment,0.3787270946495836
2,31,FedLoRA,total,0.35963938842918836
2,32,FedLoRA,citation,0.4066507137256209
2,32,FedLoRA,reasoning,0.3498249009734088
2,32,FedLoRA,verdict,0.31209482593495735
2,32,FedLoRA,rule alignment,0.3766509616387914
2,32,FedLoRA,total,0.3599640475349255
2,33,FedLoRA,citation,0.3980462877203755
2,33,FedLoRA,reasoning,0.3440056694486682
2,33,FedLoRA,verdict,0.31452865405303715
2,33,FedLoRA,rule alignment,0.3529688458881422
2,33,FedLoRA,total,0.35193920545558205
2,34,FedLoRA,citation,0.3936473597041534
2,34,FedLoRA,reasoning,0.33999899962716695
2,34,FedLoRA,verdict,0.3027339852600904
2,34,FedLoRA,rule alignment,0.35132359152546383
2,34,FedLoRA,total,0.3463597544343038
2,35,FedLoRA,citation,0.3863845557048557
2,35,FedLoRA,reasoning,0.33601848999591477
2,35,FedLoRA,verdict,0.29668131899827666
2,35,FedLoRA,rule alignment,0.35609909886664604
2,35,FedLoRA,total,0.3427918354478867
2,36,FedLoRA,citation,0.3771755931684967
2,36,FedLoRA,reasoning,0.3475822010510112
2,36,FedLoRA,verdict,0.29546182700325657
2,36,FedLoRA,rule alignment,0.3571185051597197
2,36,FedLoRA,total,0.3438577163901856
2,37,FedLoRA,citation,0.388735085933697
2,37,FedLoRA,reasoning,0.3251094923855129
2,37,FedLoRA,verdict,0.29578850253371697
2,37,FedLoRA,rule alignment,0.346109765430002
2,37,FedLoRA,total,0.33788569791850775
2,38,FedLoRA,citation,0.3797915360072274
2,38,FedLoRA,reasoning,0.33801760774597267
2,38,FedLoRA,verdict,0.28563702842699323
2,38,FedLoRA,rule alignment,0.3504993058357408
2,38,FedLoRA,total,0.33786228459949513
2,39,FedLoRA,citation,0.3624566583658624
2,39,FedLoRA,reasoning,0.3301686799374013
2,39,FedLoRA,verdict,0.27970130070680016
2,39,FedLoRA,rule alignment,0.33719191884868166
2,39,FedLoRA,total,0.32702847751912234
2,40,FedLoRA,citation,0.3666968573973092
2,40,FedLoRA,reasoning,0.32947456462563296
2,40,FedLoRA,verdict,0.28682573400333644
2,40,FedLoRA,rule alignment,0.3436100561119431
2,40,FedLoRA,total,0.33094502846023993
2,41,FedLoRA,citation,0.35866234654144136
2,41,FedLoRA,reasoning,0.32302399240251195
2,41,FedLoRA,verdict,0.2926157767196243
2,41,FedLoRA,rule alignment,0.3250056284904479
2,41,FedLoRA,total,0.32472785423410955
2,42,FedLoRA,citation,0.3620216848967183
2,42,FedLoRA,reasoning,0.3102980738679024
2,42,FedLoRA,verdict,0.2717025293317416
2,42,FedLoRA,rule alignment,0.33513696452540703
2,42,FedLoRA,total,0.3185478686225671
2,43,FedLoRA,citation,0.36611329307793966
2,43,FedLoRA,reasoning,0.3099946692046473
2,43,FedLoRA,verdict,0.28046526102449615
2,43,FedLoRA,rule alignment,0.32882591568791075
2,43,FedLoRA,total,0.32040822242458533
2,44,FedLoRA,citation,0.34530935743922286
2,44,FedLoRA,reasoning,0.3088351433008399
2,44,FedLoRA,verdict,0.2751050165358171
2,44,FedLoRA,rule alignment,0.315013748559897
2,44,FedLoRA,total,0.31075688619599134
2,45,FedLoRA,citation,0.36017404599841446
2,45,FedLoRA,reasoning,0.29358516878441787
2,45,FedLoRA,verdict,0.26782341383435915
2,45,FedLoRA,rule alignment,0.32895229021041617
2,45,FedLoRA,total,0.310865373635602
2,46,FedLoRA,citation,0.33428754299783325
2,46,FedLoRA,reasoning,0.2958229365010711
2,46,FedLoRA,verdict,0.2608276159314783
2,46,FedLoRA,rule alignment,0.3278161638455396
2,46,FedLoRA,total,0.3030889034517571
2,47,FedLoRA,citation,0.34477887867818086
2,47,FedLoRA,reasoning,0.2975252570754823
2,47,FedLoRA,verdict,0.2565578170043612
2,47,FedLoRA,rule alignment,0.316768338549066
2,47,FedLoRA,total,0.3029454187530934
2,48,FedLoRA,citation,0.3470593448551062
2,48,FedLoRA,reasoning,0.29308736631398596
2,48,FedLoRA,verdict,0.25977172789072817
2,48,FedLoRA,rule alignment,0.32555790409539376
2,48,FedLoRA,total,0.30474555889973315
2,49,FedLoRA,citation,0.3352882768274423
2,49,FedLoRA,reasoning,0.3067613597743658
2,49,FedLoRA,verdict,0.25162216604252313
2,49,FedLoRA,rule alignment,0.30791530385028826
2,49,FedLoRA,total,0.3003390794198587
2,50,FedLoRA,citation,0.33340802846369005
2,50,FedLoRA,reasoning,0.2964625730488506
2,50,FedLoRA,verdict,0.2572024637913158
2,50,FedLoRA,rule alignment,0.3121617232988436
2,50,FedLoRA,total,0.29902373963817536
2,51,FedLoRA,citation,0.30614780338324826
2,51,FedLoRA,reasoning,0.291630166170098
2,51,FedLoRA,verdict,0.2611768776413879
2,51,FedLoRA,rule alignment,0.31020378105772334
2,51,FedLoRA,total,0.29136097631873314
2,52,FedLoRA,citation,0.344615814082975
2,52,FedLoRA,reasoning,0.2953004559272234
2,52,FedLoRA,verdict,0.25904738507492553
2,52,FedLoRA,rule alignment,0.2983154290347967
2,52,FedLoRA,total,0.2991690223746015
2,53,FedLoRA,citation,0.3246681099420612
2,53,FedLoRA,reasoning,0.2765543839196366
2,53,FedLoRA,verdict,0.25792143784547394
2,53,FedLoRA,rule alignment,0.3056056804141509
2,53,FedLoRA,total,0.28973483820560497
2,54,FedLoRA,citation,0.31402911794685007
2,54,FedLoRA,reasoning,0.2824646304916351
2,54,FedLoRA,verdict,0.24642308259410892
2,54,FedLoRA,rule alignment,0.2865916180728088
2,54,FedLoRA,total,0.28217076289729204
2,55,FedLoRA,citation,0.3122733693012584
2,55,FedLoRA,reasoning,0.2928717126876228
2,55,FedLoRA,verdict,0.2466481437298004
2,55,FedLoRA,rule alignment,0.28617800599569876
2,55,FedLoRA,total,0.2848274932631913
2,56,FedLoRA,citation,0.30805753235771155
2,56,FedLoRA,reasoning,0.2700892036338371
2,56,FedLoRA,verdict,0.2515821012201499
2,56,FedLoRA,rule alignment,0.2979222419604804
2,56,FedLoRA,total,0.2805211178767126
2,57,FedLoRA,citation,0.30869667228863445
2,57,FedLoRA,reasoning,0.26432896808672807
2,57,FedLoRA,verdict,0.2369136693605093
2,57,FedLoRA,rule alignment,0.27721638130969267
2,57,FedLoRA,total,0.2711445521002429
2,58,FedLoRA,citation,0.31113712335229843
2,58,FedLoRA,reasoning,0.26740360964664045
2,58,FedLoRA,verdict,0.2511417321533426
2,58,FedLoRA,rule alignment,0.28883052393372793
2,58,FedLoRA,total,0.278556901557148
2,59,FedLoRA,citation,0.31721093410106777
2,59,FedLoRA,reasoning,0.26313959883475874
2,59,FedLoRA,verdict,0.23482186445356815
2,59,FedLoRA,rule alignment,0.27794860808766886
2,59,FedLoRA,total,0.27253980090662033
2,60,FedLoRA,citation,0.3051996845537398
2,60,FedLoRA,reasoning,0.2693131712880729
2,60,FedLoRA,verdict,0.2421487099767568
2,60,FedLoRA,rule alignment,0.26942274426938856
2,60,FedLoRA,total,0.27151559887292376
2,61,FedLoRA,citation,0.2978325691255006
2,61,FedLoRA,reasoning,0.2551662471577513
2,61,FedLoRA,verdict,0.24121216045719998
2,61,FedLoRA,rule alignment,0.2678260814513735
2,61,FedLoRA,total,0.26487627283327525
2,62,FedLoRA,citation,0.2809765998539704
2,62,FedLoRA,reasoning,0.27072788042996243
2,62,FedLoRA,verdict,0.23420065616887487
2,62,FedLoRA,rule alignment,0.26680711697446224
2,62,FedLoRA,total,0.2633741015295925
2,63,FedLoRA,citation,0.29230300224558264
2,63,FedLoRA,reasoning,0.2548191422799247
2,63,FedLoRA,verdict,0.2250425950946951
2,63,FedLoRA,rule alignment,0.2712940951296608
2,63,FedLoRA,total,0.260040961044979
2,64,FedLoRA,citation,0.3055282159958499
2,64,FedLoRA,reasoning,0.26723698607485635
2,64,FedLoRA,verdict,0.23005469973172968
2,64,FedLoRA,rule alignment,0.2733002523290329
2,64,FedLoRA,total,0.26872687522015837
2,65,FedLoRA,citation,0.2978421856132782
2,65,FedLoRA,reasoning,0.2600894289155788
2,65,FedLoRA,verdict,0.23337985372344686
2,65,FedLoRA,rule alignment,0.2617270235801907
2,65,FedLoRA,total,0.263177743224893
2,66,FedLoRA,citation,0.28446707360484275
2,66,FedLoRA,reasoning,0.2571053703474431
2,66,FedLoRA,verdict,0.23942357190888564
2,66,FedLoRA,rule alignment,0.26225029628529
2,66,FedLoRA,total,0.26055433173972303
2,67,FedLoRA,citation,0.2803983830031539
2,67,FedLoRA,reasoning,0.2501494798230311
2,67,FedLoRA,verdict,0.22619570306777806
2,67,FedLoRA,rule alignment,0.2697663919917738
2,67,FedLoRA,total,0.25564664386299707
2,68,FedLoRA,citation,0.275086139581576
2,68,FedLoRA,reasoning,0.23952131805931542
2,68,FedLoRA,verdict,0.2364078294733692
2,68,FedLoRA,rule alignment,0.2618874246160919
2,68,FedLoRA,total,0.2521073726047493
2,69,FedLoRA,citation,0.27296627318092587
2,69,FedLoRA,reasoning,0.23715623199237718
2,69,FedLoRA,verdict,0.23046483622842032
2,69,FedLoRA,rule alignment,0.2570840683430644
2,69,FedLoRA,total,0.24842146061866258
2,70,FedLoRA,citation,0.2672465467474435
2,70,FedLoRA,reasoning,0.24677044097802942
2,70,FedLoRA,verdict,0.21697684339803716
2,70,FedLoRA,rule alignment,0.24398935842161196
2,70,FedLoRA,total,0.2438848515141014
2,71,FedLoRA,citation,0.26445478104526904
2,71,FedLoRA,reasoning,0.24374825615961365
2,71,FedLoRA,verdict,0.21871303313099696
2,71,FedLoRA,rule alignment,0.2520476077539449
2,71,FedLoRA,total,0.2443259519427396
2,72,FedLoRA,citation,0.27172344053195857
2,72,FedLoRA,reasoning,0.2459049354629338
2,72,FedLoRA,verdict,0.22148257466894192
2,72,FedLoRA,rule alignment,0.25414648879904383
2,72,FedLoRA,total,0.24790228219891403
2,73,FedLoRA,citation,0.2670415969746974
2,73,FedLoRA,reasoning,0.23135022751631418
2,73,FedLoRA,verdict,0.20985108584132464
2,73,FedLoRA,rule alignment,0.2511619460462664
2,73,FedLoRA,total,0.23886062816815307
2,74,FedLoRA,citation,0.25736114933745724
2,74,FedLoRA,reasoning,0.23992357779125617
2,74,FedLoRA,verdict,0.21767728264717734
2,74,FedLoRA,rule alignment,0.22612489450722348
2,74,FedLoRA,total,0.2359616602349802
2,75,FedLoRA,citation,0.2540843796823718
2,75,FedLoRA,reasoning,0.24595515074118518
2,75,FedLoRA,verdict,0.21746286247211405
2,75,FedLoRA,rule alignment,0.2534803871051596
2,75,FedLoRA,total,0.2423694331820089
2,76,FedLoRA,citation,0.26037354860490197
2,76,FedLoRA,reasoning,0.2146484737313595
2,76,FedLoRA,verdict,0.19854962857066905
2,76,FedLoRA,rule alignment,0.25169689526866057
2,76,FedLoRA,total,0.22946471546703273
2,77,FedLoRA,citation,0.2495553756378329
2,77,FedLoRA,reasoning,0.22574025495572153
2,77,FedLoRA,verdict,0.20451446989300473
2,77,FedLoRA,rule alignment,0.2484160240288994
2,77,FedLoRA,total,0.23092274267520574
2,78,FedLoRA,citation,0.2560116732424349
2,78,FedLoRA,reasoning,0.2256977568622144
2,78,FedLoRA,verdict,0.2066476600148472
2,78,FedLoRA,rule alignment,0.2524730249539165
2,78,FedLoRA,total,0.23386876536376816
2,79,FedLoRA,citation,0.24776725793694518
2,79,FedLoRA,reasoning,0.2308477132734795
2,79,FedLoRA,verdict,0.20541469259854223
2,79,FedLoRA,rule alignment,0.2219801804740321
2,79,FedLoRA,total,0.22694583771072213
2,80,FedLoRA,citation,0.257876713455962
2,80,FedLoRA,reasoning,0.2290036206805243
2,80,FedLoRA,verdict,0.1902419800892612
2,80,FedLoRA,rule alignment,0.21948191479052614
2,80,FedLoRA,total,0.2246271425485683
2,81,FedLoRA,citation,0.2353859031287032
2,81,FedLoRA,reasoning,0.21935120112434117
2,81,FedLoRA,verdict,0.18810575843294028
2,81,FedLoRA,rule alignment,0.23892695410926904
2,81,FedLoRA,total,0.21946366654956703
2,82,FedLoRA,citation,0.24671288147592252
2,82,FedLoRA,reasoning,0.21800394260408762
2,82,FedLoRA,verdict,0.20402423533324568
2,82,FedLoRA,rule alignment,0.2361162305179144
2,82,FedLoRA,total,0.2253087080871012
2,83,FedLoRA,citation,0.23880744343298893
2,83,FedLoRA,reasoning,0.2154189111003632
2,83,FedLoRA,verdict,0.18838725113353297
2,83,FedLoRA,rule alignment,0.2259460205999742
2,83,FedLoRA,total,0.2166135510917343
2,84,FedLoRA,citation,0.2462024922865984
2,84,FedLoRA,reasoning,0.21521635197829772
2,84,FedLoRA,verdict,0.1849468019165169
2,84,FedLoRA,rule alignment,0.22440899861995492
2,84,FedLoRA,total,0.21723402886825913
2,85,FedLoRA,citation,0.23884016163857133
2,85,FedLoRA,reasoning,0.21373186339301206
2,85,FedLoRA,verdict,0.18800885000912945
2,85,FedLoRA,rule alignment,0.21708701942830388
2,85,FedLoRA,total,0.2142492158154896
2,86,FedLoRA,citation,0.23177191883878154
2,86,FedLoRA,reasoning,0.20740728121084928
2,86,FedLoRA,verdict,0.19528482165456684
2,86,FedLoRA,rule alignment,0.2221664791303046
2,86,FedLoRA,total,0.2134196653126528
2,87,FedLoRA,citation,0.23608440988731197
2,87,FedLoRA,reasoning,0.20422559185702382
2,87,FedLoRA,verdict,0.17877728360375342
2,87,FedLoRA,rule alignment,0.22810011443983502
2,87,FedLoRA,total,0.21060312381784052
2,88,FedLoRA,citation,0.2358160177888629
2,88,FedLoRA,reasoning,0.20781265005804683
2,88,FedLoRA,verdict,0.1886344400806272
2,88,FedLoRA,rule alignment,0.21201040961905693
2,88,FedLoRA,total,0.21085849140859797
2,89,FedLoRA,citation,0.22510673791773284
2,89,FedLoRA,reasoning,0.20774504407006011
2,89,FedLoRA,verdict,0.1875861571482988
2,89,FedLoRA,rule alignment,0.2021932069008293
2,89,FedLoRA,total,0.2059353783676918
2,90,FedLoRA,citation,0.24156077745476084
2,90,FedLoRA,reasoning,0.19408234403770142
2,90,FedLoRA,verdict,0.1779768995422478
2,90,FedLoRA,rule alignment,0.21460904078145313
2,90,FedLoRA,total,0.2060309306168532
2,91,FedLoRA,citation,0.220155443742043
2,91,FedLoRA,reasoning,0.21202748386984513
2,91,FedLoRA,verdict,0.18625036821969299
2,91,FedLoRA,rule alignment,0.20696693315149747
2,91,FedLoRA,total,0.20660308478168704
2,92,FedLoRA,citation,0.21545491992922794
2,92,FedLoRA,reasoning,0.20464742835189012
2,92,FedLoRA,verdict,0.19379797797186582
2,92,FedLoRA,rule alignment,0.2158796493365953
2,92,FedLoRA,total,0.20688338284815952
2,93,FedLoRA,citation,0.2122241935903479
2,93,FedLoRA,reasoning,0.20098149601974602
2,93,FedLoRA,verdict,0.18012655439711223
2,93,FedLoRA,rule alignment,0.2199465359739073
2,93,FedLoRA,total,0.20237144299757026
2,94,FedLoRA,citation,0.21974843814566097
2,94,FedLoRA,reasoning,0.18880371779112434
2,94,FedLoRA,verdict,0.1847069624896312
2,94,FedLoRA,rule alignment,0.20998804692091544
2,94,FedLoRA,total,0.19975257488034345
2,95,FedLoRA,citation,0.22672023957824053
2,95,FedLoRA,reasoning,0.19485639934365995
2,95,FedLoRA,verdict,0.18535392614575333
2,95,FedLoRA,rule alignment,0.1962845402836076
2,95,FedLoRA,total,0.20073236929081797
2,96,FedLoRA,citation,0.21127889972954486
2,96,FedLoRA,reasoning,0.18465179854451433
2,96,FedLoRA,verdict,0.18566674061022403
2,96,FedLoRA,rule alignment,0.2072769928375622
2,96,FedLoRA,total,0.19608734821580898
2,97,FedLoRA,citation,0.21109391973927422
2,97,FedLoRA,reasoning,0.18556842994019468
2,97,FedLoRA,verdict,0.18420612542269132
2,97,FedLoRA,rule alignment,0.1965693731145938
2,97,FedLoRA,total,0.19380941489546857
2,98,FedLoRA,citation,0.21199838298370263
2,98,FedLoRA,reasoning,0.19718923657772922
2,98,FedLoRA,verdict,0.1866565875912329
2,98,FedLoRA,rule alignment,0.19652711367032075
2,98,FedLoRA,total,0.1981259363511168
2,99,FedLoRA,citation,0.21623569364095904
2,99,FedLoRA,reasoning,0.18560066919151696
2,99,FedLoRA,verdict,0.17334313168926488
2,99,FedLoRA,rule alignment,0.2020277727154588
2,99,FedLoRA,total,0.19348046163310284
2,100,FedLoRA,citation,0.2161238663355375
2,100,FedLoRA,reasoning,0.18036445637132262
2,100,FedLoRA,verdict,0.16874916621097064
2,100,FedLoRA,rule alignment,0.20139158950006936
2,100,FedLoRA,total,0.19060591294803772
2,1,Conflict-aware,citation,0.455601044151233
2,1,Conflict-aware,reasoning,0.4022476880531498
2,1,Conflict-aware,verdict,0.35495772864640945
2,1,Conflict-aware,rule alignment,0.40375562766874196
2,1,Conflict-aware,total,0.404065125149104
2,2,Conflict-aware,citation,0.45988176197321196
2,2,Conflict-aware,reasoning,0.3960811747323109
2,2,Conflict-aware,verdict,0.3477913984727517
2,2,Conflict-aware,rule alignment,0.4024499647732253
2,2,Conflict-aware,total,0.4012326354858292
2,3,Conflict-aware,citation,0.45472239944070386
2,3,Conflict-aware,reasoning,0.38668950640574545
2,3,Conflict-aware,verdict,0.346236801902802
2,3,Conflict-aware,rule alignment,0.40409851170425437
2,3,Conflict-aware,total,0.39706635459845097
2,4,Conflict-aware,citation,0.4287080065064543
2,4,Conflict-aware,reasoning,0.3821186885356298
2,4,Conflict-aware,verdict,0.34627986690352974
2,4,Conflict-aware,rule alignment,0.4054009034486103
2,4,Conflict-aware,total,0.38946275560290705
2,5,Conflict-aware,citation,0.4363722022985692
2,5,Conflict-aware,reasoning,0.37682384260868373
2,5,Conflict-aware,verdict,0.3217196721444538
2,5,Conflict-aware,rule alignment,0.39981778807955937
2,5,Conflict-aware,total,0.38253367900927276
2,6,Conflict-aware,citation,0.4252090060874327
2,6,Conflict-aware,reasoning,0.371917618703382
2,6,Conflict-aware,verdict,0.3176180659124849
2,6,Conflict-aware,rule alignment,0.3910512654432017
2,6,Conflict-aware,total,0.37549230669963435
2,7,Conflict-aware,citation,0.42662833558368485
2,7,Conflict-aware,reasoning,0.3689351281011205
2,7,Conflict-aware,verdict,0.32889246966963265
2,7,Conflict-aware,rule alignment,0.38871333227438654
2,7,Conflict-aware,total,0.37730340619854286
2,8,Conflict-aware,citation,0.4212850428012574
2,8,Conflict-aware,reasoning,0.3708970088027938
2,8,Conflict-aware,verdict,0.316775416450791
2,8,Conflict-aware,rule alignment,0.38771026932223207
2,8,Conflict-aware,total,0.37332627131829665
2,9,Conflict-aware,citation,0.4213463724974704
2,9,Conflict-aware,reasoning,0.3600779354030171
2,9,Conflict-aware,verdict,0.3207019608737553
2,9,Conflict-aware,rule alignment,0.3882249553459554
2,9,Conflict-aware,total,0.37118045503290265
2,10,Conflict-aware,citation,0.41586011227794917
2,10,Conflict-aware,reasoning,0.36366204696712046
2,10,Conflict-aware,verdict,0.30449235953765014
2,10,Conflict-aware,rule alignment,0.37254952727769863
2,10,Conflict-aware,total,0.3636966374995757
2,11,Conflict-aware,citation,0.4073067160025197
2,11,Conflict-aware,reasoning,0.349794479697713
2,11,Conflict-aware,verdict,0.3179035120992249
2,11,Conflict-aware,rule alignment,0.3712238800504884
2,11,Conflict-aware,total,0.3604856769448477
2,12,Conflict-aware,citation,0.40581073403434165
2,12,Conflict-aware,reasoning,0.35365187585048347
2,12,Conflict-aware,verdict,0.3119125186612198
2,12,Conflict-aware,rule alignment,0.35208668670995036
2,12,Conflict-aware,total,0.3559437132710255
2,13,Conflict-aware,citation,0.40524143468832485
2,13,Conflict-aware,reasoning,0.3490418461967777
2,13,Conflict-aware,verdict,0.304680122123966
2,13,Conflict-aware,rule alignment,0.35580561810897077
2,13,Conflict-aware,total,0.3533540666839002
2,14,Conflict-aware,citation,0.3976503083116959
2,14,Conflict-aware,reasoning,0.3466938732218503
2,14,Conflict-aware,verdict,0.29624340511167213
2,14,Conflict-aware,rule alignment,0.3580828203591125
2,14,Conflict-aware,total,0.34909815439421954
2,15,Conflict-aware,citation,0.38057103044415963
2,15,Conflict-aware,reasoning,0.3508480616738811
2,15,Conflict-aware,verdict,0.30901894999676977
2,15,Conflict-aware,rule alignment,0.3535501945004081
2,15,Conflict-aware,total,0.34836195251247826
2,16,Conflict-aware,citation,0.385799590904229
2,16,Conflict-aware,reasoning,0.33162053566479405
2,16,Conflict-aware,verdict,0.2893236499002073
2,16,Conflict-aware,rule alignment,0.3516405206856041
2,16,Conflict-aware,total,0.3385950750376681
2,17,Conflict-aware,citation,0.37771021839329233
2,17,Conflict-aware,reasoning,0.3355279713710949
2,17,Conflict-aware,verdict,0.29540899706363
2,17,Conflict-aware,rule alignment,0.35191134837780474
2,17,Conflict-aware,total,0.33932046495112
2,18,Conflict-aware,citation,0.3776125848476018
2,18,Conflict-aware,reasoning,0.3248354331882467
2,18,Conflict-aware,verdict,0.28748690736224636
2,18,Conflict-aware,rule alignment,0.3445550179362402
2,18,Conflict-aware,total,0.3326365065961841
2,19,Conflict-aware,citation,0.36596008865030205
2,19,Conflict-aware,reasoning,0.32662359552813525
2,19,Conflict-aware,verdict,0.28974648854337276
2,19,Conflict-aware,rule alignment,0.3552815093047038
2,19,Conflict-aware,total,0.3329700248178
2,20,Conflict-aware,citation,0.3739874196418906
2,20,Conflict-aware,reasoning,0.32840976312016135
2,20,Conflict-aware,verdict,0.27458264714151226
2,20,Conflict-aware,rule alignment,0.3386980165021773
2,20,Conflict-aware,total,0.3284050489323346
2,21,Conflict-aware,citation,0.3649477899705911
2,21,Conflict-aware,reasoning,0.3211810494471979
2,21,Conflict-aware,verdict,0.27239803935588075
2,21,Conflict-aware,rule alignment,0.32969738385162145
2,21,Conflict-aware,total,0.3216302489361016
2,22,Conflict-aware,citation,0.37467031269400797
2,22,Conflict-aware,reasoning,0.3214776902096347
2,22,Conflict-aware,verdict,0.2865175171118283
2,22,Conflict-aware,rule alignment,0.33380489987668677
2,22,Conflict-aware,total,0.32850124448968687
2,23,Conflict-aware,citation,0.3627029096985868
2,23,Conflict-aware,reasoning,0.31013353960014145
2,23,Conflict-aware,verdict,0.27702520682248183
2,23,Conflict-aware,rule alignment,0.324884597835032
2,23,Conflict-aware,total,0.317949010577316
2,24,Conflict-aware,citation,0.35950491038650084
2,24,Conflict-aware,reasoning,0.3081662442065374
2,24,Conflict-aware,verdict,0.2900279914270915
2,24,Conflict-aware,rule alignment,0.3221861750560178
2,24,Conflict-aware,total,0.3192703337265629
2,25,Conflict-aware,citation,0.3536484808907525
2,25,Conflict-aware,reasoning,0.3180411268115865
2,25,Conflict-aware,verdict,0.2836057058906802
2,25,Conflict-aware,rule alignment,0.3112292733836416
2,25,Conflict-aware,total,0.31697173941556245
2,26,Conflict-aware,citation,0.3328928115522053
2,26,Conflict-aware,reasoning,0.29386090313182706
2,26,Conflict-aware,verdict,0.2695167314880178
2,26,Conflict-aware,rule alignment,0.3175981365976369
2,26,Conflict-aware,total,0.30228028401913126
2,27,Conflict-aware,citation,0.34759394347922123
2,27,Conflict-aware,reasoning,0.30005559006430965
2,27,Conflict-aware,verdict,0.25936396306045695
2,27,Conflict-aware,rule alignment,0.32659183534838543
2,27,Conflict-aware,total,0.3070745207238895
2,28,Conflict-aware,citation,0.33064509746159887
2,28,Conflict-aware,reasoning,0.2898775036346375
2,28,Conflict-aware,verdict,0.261596740819931
2,28,Conflict-aware,rule alignment,0.29717239726826605
2,28,Conflict-aware,total,0.2944581901144269
2,29,Conflict-aware,citation,0.34819054448376885
2,29,Conflict-aware,reasoning,0.2926399585651154
2,29,Conflict-aware,verdict,0.2523413184467641
2,29,Conflict-aware,rule alignment,0.3102795440484865
2,29,Conflict-aware,total,0.29998086211186514
2,30,Conflict-aware,citation,0.34492254331942335
2,30,Conflict-aware,reasoning,0.29433280769270714
2,30,Conflict-aware,verdict,0.26512842801619724
2,30,Conflict-aware,rule alignment,0.3061649844791137
2,30,Conflict-aware,total,0.30204558203754
2,31,Conflict-aware,citation,0.3362574009167306
2,31,Conflict-aware,reasoning,0.2787208598964271
2,31,Conflict-aware,verdict,0.2512891692643911
2,31,Conflict-aware,rule alignment,0.2946055102735749
2,31,Conflict-aware,total,0.28942400256892353
2,32,Conflict-aware,citation,0.32807186100690844
2,32,Conflict-aware,reasoning,0.2807361881811274
2,32,Conflict-aware,verdict,0.256264079294377
2,32,Conflict-aware,rule alignment,0.30620055982759964
2,32,Conflict-aware,total,0.2915449534951795
2,33,Conflict-aware,citation,0.32876236005601195
2,33,Conflict-aware,reasoning,0.2832971364301232
2,33,Conflict-aware,verdict,0.25718763953580565
2,33,Conflict-aware,rule alignment,0.3046275314546391
2,33,Conflict-aware,total,0.29240214711791923
2,34,Conflict-aware,citation,0.31695122166830547
2,34,Conflict-aware,reasoning,0.2824220833389799
2,34,Conflict-aware,verdict,0.23386648679368524
2,34,Conflict-aware,rule alignment,0.3011982786638894
2,34,Conflict-aware,total,0.28267070784996956
2,35,Conflict-aware,citation,0.32239495449770594
2,35,Conflict-aware,reasoning,0.27835943232976484
2,35,Conflict-aware,verdict,0.2511556702759892
2,35,Conflict-aware,rule alignment,0.2857867155620509
2,35,Conflict-aware,total,0.2840528290047634
2,36,Conflict-aware,citation,0.3004591861308868
2,36,Conflict-aware,reasoning,0.27281892530498353
2,36,Conflict-aware,verdict,0.26287635036766693
2,36,Conflict-aware,rule alignment,0.2897156747604524
2,36,Conflict-aware,total,0.280622696668224
2,37,Conflict-aware,citation,0.30737729017695414
2,37,Conflict-aware,reasoning,0.28871712256004795
2,37,Conflict-aware,verdict,0.2241236274279901
2,37,Conflict-aware,rule alignment,0.28502005049230417
2,37,Conflict-aware,total,0.2764943762677113
2,38,Conflict-aware,citation,0.3097258999304487
2,38,Conflict-aware,reasoning,0.271322038840868
2,38,Conflict-aware,verdict,0.2402610299164607
2,38,Conflict-aware,rule alignment,0.27947063577250864
2,38,Conflict-aware,total,0.27478747126848946
2,39,Conflict-aware,citation,0.3040717448711397
2,39,Conflict-aware,reasoning,0.256424908903756
2,39,Conflict-aware,verdict,0.24854157499079987
2,39,Conflict-aware,rule alignment,0.2821391501441183
2,39,Conflict-aware,total,0.27150863266543535
2,40,Conflict-aware,citation,0.31315280943955714
2,40,Conflict-aware,reasoning,0.26767307099684756
2,40,Conflict-aware,verdict,0.23548577353438221
2,40,Conflict-aware,rule alignment,0.2830442084927703
2,40,Conflict-aware,total,0.2740704087410932
2,41,Conflict-aware,citation,0.3139554154528887
2,41,Conflict-aware,reasoning,0.2615103295306807
2,41,Conflict-aware,verdict,0.23553774391154714
2,41,Conflict-aware,rule alignment,0.2573931011260972
2,41,Conflict-aware,total,0.2673050089255326
2,42,Conflict-aware,citation,0.2866493603880744
2,42,Conflict-aware,reasoning,0.2579361456424793
2,42,Conflict-aware,verdict,0.22239731663042472
2,42,Conflict-aware,rule alignment,0.27666980624192167
2,42,Conflict-aware,total,0.2599764741957529
2,43,Conflict-aware,citation,0.3158685622447093
2,43,Conflict-aware,reasoning,0.25970411630335644
2,43,Conflict-aware,verdict,0.231912674577795
2,43,Conflict-aware,rule alignment,0.2587263200621631
2,43,Conflict-aware,total,0.26660180810906564
2,44,Conflict-aware,citation,0.2900554605063818
2,44,Conflict-aware,reasoning,0.25229390914390487
2,44,Conflict-aware,verdict,0.235942560444491
2,44,Conflict-aware,rule alignment,0.2691355130022025
2,44,Conflict-aware,total,0.26101478058133015
2,45,Conflict-aware,citation,0.2709275779659181
2,45,Conflict-aware,reasoning,0.2507889519508717
2,45,Conflict-aware,verdict,0.22916989334983173
2,45,Conflict-aware,rule alignment,0.26022945562293764
2,45,Conflict-aware,total,0.2523069445387865
2,46,Conflict-aware,citation,0.29547912216423344
2,46,Conflict-aware,reasoning,0.24381551603583465
2,46,Conflict-aware,verdict,0.21169729812034385
2,46,Conflict-aware,rule alignment,0.2564336742296708
2,46,Conflict-aware,total,0.25122549472782885
2,47,Conflict-aware,citation,0.2705299744921528
2,47,Conflict-aware,reasoning,0.2532817556839914
2,47,Conflict-aware,verdict,0.21237396577043108
2,47,Conflict-aware,rule alignment,0.26702292233481667
2,47,Conflict-aware,total,0.25011509623780676
2,48,Conflict-aware,citation,0.282042134517052
2,48,Conflict-aware,reasoning,0.2530608188850329
2,48,Conflict-aware,verdict,0.2239486853332408
2,48,Conflict-aware,rule alignment,0.24971850979412236
2,48,Conflict-aware,total,0.25235965258690757
2,49,Conflict-aware,citation,0.27102016360784964
2,49,Conflict-aware,reasoning,0.24717564835836622
2,49,Conflict-aware,verdict,0.21604147306976584
2,49,Conflict-aware,rule alignment,0.24853181924744905
2,49,Conflict-aware,total,0.24562446752640354
2,50,Conflict-aware,citation,0.2751092718479673
2,50,Conflict-aware,reasoning,0.24643773593363774
2,50,Conflict-aware,verdict,0.22273076493396743
2,50,Conflict-aware,rule alignment,0.2378356951186204
2,50,Conflict-aware,total,0.2459584689992991
2,51,Conflict-aware,citation,0.26820187002667295
2,51,Conflict-aware,reasoning,0.23452704320766687
2,51,Conflict-aware,verdict,0.2189101581038023
2,51,Conflict-aware,rule alignment,0.24116407977352028
2,51,Conflict-aware,total,0.24036893594962294
2,52,Conflict-aware,citation,0.27017565553018996
2,52,Conflict-aware,reasoning,0.2433749246643942
2,52,Conflict-aware,verdict,0.2146772521519102
2,52,Conflict-aware,rule alignment,0.24635273867583157
2,52,Conflict-aware,total,0.24349625205500963
2,53,Conflict-aware,citation,0.26603688890445326
2,53,Conflict-aware,reasoning,0.2357399095221157
2,53,Conflict-aware,verdict,0.21320490496477573
2,53,Conflict-aware,rule alignment,0.24514369573290073
2,53,Conflict-aware,total,0.23956116047052212
2,54,Conflict-aware,citation,0.2721158385976021
2,54,Conflict-aware,reasoning,0.22692827415403719
2,54,Conflict-aware,verdict,0.21308283012177576
2,54,Conflict-aware,rule alignment,0.24550418509208038
2,54,Conflict-aware,total,0.2384789864444717
2,55,Conflict-aware,citation,0.2632980220205348
2,55,Conflict-aware,reasoning,0.2276087445358472
2,55,Conflict-aware,verdict,0.2051757312539826
2,55,Conflict-aware,rule alignment,0.23833913596556433
2,55,Conflict-aware,total,0.23306888887249638
2,56,Conflict-aware,citation,0.25615432772137015
2,56,Conflict-aware,reasoning,0.21520533932784006
2,56,Conflict-aware,verdict,0.2006850830847191
2,56,Conflict-aware,rule alignment,0.2393271837668847
2,56,Conflict-aware,total,0.22663689125325126
2,57,Conflict-aware,citation,0.25579673134639114
2,57,Conflict-aware,reasoning,0.22679610576209525
2,57,Conflict-aware,verdict,0.21355210706213262
2,57,Conflict-aware,rule alignment,0.22858410064779738
2,57,Conflict-aware,total,0.231092861460319
2,58,Conflict-aware,citation,0.2636853695719716
2,58,Conflict-aware,reasoning,0.22156411430078424
2,58,Conflict-aware,verdict,0.20106865091296036
2,58,Conflict-aware,rule alignment,0.23100485364181214
2,58,Conflict-aware,total,0.2288587101398307
2,59,Conflict-aware,citation,0.26048866687503225
2,59,Conflict-aware,reasoning,0.23115921200561546
2,59,Conflict-aware,verdict,0.21352282769484057
2,59,Conflict-aware,rule alignment,0.2249473101218202
2,59,Conflict-aware,total,0.23284009926851687
2,60,Conflict-aware,citation,0.2477974670621994
2,60,Conflict-aware,reasoning,0.22353702566597233
2,60,Conflict-aware,verdict,0.20076936590152478
2,60,Conflict-aware,rule alignment,0.24172869543029407
2,60,Conflict-aware,total,0.22754855502678156
2,61,Conflict-aware,citation,0.2530072812580832
2,61,Conflict-aware,reasoning,0.2289979415564845
2,61,Conflict-aware,verdict,0.19032844065413446
2,61,Conflict-aware,rule alignment,0.22387559335296647
2,61,Conflict-aware,total,0.22430843161559308
2,62,Conflict-aware,citation,0.24900753267455267
2,62,Conflict-aware,reasoning,0.2135167287692103
2,62,Conflict-aware,verdict,0.20919282435086348
2,62,Conflict-aware,rule alignment,0.23430474399215726
2,62,Conflict-aware,total,0.22546605668554856
2,63,Conflict-aware,citation,0.2617156286568214
2,63,Conflict-aware,reasoning,0.20824519736285402
2,63,Conflict-aware,verdict,0.1978761397525916
2,63,Conflict-aware,rule alignment,0.22069677290768253
2,63,Conflict-aware,total,0.22151085589274594
2,64,Conflict-aware,citation,0.23141060795489743
2,64,Conflict-aware,reasoning,0.21004789607690816
2,64,Conflict-aware,verdict,0.18073179223296865
2,64,Conflict-aware,rule alignment,0.2153835158501679
2,64,Conflict-aware,total,0.20912667204007257
2,65,Conflict-aware,citation,0.2528666624228595
2,65,Conflict-aware,reasoning,0.22056309039575256
2,65,Conflict-aware,verdict,0.18270934354978818
2,65,Conflict-aware,rule alignment,0.22383413491690363
2,65,Conflict-aware,total,0.2198297555952684
2,66,Conflict-aware,citation,0.24147942854806004
2,66,Conflict-aware,reasoning,0.22564115049157774
2,66,Conflict-aware,verdict,0.17728147857613644
2,66,Conflict-aware,rule alignment,0.22101646828248311
2,66,Conflict-aware,total,0.21658586558501908
2,67,Conflict-aware,citation,0.23143012495501275
2,67,Conflict-aware,reasoning,0.21067863268528841
2,67,Conflict-aware,verdict,0.19189292369297958
2,67,Conflict-aware,rule alignment,0.20995881730312724
2,67,Conflict-aware,total,0.21102611542821004
2,68,Conflict-aware,citation,0.23550366587363397
2,68,Conflict-aware,reasoning,0.21400806156987298
2,68,Conflict-aware,verdict,0.177856490725434
2,68,Conflict-aware,rule alignment,0.21839366722141756
2,68,Conflict-aware,total,0.21122119106501241
2,69,Conflict-aware,citation,0.2247500030874541
2,69,Conflict-aware,reasoning,0.20412059131494845
2,69,Conflict-aware,verdict,0.18573462689993395
2,69,Conflict-aware,rule alignment,0.21065852250046138
2,69,Conflict-aware,total,0.20598903939142382
2,70,Conflict-aware,citation,0.2207871301084309
2,70,Conflict-aware,reasoning,0.2006812352194585
2,70,Conflict-aware,verdict,0.19450577481059775
2,70,Conflict-aware,rule alignment,0.2056789324608071
2,70,Conflict-aware,total,0.20516338328775613
2,71,Conflict-aware,citation,0.227848280940315
2,71,Conflict-aware,reasoning,0.2011579269223994
2,71,Conflict-aware,verdict,0.19186489753071506
2,71,Conflict-aware,rule alignment,0.21855309824833677
2,71,Conflict-aware,total,0.2089862923441447
2,72,Conflict-aware,citation,0.22695960082265762
2,72,Conflict-aware,reasoning,0.19311943766912254
2,72,Conflict-aware,verdict,0.18980998340128985
2,72,Conflict-aware,rule alignment,0.21393257042352132
2,72,Conflict-aware,total,0.2049147414414279
2,73,Conflict-aware,citation,0.22425744702858538
2,73,Conflict-aware,reasoning,0.20294180153882885
2,73,Conflict-aware,verdict,0.16707046031313796
2,73,Conflict-aware,rule alignment,0.2041000876811651
2,73,Conflict-aware,total,0.19953453483331252
2,74,Conflict-aware,citation,0.2308917611444137
2,74,Conflict-aware,reasoning,0.18784545596147642
2,74,Conflict-aware,verdict,0.18699639001665727
2,74,Conflict-aware,rule alignment,0.20860043263640163
2,74,Conflict-aware,total,0.20254576110599098
2,75,Conflict-aware,citation,0.2319754954459133
2,75,Conflict-aware,reasoning,0.19412297658304598
2,75,Conflict-aware,verdict,0.16943126570043032
2,75,Conflict-aware,rule alignment,0.20031165926241631
2,75,Conflict-aware,total,0.19865091511398295
2,76,Conflict-aware,citation,0.21271854949050087
2,76,Conflict-aware,reasoning,0.19339566288071355
2,76,Conflict-aware,verdict,0.17238385968123815
2,76,Conflict-aware,rule alignment,0.21920194418707828
2,76,Conflict-aware,total,0.19813468999456446
2,77,Conflict-aware,citation,0.20801328593037474
2,77,Conflict-aware,reasoning,0.19744522335814463
2,77,Conflict-aware,verdict,0.1665179984177207
2,77,Conflict-aware,rule alignment,0.1924873484907416
2,77,Conflict-aware,total,0.19136385779261555
2,78,Conflict-aware,citation,0.2029868120408093
2,78,Conflict-aware,reasoning,0.20226966861432852
2,78,Conflict-aware,verdict,0.16842881267502102
2,78,Conflict-aware,rule alignment,0.20344609533321822
2,78,Conflict-aware,total,0.19422402582989978
2,79,Conflict-aware,citation,0.2079172314392988
2,79,Conflict-aware,reasoning,0.1927681623726459
2,79,Conflict-aware,verdict,0.16336217985182167
2,79,Conflict-aware,rule alignment,0.1860881037384932
2,79,Conflict-aware,total,0.1878679222822725
2,80,Conflict-aware,citation,0.21126019177228134
2,80,Conflict-aware,reasoning,0.17831916238712717
2,80,Conflict-aware,verdict,0.1781871095772973
2,80,Conflict-aware,rule alignment,0.2042239410190446
2,80,Conflict-aware,total,0.19170236225734172
2,81,Conflict-aware,citation,0.21726466809963854
2,81,Conflict-aware,reasoning,0.1908450070158729
2,81,Conflict-aware,verdict,0.17124007888832893
2,81,Conflict-aware,rule alignment,0.19412452518138615
2,81,Conflict-aware,total,0.19320459388803096
2,82,Conflict-aware,citation,0.2165932187994194
2,82,Conflict-aware,reasoning,0.17821596128451
2,82,Conflict-aware,verdict,0.1655445251226322
2,82,Conflict-aware,rule alignment,0.19278710326859613
2,82,Conflict-aware,total,0.18755664501958513
2,83,Conflict-aware,citation,0.20763763593724827
2,83,Conflict-aware,reasoning,0.17060770929661082
2,83,Conflict-aware,verdict,0.18113974468016106
2,83,Conflict-aware,rule alignment,0.19688920704454174
2,83,Conflict-aware,total,0.18775449935224392
2,84,Conflict-aware,citation,0.2076087139537532
2,84,Conflict-aware,reasoning,0.18031803472305588
2,84,Conflict-aware,verdict,0.16195251710704162
2,84,Conflict-aware,rule alignment,0.18442341495561607
2,84,Conflict-aware,total,0.1833704011732387
2,85,Conflict-aware,citation,0.2219928753913628
2,85,Conflict-aware,reasoning,0.19722602034595557
2,85,Conflict-aware,verdict,0.16793090132442876
2,85,Conflict-aware,rule alignment,0.2025735524597173
2,85,Conflict-aware,total,0.19716346077467803
2,86,Conflict-aware,citation,0.21082905135621877
2,86,Conflict-aware,reasoning,0.17638146015034328
2,86,Conflict-aware,verdict,0.17377408626104998
2,86,Conflict-aware,rule alignment,0.1879352167291634
2,86,Conflict-aware,total,0.18665226579525285
2,87,Conflict-aware,citation,0.1900143431238612
2,87,Conflict-aware,reasoning,0.17775726811587822
2,87,Conflict-aware,verdict,0.16819267890024417
2,87,Conflict-aware,rule alignment,0.18028385125346022
2,87,Conflict-aware,total,0.17893570619148183
2,88,Conflict-aware,citation,0.2039255507215545
2,88,Conflict-aware,reasoning,0.17612970999155467
2,88,Conflict-aware,verdict,0.17315316563886762
2,88,Conflict-aware,rule alignment,0.19347530124574966
2,88,Conflict-aware,total,0.18580365233672186
2,89,Conflict-aware,citation,0.18488855572394713
2,89,Conflict-aware,reasoning,0.18316336596894894
2,89,Conflict-aware,verdict,0.16052398312429872
2,89,Conflict-aware,rule alignment,0.1887215937214878
2,89,Conflict-aware,total,0.1790464632470437
2,90,Conflict-aware,citation,0.18985955566328416
2,90,Conflict-aware,reasoning,0.1876199954921976
2,90,Conflict-aware,verdict,0.17535836867067547
2,90,Conflict-aware,rule alignment,0.17957522822363575
2,90,Conflict-aware,total,0.18350552537587633
2,91,Conflict-aware,citation,0.19850142210627642
2,91,Conflict-aware,reasoning,0.1838224150673768
2,91,Conflict-aware,verdict,0.16482281623038508
2,91,Conflict-aware,rule alignment,0.1753737209621556
2,91,Conflict-aware,total,0.1810525282968095
2,92,Conflict-aware,citation,0.18705885742697
2,92,Conflict-aware,reasoning,0.1862746303353506
2,92,Conflict-aware,verdict,0.15564779990752742
2,92,Conflict-aware,rule alignment,0.18503347228589578
2,92,Conflict-aware,total,0.1785657478914087
2,93,Conflict-aware,citation,0.19741406758113617
2,93,Conflict-aware,reasoning,0.16216677473064034
2,93,Conflict-aware,verdict,0.1541300620714238
2,93,Conflict-aware,rule alignment,0.1743915331763346
2,93,Conflict-aware,total,0.171414371467599
2,94,Conflict-aware,citation,0.19519757807861787
2,94,Conflict-aware,reasoning,0.1691540713366541
2,94,Conflict-aware,verdict,0.1671260281974231
2,94,Conflict-aware,rule alignment,0.18243452501983468
2,94,Conflict-aware,total,0.1778140279739734
2,95,Conflict-aware,citation,0.1892560474430636
2,95,Conflict-aware,reasoning,0.16346845758777673
2,95,Conflict-aware,verdict,0.16535441091195757
2,95,Conflict-aware,rule alignment,0.17511379814137815
2,95,Conflict-aware,total,0.17271591149336393
2,96,Conflict-aware,citation,0.18121719213172374
2,96,Conflict-aware,reasoning,0.1680600425670042
2,96,Conflict-aware,verdict,0.1540234898354883
2,96,Conflict-aware,rule alignment,0.16803249360108916
2,96,Conflict-aware,total,0.16783468198212212
2,97,Conflict-aware,citation,0.17791783387046675
2,97,Conflict-aware,reasoning,0.17032175154837007
2,97,Conflict-aware,verdict,0.15462968159302773
2,97,Conflict-aware,rule alignment,0.16446633457772653
2,97,Conflict-aware,total,0.16712667124592995
2,98,Conflict-aware,citation,0.17920374963882235
2,98,Conflict-aware,reasoning,0.15343638619242855
2,98,Conflict-aware,verdict,0.15346313174629567
2,98,Conflict-aware,rule alignment,0.16472794290529244
2,98,Conflict-aware,total,0.16214322478506654
2,99,Conflict-aware,citation,0.18504153999939074
2,99,Conflict-aware,reasoning,0.1710143176651076
2,99,Conflict-aware,verdict,0.15659072848559946
2,99,Conflict-aware,rule alignment,0.1895196492585017
2,99,Conflict-aware,total,0.17461629227248018
2,100,Conflict-aware,citation,0.17510018781127684
2,100,Conflict-aware,reasoning,0.16794890024944018
2,100,Conflict-aware,verdict,0.16076585172817803
2,100,Conflict-aware,rule alignment,0.17816581772827228
2,100,Conflict-aware,total,0.16998434350535022
2,1,Full framework,citation,0.40758445076379013
2,1,Full framework,reasoning,0.3403599708695459
2,1,Full framework,verdict,0.30312412147204104
2,1,Full framework,rule alignment,0.3686425675155092
2,1,Full framework,total,0.3535136478229234
2,2,Full framework,citation,0.40752769156082297
2,2,Full framework,reasoning,0.3372822667610592
2,2,Full framework,verdict,0.29165036693863455
2,2,Full framework,rule alignment,0.3622683785317673
2,2,Full framework,total,0.34843287035953563
2,3,Full framework,citation,0.4005089613349617
2,3,Full framework,reasoning,0.3456408615674149
2,3,Full framework,verdict,0.3073078190022435
2,3,Full framework,rule alignment,0.35844255495067706
2,3,Full framework,total,0.3523349645446612
2,4,Full framework,citation,0.38556665192472045
2,4,Full framework,reasoning,0.33112406325262045
2,4,Full framework,verdict,0.2956025778582456
2,4,Full framework,rule alignment,0.360302040315267
2,4,Full framework,total,0.34168993448458107
2,5,Full framework,citation,0.39672520637025055
2,5,Full framework,reasoning,0.3378537381493295
2,5,Full framework,verdict,0.3066896703247909
2,5,Full framework,rule alignment,0.3478206009096658
2,5,Full framework,total,0.3467739608004924
2,6,Full framework,citation,0.38647882336724304
2,6,Full framework,reasoning,0.3293745169706439
2,6,Full framework,verdict,0.29952727670633167
2,6,Full framework,rule alignment,0.3440147782281751
2,6,Full framework,total,0.3391168357552219
2,7,Full framework,citation,0.3962812897629904
2,7,Full framework,reasoning,0.33278482217371724
2,7,Full framework,verdict,0.2930505745601875
2,7,Full framework,rule alignment,0.3465833144144092
2,7,Full framework,total,0.3414850756157915
2,8,Full framework,citation,0.37759085667741116
2,8,Full framework,reasoning,0.3154431785229612
2,8,Full framework,verdict,0.2897986572194181
2,8,Full framework,rule alignment,0.3364281078705885
2,8,Full framework,total,0.3287659536052134
2,9,Full framework,citation,0.3580426652803641
2,9,Full framework,reasoning,0.3194810005644747
2,9,Full framework,verdict,0.2839461058949004
2,9,Full framework,rule alignment,0.3444756379378619
2,9,Full framework,total,0.32523662055073094
2,10,Full framework,citation,0.37146935253735375
2,10,Full framework,reasoning,0.3187039856923132
2,10,Full framework,verdict,0.2761318419656451
2,10,Full framework,rule alignment,0.3307304351607606
2,10,Full framework,total,0.3236575813655958
2,11,Full framework,citation,0.3603143290485913
2,11,Full framework,reasoning,0.3173907891988648
2,11,Full framework,verdict,0.2750059772178867
2,11,Full framework,rule alignment,0.3305413931164177
2,11,Full framework,total,0.3201555919495625
2,12,Full framework,citation,0.36907608666923175
2,12,Full framework,reasoning,0.31683684347663327
2,12,Full framework,verdict,0.2884606598832435
2,12,Full framework,rule alignment,0.33496067092737725
2,12,Full framework,total,0.32642737386658427
2,13,Full framework,citation,0.3612825511418621
2,13,Full framework,reasoning,0.29127513479066525
2,13,Full framework,verdict,0.26856777862648074
2,13,Full framework,rule alignment,0.3318024456081436
2,13,Full framework,total,0.311205612000914
2,14,Full framework,citation,0.34981043949882334
2,14,Full framework,reasoning,0.309311324352377
2,14,Full framework,verdict,0.2728326735744492
2,14,Full framework,rule alignment,0.3102474633724334
2,14,Full framework,total,0.31050366824851794
2,15,Full framework,citation,0.33925133999988993
2,15,Full framework,reasoning,0.3069314256991492
2,15,Full framework,verdict,0.2768157532843914
2,15,Full framework,rule alignment,0.3119151240577196
2,15,Full framework,total,0.308479225842359
2,16,Full framework,citation,0.34140042820043615
2,16,Full framework,reasoning,0.3044215172843708
2,16,Full framework,verdict,0.25816908498795005
2,16,Full framework,rule alignment,0.3149362241295073
2,16,Full framework,total,0.30420607830830926
2,17,Full framework,citation,0.3563755178256799
2,17,Full framework,reasoning,0.3080102046519649
2,17,Full framework,verdict,0.23994743999963072
2,17,Full framework,rule alignment,0.2954212578825701
2,17,Full framework,total,0.30056805242843115
2,18,Full framework,citation,0.3432719668242788
2,18,Full framework,reasoning,0.2970201483596234
2,18,Full framework,verdict,0.2694562330174598
2,18,Full framework,rule alignment,0.3128805949077535
2,18,Full framework,total,0.30486421344987236
2,19,Full framework,citation,0.33804682799856495
2,19,Full framework,reasoning,0.2911624406758874
2,19,Full framework,verdict,0.26132989990716016
2,19,Full framework,rule alignment,0.3067359156501071
2,19,Full framework,total,0.29854009730921893
2,20,Full framework,citation,0.3336907028465076
2,20,Full framework,reasoning,0.30050634482554445
2,20,Full framework,verdict,0.2510724140979424
2,20,Full framework,rule alignment,0.3027486915118831
2,20,Full framework,total,0.2968924209861525
2,21,Full framework,citation,0.3149016552260284
2,21,Full framework,reasoning,0.2817199131663769
2,21,Full framework,verdict,0.25028983177366815
2,21,Full framework,rule alignment,0.305745091591138
2,21,Full framework,total,0.2869628640180648
2,22,Full framework,citation,0.3142415324021563
2,22,Full framework,reasoning,0.2825687259693249
2,22,Full framework,verdict,0.2566184457398606
2,22,Full framework,rule alignment,0.303075533041076
2,22,Full framework,total,0.28810071893451694
2,23,Full framework,citation,0.30784500381818974
2,23,Full framework,reasoning,0.29630830894040683
2,23,Full framework,verdict,0.245566675941092
2,23,Full framework,rule alignment,0.2843939321848422
2,23,Full framework,total,0.28412419905891095
2,24,Full framework,citation,0.32267133553763133
2,24,Full framework,reasoning,0.2632479641146469
2,24,Full framework,verdict,0.23968687940040675
2,24,Full framework,rule alignment,0.2889422914356275
2,24,Full framework,total,0.2773524012560291
2,25,Full framework,citation,0.3222095234447351
2,25,Full framework,reasoning,0.2774025357874654
2,25,Full framework,verdict,0.23903771196700846
2,25,Full framework,rule alignment,0.28935742963628575
2,25,Full framework,total,0.28140405551643266
2,26,Full framework,citation,0.3186355225216973
2,26,Full framework,reasoning,0.2580768507493077
2,26,Full framework,verdict,0.24749185045520275
2,26,Full framework,rule alignment,0.28717726668664034
2,26,Full framework,total,0.27639035180634536
2,27,Full framework,citation,0.3094593496795332
2,27,Full framework,reasoning,0.259470529073804
2,27,Full framework,verdict,0.2351353709965826
2,27,Full framework,rule alignment,0.2806095778158791
2,27,Full framework,total,0.270111754454346
2,28,Full framework,citation,0.3079042547178555
2,28,Full framework,reasoning,0.2750961901698457
2,28,Full framework,verdict,0.23940514764990245
2,28,Full framework,rule alignment,0.2818295008405928
2,28,Full framework,total,0.27572210781101175
2,29,Full framework,citation,0.3011810133421725
2,29,Full framework,reasoning,0.26123568054973
2,29,Full framework,verdict,0.24346414066338537
2,29,Full framework,rule alignment,0.27806656626314324
2,29,Full framework,total,0.27014530591893715
2,30,Full framework,citation,0.3100638269261903
2,30,Full framework,reasoning,0.2504091135907226
2,30,Full framework,verdict,0.24824876541690216
2,30,Full framework,rule alignment,0.27804657722023
2,30,Full framework,total,0.2703101976070359
2,31,Full framework,citation,0.30110028015691187
2,31,Full framework,reasoning,0.2588479615631116
2,31,Full framework,verdict,0.233597000432253
2,31,Full framework,rule alignment,0.2778384220219814
2,31,Full framework,total,0.26689639302062096
2,32,Full framework,citation,0.288677606629523
2,32,Full framework,reasoning,0.25152894466947423
2,32,Full framework,verdict,0.2374809915916466
2,32,Full framework,rule alignment,0.268652812393071
2,32,Full framework,total,0.26072889543474886
2,33,Full framework,citation,0.2883202520173392
2,33,Full framework,reasoning,0.2534728244174642
2,33,Full framework,verdict,0.23887313391700113
2,33,Full framework,rule alignment,0.2666832622583586
2,33,Full framework,total,0.2611768462604961
2,34,Full framework,citation,0.27823915484613976
2,34,Full framework,reasoning,0.24428732177476598
2,34,Full framework,verdict,0.22261713419406484
2,34,Full framework,rule alignment,0.2599240603303629
2,34,Full framework,total,0.25048508085855353
2,35,Full framework,citation,0.2718318933985435
2,35,Full framework,reasoning,0.2555484096280627
2,35,Full framework,verdict,0.22167260674250622
2,35,Full framework,rule alignment,0.267219721472281
2,35,Full framework,total,0.25348459221813746
2,36,Full framework,citation,0.2898061548494145
2,36,Full framework,reasoning,0.24751120526464615
2,36,Full framework,verdict,0.22073469229638906
2,36,Full framework,rule alignment,0.24992572992497192
2,36,Full framework,total,0.25187371935083913
2,37,Full framework,citation,0.2825446915065421
2,37,Full framework,reasoning,0.24207359789066998
2,37,Full framework,verdict,0.21975261784932704
2,37,Full framework,rule alignment,0.267281074845541
2,37,Full framework,total,0.25165262167527647
2,38,Full framework,citation,0.27035809248689197
2,38,Full framework,reasoning,0.23784042569766892
2,38,Full framework,verdict,0.21974055910621818
2,38,Full framework,rule alignment,0.2615422386102897
2,38,Full framework,total,0.24618523832963615
2,39,Full framework,citation,0.26257840393466564
2,39,Full framework,reasoning,0.24068090976456719
2,39,Full framework,verdict,0.2278167401571118
2,39,Full framework,rule alignment,0.2641113193218061
2,39,Full framework,total,0.24762532281667576
2,40,Full framework,citation,0.27507515638158586
2,40,Full framework,reasoning,0.2410144385371411
2,40,Full framework,verdict,0.20992846501241197
2,40,Full framework,rule alignment,0.2409775023516003
2,40,Full framework,total,0.24175073737996183
2,41,Full framework,citation,0.2695297202218656
2,41,Full framework,reasoning,0.24259402347359688
2,41,Full framework,verdict,0.22149825623492952
2,41,Full framework,rule alignment,0.2489240570714543
2,41,Full framework,total,0.24532001257056868
2,42,Full framework,citation,0.26892689158056565
2,42,Full framework,reasoning,0.24205171396900527
2,42,Full framework,verdict,0.22103270690094795
2,42,Full framework,rule alignment,0.24643052638755197
2,42,Full framework,total,0.2443915190885904
2,43,Full framework,citation,0.2715324502996121
2,43,Full framework,reasoning,0.2238796980022833
2,43,Full framework,verdict,0.21722223352674813
2,43,Full framework,rule alignment,0.23928354106860986
2,43,Full framework,total,0.23720928857099702
2,44,Full framework,citation,0.2623193797792259
2,44,Full framework,reasoning,0.24611263715334578
2,44,Full framework,verdict,0.20244658417240088
2,44,Full framework,rule alignment,0.24196426709603103
2,44,Full framework,total,0.23841813555311664
2,45,Full framework,citation,0.26497019736244964
2,45,Full framework,reasoning,0.22788907423431198
2,45,Full framework,verdict,0.20910022447131746
2,45,Full framework,rule alignment,0.23063144000178332
2,45,Full framework,total,0.23301061572909207
2,46,Full framework,citation,0.2568923850503243
2,46,Full framework,reasoning,0.22893129552615854
2,46,Full framework,verdict,0.20163794220225426
2,46,Full framework,rule alignment,0.23928272231500325
2,46,Full framework,total,0.23116851493399287
2,47,Full framework,citation,0.2635044214062155
2,47,Full framework,reasoning,0.22724968349401786
2,47,Full framework,verdict,0.21212329013146794
2,47,Full framework,rule alignment,0.2439632857701549
2,47,Full framework,total,0.23587449008665717
2,48,Full framework,citation,0.2631820726449392
2,48,Full framework,reasoning,0.23423380040060193
2,48,Full framework,verdict,0.20012063438601907
2,48,Full framework,rule alignment,0.22943655268487645
2,48,Full framework,total,0.23198312741489543
2,49,Full framework,citation,0.2516607942918364
2,49,Full framework,reasoning,0.22460563481462037
2,49,Full framework,verdict,0.20662030947509558
2,49,Full framework,rule alignment,0.23444827860521741
2,49,Full framework,total,0.22884162210716258
2,50,Full framework,citation,0.24723950931355232
2,50,Full framework,reasoning,0.21729068631982157
2,50,Full framework,verdict,0.19384467927095797
2,50,Full framework,rule alignment,0.2165664356803711
2,50,Full framework,total,0.21877154017814826
2,51,Full framework,citation,0.24285127030901454
2,51,Full framework,reasoning,0.23353140969915373
2,51,Full framework,verdict,0.18464829722487944
2,51,Full framework,rule alignment,0.22529895573222616
2,51,Full framework,total,0.22199410593966484
2,52,Full framework,citation,0.2517767704503229
2,52,Full framework,reasoning,0.22095429614994178
2,52,Full framework,verdict,0.2004879297153357
2,52,Full framework,rule alignment,0.21982764206892405
2,52,Full framework,total,0.22331799230018198
2,53,Full framework,citation,0.23736792145039384
2,53,Full framework,reasoning,0.21749535031736295
2,53,Full framework,verdict,0.18404444864236258
2,53,Full framework,rule alignment,0.2238526949488801
2,53,Full framework,total,0.215372236608174
2,54,Full framework,citation,0.2421862579751447
2,54,Full framework,reasoning,0.2168749726585202
2,54,Full framework,verdict,0.19544172787889258
2,54,Full framework,rule alignment,0.21862750207984558
2,54,Full framework,total,0.2181949886770345
2,55,Full framework,citation,0.23819189990237738
2,55,Full framework,reasoning,0.2014048196628728
2,55,Full framework,verdict,0.19055062206772924
2,55,Full framework,rule alignment,0.22141572108505753
2,55,Full framework,total,0.21189022060840002
2,56,Full framework,citation,0.24107996330077558
2,56,Full framework,reasoning,0.20395413640536048
2,56,Full framework,verdict,0.19451272295396865
2,56,Full framework,rule alignment,0.21886866476341468
2,56,Full framework,total,0.21385814543797715
2,57,Full framework,citation,0.23341355346671544
2,57,Full framework,reasoning,0.20845741644992688
2,57,Full framework,verdict,0.1891523029180685
2,57,Full framework,rule alignment,0.223078088025701
2,57,Full framework,total,0.21279430663631427
2,58,Full framework,citation,0.23322542846732677
2,58,Full framework,reasoning,0.21888778783212967
2,58,Full framework,verdict,0.18962488217378856
2,58,Full framework,rule alignment,0.21509606626580902
2,58,Full framework,total,0.21439812726307952
2,59,Full framework,citation,0.22819017903222766
2,59,Full framework,reasoning,0.1999703385658492
2,59,Full framework,verdict,0.18440734115925153
2,59,Full framework,rule alignment,0.2216002408932613
2,59,Full framework,total,0.2074605297962768
2,60,Full framework,citation,0.21863706299552915
2,60,Full framework,reasoning,0.20076687521022873
2,60,Full framework,verdict,0.19810020908382475
2,60,Full framework,rule alignment,0.2111212371677649
2,60,Full framework,total,0.20663862801646007
2,61,Full framework,citation,0.22523414297085975
2,61,Full framework,reasoning,0.20069048862145486
2,61,Full framework,verdict,0.18778974820423183
2,61,Full framework,rule alignment,0.20920768760090472
2,61,Full framework,total,0.2053046569003903
2,62,Full framework,citation,0.23154219240063098
2,62,Full framework,reasoning,0.20209057128933963
2,62,Full framework,verdict,0.17883031677781383
2,62,Full framework,rule alignment,0.19674503916499012
2,62,Full framework,total,0.2025693065144111
2,63,Full framework,citation,0.2236303807702501
2,63,Full framework,reasoning,0.19865172375160928
2,63,Full framework,verdict,0.18265481294505015
2,63,Full framework,rule alignment,0.20134818972243068
2,63,Full framework,total,0.20143645349879397
2,64,Full framework,citation,0.22322508279475803
2,64,Full framework,reasoning,0.200359475084805
2,64,Full framework,verdict,0.17527980575464772
2,64,Full framework,rule alignment,0.2189312751870013
2,64,Full framework,total,0.20352031970019321
2,65,Full framework,citation,0.21699143255840697
2,65,Full framework,reasoning,0.1914598512724842
2,65,Full framework,verdict,0.17713663977348032
2,65,Full framework,rule alignment,0.2088172576081645
2,65,Full framework,total,0.19773342498635
2,66,Full framework,citation,0.22264674686335217
2,66,Full framework,reasoning,0.2027170261262863
2,66,Full framework,verdict,0.1888740028055979
2,66,Full framework,rule alignment,0.21291570819045222
2,66,Full framework,total,0.20627843689321385
2,67,Full framework,citation,0.21583393312244317
2,67,Full framework,reasoning,0.18103328317076647
2,67,Full framework,verdict,0.1838222682294036
2,67,Full framework,rule alignment,0.1875654568909358
2,67,Full framework,total,0.1917371266673788
2,68,Full framework,citation,0.207188833066138
2,68,Full framework,reasoning,0.19542083658869053
2,68,Full framework,verdict,0.1815306344792615
2,68,Full framework,rule alignment,0.18868663696710533
2,68,Full framework,total,0.19354344525637807
2,69,Full framework,citation,0.21693634166145187
2,69,Full framework,reasoning,0.1940478099311552
2,69,Full framework,verdict,0.1665465730833145
2,69,Full framework,rule alignment,0.19734217205449855
2,69,Full framework,total,0.19355350607643784
2,70,Full framework,citation,0.1933786301355957
2,70,Full framework,reasoning,0.17065196860223916
2,70,Full framework,verdict,0.17788594932086985
2,70,Full framework,rule alignment,0.20372656307927836
2,70,Full framework,total,0.1847570480606438
2,71,Full framework,citation,0.20623761036758248
2,71,Full framework,reasoning,0.19250097817878312
2,71,Full framework,verdict,0.1681447084688524
2,71,Full framework,rule alignment,0.18577372193783598
2,71,Full framework,total,0.18850061755031083
2,72,Full framework,citation,0.21305828444703145
2,72,Full framework,reasoning,0.18507053411369218
2,72,Full framework,verdict,0.1656161346151887
2,72,Full framework,rule alignment,0.184160123603518
2,72,Full framework,total,0.1870217897203663
2,73,Full framework,citation,0.1935431361319377
2,73,Full framework,reasoning,0.18937957329107014
2,73,Full framework,verdict,0.15949889383746402
2,73,Full framework,rule alignment,0.1957444274292523
2,73,Full framework,total,0.1842232649655219
2,74,Full framework,citation,0.20089030922629686
2,74,Full framework,reasoning,0.18913360419637198
2,74,Full framework,verdict,0.16993254203970443
2,74,Full framework,rule alignment,0.20046302179045133
2,74,Full framework,total,0.18953839843350218
2,75,Full framework,citation,0.19747819473337572
2,75,Full framework,reasoning,0.1873341360053527
2,75,Full framework,verdict,0.16469092071181324
2,75,Full framework,rule alignment,0.19015878575535175
2,75,Full framework,total,0.1847742768139734
2,76,Full framework,citation,0.18266351451259324
2,76,Full framework,reasoning,0.1872457669155307
2,76,Full framework,verdict,0.17210763154977357
2,76,Full framework,rule alignment,0.19201125966451651
2,76,Full framework,total,0.1832687685231542
2,77,Full framework,citation,0.1978419581252809
2,77,Full framework,reasoning,0.16480182722047818
2,77,Full framework,verdict,0.164248594540869
2,77,Full framework,rule alignment,0.18484728621107605
2,77,Full framework,total,0.17693264357489613
2,78,Full framework,citation,0.2017670126526952
2,78,Full framework,reasoning,0.17506235303646225
2,78,Full framework,verdict,0.16507462216491925
2,78,Full framework,rule alignment,0.18011341132763445
2,78,Full framework,total,0.18025179688086918
2,79,Full framework,citation,0.20588164309026033
2,79,Full framework,reasoning,0.17933255516788835
2,79,Full framework,verdict,0.15474730630717648
2,79,Full framework,rule alignment,0.17172200123737041
2,79,Full framework,total,0.1783014041471998
2,80,Full framework,citation,0.19127107161079235
2,80,Full framework,reasoning,0.16518958568143957
2,80,Full framework,verdict,0.153514704074204
2,80,Full framework,rule alignment,0.1907652505104339
2,80,Full framework,total,0.17390636972776774
2,81,Full framework,citation,0.18987776258191466
2,81,Full framework,reasoning,0.1727048530361394
2,81,Full framework,verdict,0.15651182710736497
2,81,Full framework,rule alignment,0.1762024887425664
2,81,Full framework,total,0.173649351081675
2,82,Full framework,citation,0.1832164038608114
2,82,Full framework,reasoning,0.18025962029345585
2,82,Full framework,verdict,0.15819860897765048
2,82,Full framework,rule alignment,0.178048890151421
2,82,Full framework,total,0.17504141732793643
2,83,Full framework,citation,0.18023663314066252
2,83,Full framework,reasoning,0.16557864236642977
2,83,Full framework,verdict,0.1585563793011424
2,83,Full framework,rule alignment,0.17582430703731847
2,83,Full framework,total,0.16953670722784386
2,84,Full framework,citation,0.19418328012116187
2,84,Full framework,reasoning,0.1753684312031432
2,84,Full framework,verdict,0.1720867030780468
2,84,Full framework,rule alignment,0.18087083038377316
2,84,Full framework,total,0.18035219123749976
2,85,Full framework,citation,0.18460005469656923
2,85,Full framework,reasoning,0.178384091750103
2,85,Full framework,verdict,0.1577124201251446
2,85,Full framework,rule alignment,0.17471249904224567
2,85,Full framework,total,0.17403584603890848
2,86,Full framework,citation,0.1895859906249116
2,86,Full framework,reasoning,0.1698880998733345
2,86,Full framework,verdict,0.15236516403547007
2,86,Full framework,rule alignment,0.16947418524415447
2,86,Full framework,total,0.17034905567592667
2,87,Full framework,citation,0.18541554083098555
2,87,Full framework,reasoning,0.16128633299899467
2,87,Full framework,verdict,0.1584775754037046
2,87,Full framework,rule alignment,0.1719529591984966
2,87,Full framework,total,0.1687497707980703
2,88,Full framework,citation,0.17087054581571182
2,88,Full framework,reasoning,0.17793492458271692
2,88,Full framework,verdict,0.1482105808621096
2,88,Full framework,rule alignment,0.16842895857064724
2,88,Full framework,total,0.16683655075839987
2,89,Full framework,citation,0.18776671162334393
2,89,Full framework,reasoning,0.16669483410418082
2,89,Full framework,verdict,0.15354363047100586
2,89,Full framework,rule alignment,0.16265380025701195
2,89,Full framework,total,0.16786679580624408
2,90,Full framework,citation,0.17508455162116984
2,90,Full framework,reasoning,0.15550950430901103
2,90,Full framework,verdict,0.15774593663273628
2,90,Full framework,rule alignment,0.16016259314722323
2,90,Full framework,total,0.16189299198562448
2,91,Full framework,citation,0.16961105482385536
2,91,Full framework,reasoning,0.1597444107374656
2,91,Full framework,verdict,0.15751652715562345
2,91,Full framework,rule alignment,0.17054765158931326
2,91,Full framework,total,0.16381474903397203
2,92,Full framework,citation,0.1869404293645363
2,92,Full framework,reasoning,0.1649341458319649
2,92,Full framework,verdict,0.15343505931194074
2,92,Full framework,rule alignment,0.1605287456448431
2,92,Full framework,total,0.16667986504767734
2,93,Full framework,citation,0.188428201062997
2,93,Full framework,reasoning,0.1637399692903579
2,93,Full framework,verdict,0.1479684536604787
2,93,Full framework,rule alignment,0.1763256450746819
2,93,Full framework,total,0.16848628348291267
2,94,Full framework,citation,0.17587467572056642
2,94,Full framework,reasoning,0.15162511235140425
2,94,Full framework,verdict,0.1550216310652728
2,94,Full framework,rule alignment,0.14881444719885303
2,94,Full framework,total,0.15797449984165168
2,95,Full framework,citation,0.16981326329092714
2,95,Full framework,reasoning,0.16084020607736008
2,95,Full framework,verdict,0.15914095547143864
2,95,Full framework,rule alignment,0.16817251119668897
2,95,Full framework,total,0.16412511875313723
2,96,Full framework,citation,0.18118642983705727
2,96,Full framework,reasoning,0.16514683776412326
2,96,Full framework,verdict,0.13381010403818167
2,96,Full framework,rule alignment,0.15440067487010328
2,96,Full framework,total,0.15917331977206733
2,97,Full framework,citation,0.1699138037387105
2,97,Full framework,reasoning,0.1556864457281089
2,97,Full framework,verdict,0.1369595659075955
2,97,Full framework,rule alignment,0.1753029757000101
2,97,Full framework,total,0.1584848712700112
2,98,Full framework,citation,0.16563670236247066
2,98,Full framework,reasoning,0.15107018094994193
2,98,Full framework,verdict,0.15732228691657
2,98,Full framework,rule alignment,0.16571418058584744
2,98,Full framework,total,0.15920363772191226
2,99,Full framework,citation,0.1773381767346325
2,99,Full framework,reasoning,0.15861574899344053
2,99,Full framework,verdict,0.16186060375204578
2,99,Full framework,rule alignment,0.16822235069307576
2,99,Full framework,total,0.16602888995831688
2,100,Full framework,citation,0.17004977866308715
2,100,Full framework,reasoning,0.15769308857505462
2,100,Full framework,verdict,0.15145750601968874
2,100,Full framework,rule alignment,0.16199188978451812
2,100,Full framework,total,0.160083125700114
3,1,FedAvg,citation,0.6570518371740673
3,1,FedAvg,reasoning,0.5523125721913789
3,1,FedAvg,verdict,0.4806485585203103
3,1,FedAvg,rule alignment,0.5892286971717682
3,1,FedAvg,total,0.5679646100153617
3,2,FedAvg,citation,0.6620022933924177
3,2,FedAvg,reasoning,0.5572909316461038
3,2,FedAvg,verdict,0.48474746585414047
3,2,FedAvg,rule alignment,0.5851478477859897
3,2,FedAvg,total,0.5709042888626686
3,3,FedAvg,citation,0.6639783556192604
3,3,FedAvg,reasoning,0.5434332376799949
3,3,FedAvg,verdict,0.4728665490623636
3,3,FedAvg,rule alignment,0.5925444217347972
3,3,FedAvg,total,0.5657500818213639
3,4,FedAvg,citation,0.6438613825348912
3,4,FedAvg,reasoning,0.543012290248752
3,4,FedAvg,verdict,0.4637340441850629
3,4,FedAvg,rule alignment,0.5742511124534473
3,4,FedAvg,total,0.5546527662453036
3,5,FedAvg,citation,0.6295914760116342
3,5,FedAvg,reasoning,0.5459437548492845
3,5,FedAvg,verdict,0.4566696085997477
3,5,FedAvg,rule alignment,0.5695735035749697
3,5,FedAvg,total,0.5492630983226248
3,6,FedAvg,citation,0.6211096724452904
3,6,FedAvg,reasoning,0.5210401555467795
3,6,FedAvg,verdict,0.465010462888306
3,6,FedAvg,rule alignment,0.5640525079438987
3,6,FedAvg,total,0.5406525820862127
3,7,FedAvg,citation,0.6256665357921937
3,7,FedAvg,reasoning,0.5220533751268455
3,7,FedAvg,verdict,0.44757157377618856
3,7,FedAvg,rule alignment,0.5572562373650829
3,7,FedAvg,total,0.5363767874031657
3,8,FedAvg,citation,0.6018547133816371
3,8,FedAvg,reasoning,0.5138271220624933
3,8,FedAvg,verdict,0.4431050551208626
3,8,FedAvg,rule alignment,0.5391119756216936
3,8,FedAvg,total,0.5232104738687116
3,9,FedAvg,citation,0.6063280477635307
3,9,FedAvg,reasoning,0.506284257746687
3,9,FedAvg,verdict,0.43747866142285363
3,9,FedAvg,rule alignment,0.5336121187128878
3,9,FedAvg,total,0.5195593783631798
3,10,FedAvg,citation,0.5892450712557676
3,10,FedAvg,reasoning,0.505821962707001
3,10,FedAvg,verdict,0.43125375736321264
3,10,FedAvg,rule alignment,0.5326310001083132
3,10,FedAvg,total,0.513397495988508
3,11,FedAvg,citation,0.5859885115949873
3,11,FedAvg,reasoning,0.5183851270185352
3,11,FedAvg,verdict,0.42853067305559
3,11,FedAvg,rule alignment,0.5284635808926902
3,11,FedAvg,total,0.5148380504467429
3,12,FedAvg,citation,0.5821363623426009
3,12,FedAvg,reasoning,0.5044067294242924
3,12,FedAvg,verdict,0.42117217365200366
3,12,FedAvg,rule alignment,0.5150351355117329
3,12,FedAvg,total,0.5051561799282854
3,13,FedAvg,citation,0.5635675302161782
3,13,FedAvg,reasoning,0.4946124625656889
3,13,FedAvg,verdict,0.4291194515210721
3,13,FedAvg,rule alignment,0.509145831346111
3,13,FedAvg,total,0.4983846504732415
3,14,FedAvg,citation,0.5669579859582082
3,14,FedAvg,reasoning,0.49941125464656955
3,14,FedAvg,verdict,0.42781733466691757
3,14,FedAvg,rule alignment,0.518164081083951
3,14,FedAvg,total,0.5021500227670425
3,15,FedAvg,citation,0.5650130254141991
3,15,FedAvg,reasoning,0.48024524495639387
3,15,FedAvg,verdict,0.4070967276622258
3,15,FedAvg,rule alignment,0.5003842004743372
3,15,FedAvg,total,0.48717785185089185
3,16,FedAvg,citation,0.5520054648359806
3,16,FedAvg,reasoning,0.4684057511882086
3,16,FedAvg,verdict,0.4088144636969275
3,16,FedAvg,rule alignment,0.5037421331087503
3,16,FedAvg,total,0.48147513411143966
3,17,FedAvg,citation,0.551568045755079
3,17,FedAvg,reasoning,0.4727957733224765
3,17,FedAvg,verdict,0.39484863295920036
3,17,FedAvg,rule alignment,0.4892542374594177
3,17,FedAvg,total,0.47629374916719636
3,18,FedAvg,citation,0.54216683217136
3,18,FedAvg,reasoning,0.47539817408748064
3,18,FedAvg,verdict,0.3929470621765102
3,18,FedAvg,rule alignment,0.49832517257717146
3,18,FedAvg,total,0.47606296032864603
3,19,FedAvg,citation,0.5278503738671428
3,19,FedAvg,reasoning,0.46962664172716867
3,19,FedAvg,verdict,0.3924942558634737
3,19,FedAvg,rule alignment,0.47101771044964513
3,19,FedAvg,total,0.4651776920407337
3,20,FedAvg,citation,0.5196638072117719
3,20,FedAvg,reasoning,0.44507219196479797
3,20,FedAvg,verdict,0.39519998949603397
3,20,FedAvg,rule alignment,0.465201840476986
3,20,FedAvg,total,0.455277974861788
3,21,FedAvg,citation,0.5230435066137291
3,21,FedAvg,reasoning,0.4576929740139048
3,21,FedAvg,verdict,0.38941801099535683
3,21,FedAvg,rule alignment,0.4711198631300745
3,21,FedAvg,total,0.45964724423245784
3,22,FedAvg,citation,0.5182059050088992
3,22,FedAvg,reasoning,0.43626045352127574
3,22,FedAvg,verdict,0.36915265776418293
3,22,FedAvg,rule alignment,0.48342284886616355
3,22,FedAvg,total,0.4494023465228859
3,23,FedAvg,citation,0.5034427805331068
3,23,FedAvg,reasoning,0.43023488616120614
3,23,FedAvg,verdict,0.3871071677385958
3,23,FedAvg,rule alignment,0.4573969483123353
3,23,FedAvg,total,0.44318734257875453
3,24,FedAvg,citation,0.5046328889972331
3,24,FedAvg,reasoning,0.43597294487917443
3,24,FedAvg,verdict,0.3904028008272855
3,24,FedAvg,rule alignment,0.45979791619777166
3,24,FedAvg,total,0.4465103891594363
3,25,FedAvg,citation,0.5086145869824187
3,25,FedAvg,reasoning,0.4366056773642676
3,25,FedAvg,verdict,0.3676578525076994
3,25,FedAvg,rule alignment,0.4508241788225472
3,25,FedAvg,total,0.4402146488463193
3,26,FedAvg,citation,0.4882099468540846
3,26,FedAvg,reasoning,0.42032111095288704
3,26,FedAvg,verdict,0.36872221848520875
3,26,FedAvg,rule alignment,0.44168806026192736
3,26,FedAvg,total,0.42866698667307496
3,27,FedAvg,citation,0.49178473121438987
3,27,FedAvg,reasoning,0.41840286688828743
3,27,FedAvg,verdict,0.3635475288676553
3,27,FedAvg,rule alignment,0.43413911469278726
3,27,FedAvg,total,0.426181748025555
3,28,FedAvg,citation,0.4767594308520174
3,28,FedAvg,reasoning,0.4154170517465506
3,28,FedAvg,verdict,0.35338482972694074
3,28,FedAvg,rule alignment,0.4543663733111475
3,28,FedAvg,total,0.4230344553309342
3,29,FedAvg,citation,0.4841597371677629
3,29,FedAvg,reasoning,0.4199121434821891
3,29,FedAvg,verdict,0.3565229942105956
3,29,FedAvg,rule alignment,0.42734308176939045
3,29,FedAvg,total,0.42161294224312446
3,30,FedAvg,citation,0.471607060813308
3,30,FedAvg,reasoning,0.41376067058561716
3,30,FedAvg,verdict,0.3439679947646144
3,30,FedAvg,rule alignment,0.42370933590398413
3,30,FedAvg,total,0.4127638322509626
3,31,FedAvg,citation,0.4717778925391696
3,31,FedAvg,reasoning,0.39658298894681093
3,31,FedAvg,verdict,0.34921232931736856
3,31,FedAvg,rule alignment,0.4174532603498263
3,31,FedAvg,total,0.40771310421814305
3,32,FedAvg,citation,0.47044805223393005
3,32,FedAvg,reasoning,0.3998130108063359
3,32,FedAvg,verdict,0.3471966842059653
3,32,FedAvg,rule alignment,0.41832422436782496
3,32,FedAvg,total,0.4080199322254396
3,33,FedAvg,citation,0.46092959443534237
3,33,FedAvg,reasoning,0.3904079031360307
3,33,FedAvg,verdict,0.340620010521698
3,33,FedAvg,rule alignment,0.4218162056253803
3,33,FedAvg,total,0.40187301330514535
3,34,FedAvg,citation,0.4534570478492513
3,34,FedAvg,reasoning,0.3966616998523607
3,34,FedAvg,verdict,0.3419946582999109
3,34,FedAvg,rule alignment,0.4081584682799527
3,34,FedAvg,total,0.3994931301489893
3,35,FedAvg,citation,0.45224753889570285
3,35,FedAvg,reasoning,0.378208911387188
3,35,FedAvg,verdict,0.332198685091405
3,35,FedAvg,rule alignment,0.3915914688685152
3,35,FedAvg,total,0.38789252318663636
3,36,FedAvg,citation,0.4423767736726795
3,36,FedAvg,reasoning,0.36764795918133975
3,36,FedAvg,verdict,0.33504926150450526
3,36,FedAvg,rule alignment,0.3933043594074446
3,36,FedAvg,total,0.3833117684301871
3,37,FedAvg,citation,0.43683744441281935
3,37,FedAvg,reasoning,0.3736629056416276
3,37,FedAvg,verdict,0.3288240364716305
3,37,FedAvg,rule alignment,0.38387528952737426
3,37,FedAvg,total,0.3802892998190756
3,38,FedAvg,citation,0.43312435973276137
3,38,FedAvg,reasoning,0.3660059693683033
3,38,FedAvg,verdict,0.3213211724126614
3,38,FedAvg,rule alignment,0.3874626829893708
3,38,FedAvg,total,0.3759057104447209
3,39,FedAvg,citation,0.421400371141957
3,39,FedAvg,reasoning,0.3673182120177924
3,39,FedAvg,verdict,0.3400368897044723
3,39,FedAvg,rule alignment,0.38372065697858804
3,39,FedAvg,total,0.37729891021266265
3,40,FedAvg,citation,0.419241135583177
3,40,FedAvg,reasoning,0.3660981376657215
3,40,FedAvg,verdict,0.3144262725306862
3,40,FedAvg,rule alignment,0.38929325330042786
3,40,FedAvg,total,0.3711049439882679
3,41,FedAvg,citation,0.41214542764331785
3,41,FedAvg,reasoning,0.36168457036457746
3,41,FedAvg,verdict,0.31513139171626914
3,41,FedAvg,rule alignment,0.3824005057447749
3,41,FedAvg,total,0.36680467709822495
3,42,FedAvg,citation,0.41513964051138
3,42,FedAvg,reasoning,0.3637303437101642
3,42,FedAvg,verdict,0.30776607191386113
3,42,FedAvg,rule alignment,0.36759298803077073
3,42,FedAvg,total,0.36336412882551367
3,43,FedAvg,citation,0.40756309125061374
3,43,FedAvg,reasoning,0.35660132152058727
3,43,FedAvg,verdict,0.3058434419075483
3,43,FedAvg,rule alignment,0.3627278480580391
3,43,FedAvg,total,0.35787759935732455
3,44,FedAvg,citation,0.3924728054961016
3,44,FedAvg,reasoning,0.34849138666687984
3,44,FedAvg,verdict,0.3101371734528268
3,44,FedAvg,rule alignment,0.3606842194042827
3,44,FedAvg,total,0.3523367546181526
3,45,FedAvg,citation,0.41464725464775004
3,45,FedAvg,reasoning,0.34096452330916976
3,45,FedAvg,verdict,0.29919774421336626
3,45,FedAvg,rule alignment,0.3719500006941991
3,45,FedAvg,total,0.3551406068468698
3,46,FedAvg,citation,0.3930979197803569
3,46,FedAvg,reasoning,0.3429228604996299
3,46,FedAvg,verdict,0.29585257471473164
3,46,FedAvg,rule alignment,0.35577861819059964
3,46,FedAvg,total,0.34627020541178105
3,47,FedAvg,citation,0.38910611771541276
3,47,FedAvg,reasoning,0.3272513465147062
3,47,FedAvg,verdict,0.29593058120632765
3,47,FedAvg,rule alignment,0.34785798550924957
3,47,FedAvg,total,0.3390061757866969
3,48,FedAvg,citation,0.38838538949974666
3,48,FedAvg,reasoning,0.3355328495140848
3,48,FedAvg,verdict,0.2862108253710363
3,48,FedAvg,rule alignment,0.3493406801966864
3,48,FedAvg,total,0.33917704461125847
3,49,FedAvg,citation,0.3702035133337071
3,49,FedAvg,reasoning,0.33955389109723244
3,49,FedAvg,verdict,0.2910481820645126
3,49,FedAvg,rule alignment,0.34281626249954034
3,49,FedAvg,total,0.3357423436786327
3,50,FedAvg,citation,0.37759451106942676
3,50,FedAvg,reasoning,0.329353820365526
3,50,FedAvg,verdict,0.28932199898035516
3,50,FedAvg,rule alignment,0.34723794525274343
3,50,FedAvg,total,0.334982862672652
3,51,FedAvg,citation,0.377728935489211
3,51,FedAvg,reasoning,0.3244806258581838
3,51,FedAvg,verdict,0.29765713445050335
3,51,FedAvg,rule alignment,0.3436736996055955
3,51,FedAvg,total,0.33492544516350287
3,52,FedAvg,citation,0.37195103770800814
3,52,FedAvg,reasoning,0.31123453289961395
3,52,FedAvg,verdict,0.2779927677043269
3,52,FedAvg,rule alignment,0.34313368520368254
3,52,FedAvg,total,0.32448304826370444
3,53,FedAvg,citation,0.37888427898942934
3,53,FedAvg,reasoning,0.3164628052679557
3,53,FedAvg,verdict,0.28167759596011793
3,53,FedAvg,rule alignment,0.3476473610713729
3,53,FedAvg,total,0.3296087825320481
3,54,FedAvg,citation,0.35998736382441665
3,54,FedAvg,reasoning,0.32929207052556675
3,54,FedAvg,verdict,0.2807470205135127
3,54,FedAvg,rule alignment,0.33240877623133563
3,54,FedAvg,total,0.32545297248841953
3,55,FedAvg,citation,0.36156600781997733
3,55,FedAvg,reasoning,0.31886368197038206
3,55,FedAvg,verdict,0.28196281125692313
3,55,FedAvg,rule alignment,0.3182561708322392
3,55,FedAvg,total,0.32019254352678755
3,56,FedAvg,citation,0.3574101867303446
3,56,FedAvg,reasoning,0.3055280546242613
3,56,FedAvg,verdict,0.2751759954797218
3,56,FedAvg,rule alignment,0.3211469650552613
3,56,FedAvg,total,0.31403435495084725
3,57,FedAvg,citation,0.3459449205087106
3,57,FedAvg,reasoning,0.31029410304595956
3,57,FedAvg,verdict,0.27122012857131755
3,57,FedAvg,rule alignment,0.31490929388204464
3,57,FedAvg,total,0.31036135196020387
3,58,FedAvg,citation,0.35024457449949714
3,58,FedAvg,reasoning,0.2990629610309106
3,58,FedAvg,verdict,0.26868354347406753
3,58,FedAvg,rule alignment,0.3071681928395066
3,58,FedAvg,total,0.30588455637056566
3,59,FedAvg,citation,0.3377127946000155
3,59,FedAvg,reasoning,0.30625775203988476
3,59,FedAvg,verdict,0.2556168238543214
3,59,FedAvg,rule alignment,0.32259907791959336
3,59,FedAvg,total,0.3047295458094683
3,60,FedAvg,citation,0.33268882271492084
3,60,FedAvg,reasoning,0.2926546621639334
3,60,FedAvg,verdict,0.2713085797917702
3,60,FedAvg,rule alignment,0.3074959311008138
3,60,FedAvg,total,0.30029493549601555
3,61,FedAvg,citation,0.3386800244672695
3,61,FedAvg,reasoning,0.29493619717790076
3,61,FedAvg,verdict,0.25694778552221564
3,61,FedAvg,rule alignment,0.2955665532096682
3,61,FedAvg,total,0.29650112229267517
3,62,FedAvg,citation,0.33730159345979543
3,62,FedAvg,reasoning,0.29660781342382125
3,62,FedAvg,verdict,0.23639798118997737
3,62,FedAvg,rule alignment,0.3017106145298004
3,62,FedAvg,total,0.2927493605955497
3,63,FedAvg,citation,0.31960664454209586
3,63,FedAvg,reasoning,0.29121110710919845
3,63,FedAvg,verdict,0.2518196261149395
3,63,FedAvg,rule alignment,0.30111062325832194
3,63,FedAvg,total,0.2904420244486827
3,64,FedAvg,citation,0.3280319236788513
3,64,FedAvg,reasoning,0.2683650930125392
3,64,FedAvg,verdict,0.2589552553907081
3,64,FedAvg,rule alignment,0.30299323957842916
3,64,FedAvg,total,0.28785497058683746
3,65,FedAvg,citation,0.33627849859806214
3,65,FedAvg,reasoning,0.27983262119036556
3,65,FedAvg,verdict,0.2565188186171161
3,65,FedAvg,rule alignment,0.2931018421146915
3,65,FedAvg,total,0.2907694840838425
3,66,FedAvg,citation,0.3225826930007251
3,66,FedAvg,reasoning,0.28026897447365273
3,66,FedAvg,verdict,0.2400309713669552
3,66,FedAvg,rule alignment,0.28486737652975225
3,66,FedAvg,total,0.28170758373996635
3,67,FedAvg,citation,0.31839891591808955
3,67,FedAvg,reasoning,0.28414186768167415
3,67,FedAvg,verdict,0.23851002803046695
3,67,FedAvg,rule alignment,0.2905209367982132
3,67,FedAvg,total,0.282573983651284
3,68,FedAvg,citation,0.3150656689109361
3,68,FedAvg,reasoning,0.2657188714744615
3,68,FedAvg,verdict,0.25816332632263217
3,68,FedAvg,rule alignment,0.2718186755377116
3,68,FedAvg,total,0.27738664535827284
3,69,FedAvg,citation,0.3147153001572022
3,69,FedAvg,reasoning,0.2690721651239903
3,69,FedAvg,verdict,0.23064318903821016
3,69,FedAvg,rule alignment,0.289933224285309
3,69,FedAvg,total,0.27504791669311196
3,70,FedAvg,citation,0.30416368267874333
3,70,FedAvg,reasoning,0.2754343947606384
3,70,FedAvg,verdict,0.24519064062815196
3,70,FedAvg,rule alignment,0.27284365361403096
3,70,FedAvg,total,0.2745376299777215
3,71,FedAvg,citation,0.30062229826779346
3,71,FedAvg,reasoning,0.26570370149685874
3,71,FedAvg,verdict,0.22990094604975977
3,71,FedAvg,rule alignment,0.2726561757127164
3,71,FedAvg,total,0.2668731566709892
3,72,FedAvg,citation,0.295071667203494
3,72,FedAvg,reasoning,0.25939385020841965
3,72,FedAvg,verdict,0.2346211189151171
3,72,FedAvg,rule alignment,0.286361639320542
3,72,FedAvg,total,0.26751367945628707
3,73,FedAvg,citation,0.2972394051213157
3,73,FedAvg,reasoning,0.2622410899501346
3,73,FedAvg,verdict,0.2279157369472115
3,73,FedAvg,rule alignment,0.2830751777219132
3,73,FedAvg,total,0.26657614804655483
3,74,FedAvg,citation,0.30382393907575983
3,74,FedAvg,reasoning,0.2640275831713417
3,74,FedAvg,verdict,0.2285474039740616
3,74,FedAvg,rule alignment,0.25656784457559373
3,74,FedAvg,total,0.2636146796289766
3,75,FedAvg,citation,0.2869826079885575
3,75,FedAvg,reasoning,0.2698097778444449
3,75,FedAvg,verdict,0.23063482157383547
3,75,FedAvg,rule alignment,0.2582293886367602
3,75,FedAvg,total,0.26199316847128373
3,76,FedAvg,citation,0.30317722029413824
3,76,FedAvg,reasoning,0.26297088999371815
3,76,FedAvg,verdict,0.2381318209932744
3,76,FedAvg,rule alignment,0.2750130554554918
3,76,FedAvg,total,0.269221138411067
3,77,FedAvg,citation,0.267274310790093
3,77,FedAvg,reasoning,0.248282245942935
3,77,FedAvg,verdict,0.2196035995758405
3,77,FedAvg,rule alignment,0.26820759812034245
3,77,FedAvg,total,0.24984567099843236
3,78,FedAvg,citation,0.27442033548403205
3,78,FedAvg,reasoning,0.2420936579392942
3,78,FedAvg,verdict,0.21116116551309547
3,78,FedAvg,rule alignment,0.27417050110726837
3,78,FedAvg,total,0.24885757285252383
3,79,FedAvg,citation,0.287215601590352
3,79,FedAvg,reasoning,0.25212152836946017
3,79,FedAvg,verdict,0.2155280453761671
3,79,FedAvg,rule alignment,0.26330277018043674
3,79,FedAvg,total,0.2539829242885552
3,80,FedAvg,citation,0.2849000504753525
3,80,FedAvg,reasoning,0.23853800678666287
3,80,FedAvg,verdict,0.22059026180684677
3,80,FedAvg,rule alignment,0.26141275209931686
3,80,FedAvg,total,0.250216530526412
3,81,FedAvg,citation,0.2659354856209267
3,81,FedAvg,reasoning,0.2513927211406801
3,81,FedAvg,verdict,0.22545502240530713
3,81,FedAvg,rule alignment,0.26103658811349584
3,81,FedAvg,total,0.25047276097146165
3,82,FedAvg,citation,0.27846750866360415
3,82,FedAvg,reasoning,0.25541505185585317
3,82,FedAvg,verdict,0.21445593992873183
3,82,FedAvg,rule alignment,0.2517455175959281
3,82,FedAvg,total,0.25020448122402555
3,83,FedAvg,citation,0.2625349271159023
3,83,FedAvg,reasoning,0.2360862600601155
3,83,FedAvg,verdict,0.21880734064620058
3,83,FedAvg,rule alignment,0.25441890194955935
3,83,FedAvg,total,0.24204522534847223
3,84,FedAvg,citation,0.26593298649555613
3,84,FedAvg,reasoning,0.2370288209321606
3,84,FedAvg,verdict,0.2191437327291715
3,84,FedAvg,rule alignment,0.26069553815024665
3,84,FedAvg,total,0.24451693371587943
3,85,FedAvg,citation,0.2553448792789806
3,85,FedAvg,reasoning,0.23583644165874773
3,85,FedAvg,verdict,0.215730044060189
3,85,FedAvg,rule alignment,0.2477919297641585
3,85,FedAvg,total,0.23807804928524842
3,86,FedAvg,citation,0.26565828768215183
3,86,FedAvg,reasoning,0.2441277443055699
3,86,FedAvg,verdict,0.2170724974774286
3,86,FedAvg,rule alignment,0.2382328924913472
3,86,FedAvg,total,0.24156759807983552
3,87,FedAvg,citation,0.24931154168705114
3,87,FedAvg,reasoning,0.22690264526013162
3,87,FedAvg,verdict,0.21554647447192124
3,87,FedAvg,rule alignment,0.24162392015547546
3,87,FedAvg,total,0.23261008164887764
3,88,FedAvg,citation,0.25578148697768865
3,88,FedAvg,reasoning,0.2288105103110017
3,88,FedAvg,verdict,0.20737502661343213
3,88,FedAvg,rule alignment,0.22333095307982165
3,88,FedAvg,total,0.229098472107045
3,89,FedAvg,citation,0.2524014252203513
3,89,FedAvg,reasoning,0.2311072771481327
3,89,FedAvg,verdict,0.20044803307700956
3,89,FedAvg,rule alignment,0.23653673892446356
3,89,FedAvg,total,0.22985189550367274
3,90,FedAvg,citation,0.26762143598226285
3,90,FedAvg,reasoning,0.23457882671643174
3,90,FedAvg,verdict,0.20376432306262407
3,90,FedAvg,rule alignment,0.23304761343640665
3,90,FedAvg,total,0.23482961046343256
3,91,FedAvg,citation,0.2597469023196817
3,91,FedAvg,reasoning,0.22182203857360064
3,91,FedAvg,verdict,0.20355637862001325
3,91,FedAvg,rule alignment,0.23851576195584354
3,91,FedAvg,total,0.23007558419817262
3,92,FedAvg,citation,0.23816494707613128
3,92,FedAvg,reasoning,0.2264517294654409
3,92,FedAvg,verdict,0.19633964306608656
3,92,FedAvg,rule alignment,0.23622679447265613
3,92,FedAvg,total,0.22380702526971796
3,93,FedAvg,citation,0.25671734381014766
3,93,FedAvg,reasoning,0.2231770635199399
3,93,FedAvg,verdict,0.2012578987178381
3,93,FedAvg,rule alignment,0.2259500671622532
3,93,FedAvg,total,0.22663694312042906
3,94,FedAvg,citation,0.25480939156356325
3,94,FedAvg,reasoning,0.22525621382439606
3,94,FedAvg,verdict,0.20096212735165914
3,94,FedAvg,rule alignment,0.22984510213671802
3,94,FedAvg,total,0.227488764303468
3,95,FedAvg,citation,0.24001575106506298
3,95,FedAvg,reasoning,0.22305521972713513
3,95,FedAvg,verdict,0.20134381985059713
3,95,FedAvg,rule alignment,0.22705040934059287
3,95,FedAvg,total,0.22266654051517412
3,96,FedAvg,citation,0.2392452577950608
3,96,FedAvg,reasoning,0.22799785993450966
3,96,FedAvg,verdict,0.19064181312898343
3,96,FedAvg,rule alignment,0.20764913792785966
3,96,FedAvg,total,0.2174009532969359
3,97,FedAvg,citation,0.23429980400861053
3,97,FedAvg,reasoning,0.22466861715704053
3,97,FedAvg,verdict,0.19398560512247767
3,97,FedAvg,rule alignment,0.2233159967771237
3,97,FedAvg,total,0.21913513678530894
3,98,FedAvg,citation,0.2371147280008668
3,98,FedAvg,reasoning,0.2126443897208033
3,98,FedAvg,verdict,0.18813331455556925
3,98,FedAvg,rule alignment,0.22445661750946033
3,98,FedAvg,total,0.21499665105724208
3,99,FedAvg,citation,0.22967733912235616
3,99,FedAvg,reasoning,0.20559082125375835
3,99,FedAvg,verdict,0.19019795036436726
3,99,FedAvg,rule alignment,0.20661581711786065
3,99,FedAvg,total,0.20796923217138047
3,100,FedAvg,citation,0.23651612023030458
3,100,FedAvg,reasoning,0.20678047286417023
3,100,FedAvg,verdict,0.18656383619475855
3,100,FedAvg,rule alignment,0.21368713661134067
3,100,FedAvg,total,0.21054155828778498
3,1,FedLoRA,citation,0.5687160635005034
3,1,FedLoRA,reasoning,0.49918826628286966
3,1,FedLoRA,verdict,0.4278493486319982
3,1,FedLoRA,rule alignment,0.5104889356986545
3,1,FedLoRA,total,0.5009956200577173
3,2,FedLoRA,citation,0.5721151581390238
3,2,FedLoRA,reasoning,0.4926742630517011
3,2,FedLoRA,verdict,0.4231040794075971
3,2,FedLoRA,rule alignment,0.5081038553368021
3,2,FedLoRA,total,0.498227859369526
3,3,FedLoRA,citation,0.5670505425321711
3,3,FedLoRA,reasoning,0.47785111419485027
3,3,FedLoRA,verdict,0.40736774166494566
3,3,FedLoRA,rule alignment,0.5037923097587383
3,3,FedLoRA,total,0.4877183672594819
3,4,FedLoRA,citation,0.5449109841775119
3,4,FedLoRA,reasoning,0.46550025137558
3,4,FedLoRA,verdict,0.40807784848893747
3,4,FedLoRA,rule alignment,0.5162804080881025
3,4,FedLoRA,total,0.4811533651969068
3,5,FedLoRA,citation,0.5475966202881658
3,5,FedLoRA,reasoning,0.4588102119317753
3,5,FedLoRA,verdict,0.4026574781478019
3,5,FedLoRA,rule alignment,0.4955028230804673
3,5,FedLoRA,total,0.47430715280461794
3,6,FedLoRA,citation,0.5412494885478442
3,6,FedLoRA,reasoning,0.4743801256429816
3,6,FedLoRA,verdict,0.4044123624953297
3,6,FedLoRA,rule alignment,0.48478139332209047
3,6,FedLoRA,total,0.47568577911810606
3,7,FedLoRA,citation,0.5431388644890576
3,7,FedLoRA,reasoning,0.4525962982407558
3,7,FedLoRA,verdict,0.40098148468566697
3,7,FedLoRA,rule alignment,0.49327946506310816
3,7,FedLoRA,total,0.47046486977852947
3,8,FedLoRA,citation,0.5261105391609995
3,8,FedLoRA,reasoning,0.4554898507527019
3,8,FedLoRA,verdict,0.4056656331594204
3,8,FedLoRA,rule alignment,0.48572611145518596
3,8,FedLoRA,total,0.46673622059695274
3,9,FedLoRA,citation,0.5159953324341806
3,9,FedLoRA,reasoning,0.46209930474286903
3,9,FedLoRA,verdict,0.39647855976358626
3,9,FedLoRA,rule alignment,0.47334787566533776
3,9,FedLoRA,total,0.46141783960537
3,10,FedLoRA,citation,0.520566780274874
3,10,FedLoRA,reasoning,0.457087820927896
3,10,FedLoRA,verdict,0.3861035893762425
3,10,FedLoRA,rule alignment,0.46261180517045963
3,10,FedLoRA,total,0.4563162997252399
3,11,FedLoRA,citation,0.5054265121910548
3,11,FedLoRA,reasoning,0.4467218959752148
3,11,FedLoRA,verdict,0.37427595030007604
3,11,FedLoRA,rule alignment,0.4565971428561297
3,11,FedLoRA,total,0.4452616129865731
3,12,FedLoRA,citation,0.49910584461080576
3,12,FedLoRA,reasoning,0.4312943866986626
3,12,FedLoRA,verdict,0.39111365408242005
3,12,FedLoRA,rule alignment,0.45726115630564035
3,12,FedLoRA,total,0.4433954219440333
3,13,FedLoRA,citation,0.5082031554362479
3,13,FedLoRA,reasoning,0.42668484030053244
3,13,FedLoRA,verdict,0.37873495212834757
3,13,FedLoRA,rule alignment,0.43961963520160635
3,13,FedLoRA,total,0.4376639060216299
3,14,FedLoRA,citation,0.4881347871423965
3,14,FedLoRA,reasoning,0.4237190334629869
3,14,FedLoRA,verdict,0.3601419316973417
3,14,FedLoRA,rule alignment,0.4438241629131254
3,14,FedLoRA,total,0.42794972233145573
3,15,FedLoRA,citation,0.4862794779162221
3,15,FedLoRA,reasoning,0.42153879819446816
3,15,FedLoRA,verdict,0.3769737967655865
3,15,FedLoRA,rule alignment,0.43784396414730725
3,15,FedLoRA,total,0.42984375095825406
3,16,FedLoRA,citation,0.48403745999402087
3,16,FedLoRA,reasoning,0.4149897672233367
3,16,FedLoRA,verdict,0.36847216863057375
3,16,FedLoRA,rule alignment,0.44069001819546844
3,16,FedLoRA,total,0.42576234096224336
3,17,FedLoRA,citation,0.47327707025775545
3,17,FedLoRA,reasoning,0.40452010703231167
3,17,FedLoRA,verdict,0.347573076256305
3,17,FedLoRA,rule alignment,0.4352566910559784
3,17,FedLoRA,total,0.4136199069494043
3,18,FedLoRA,citation,0.4662394539764235
3,18,FedLoRA,reasoning,0.41207848229637645
3,18,FedLoRA,verdict,0.3454828071914694
3,18,FedLoRA,rule alignment,0.4310947674431651
3,18,FedLoRA,total,0.4127730634695192
3,19,FedLoRA,citation,0.4696511890752404
3,19,FedLoRA,reasoning,0.4125733651708131
3,19,FedLoRA,verdict,0.35442078543919714
3,19,FedLoRA,rule alignment,0.4111370922809679
3,19,FedLoRA,total,0.4120174216360469
3,20,FedLoRA,citation,0.4564869363797249
3,20,FedLoRA,reasoning,0.4008800363746172
3,20,FedLoRA,verdict,0.34835265243233954
3,20,FedLoRA,rule alignment,0.42404344816824235
3,20,FedLoRA,total,0.40628259774904973
3,21,FedLoRA,citation,0.4493339989877883
3,21,FedLoRA,reasoning,0.3977063577930409
3,21,FedLoRA,verdict,0.34529236615502606
3,21,FedLoRA,rule alignment,0.405248868899456
3,21,FedLoRA,total,0.39901827240350707
3,22,FedLoRA,citation,0.43781166546764205
3,22,FedLoRA,reasoning,0.3829140556850061
3,22,FedLoRA,verdict,0.344788676604113
3,22,FedLoRA,rule alignment,0.40945679717697886
3,22,FedLoRA,total,0.39241566165883635
3,23,FedLoRA,citation,0.43649873904898867
3,23,FedLoRA,reasoning,0.37753052207418264
3,23,FedLoRA,verdict,0.3358263175569381
3,23,FedLoRA,rule alignment,0.4201208260882703
3,23,FedLoRA,total,0.3903645859913905
3,24,FedLoRA,citation,0.4296274712068135
3,24,FedLoRA,reasoning,0.3849947005186819
3,24,FedLoRA,verdict,0.3344061356530045
3,24,FedLoRA,rule alignment,0.39547263999670323
3,24,FedLoRA,total,0.3856013398698997
3,25,FedLoRA,citation,0.44062449312770147
3,25,FedLoRA,reasoning,0.39202708546716253
3,25,FedLoRA,verdict,0.34137354350915605
3,25,FedLoRA,rule alignment,0.4099218991517284
3,25,FedLoRA,total,0.3950920146297088
3,26,FedLoRA,citation,0.4510180183252711
3,26,FedLoRA,reasoning,0.376040745351613
3,26,FedLoRA,verdict,0.31705692933427476
3,26,FedLoRA,rule alignment,0.39920409053903433
3,26,FedLoRA,total,0.38467177862817725
3,27,FedLoRA,citation,0.431016504432159
3,27,FedLoRA,reasoning,0.37290487737529704
3,27,FedLoRA,verdict,0.3350624190508476
3,27,FedLoRA,rule alignment,0.38938715393324075
3,27,FedLoRA,total,0.3812686248699889
3,28,FedLoRA,citation,0.4133941175908979
3,28,FedLoRA,reasoning,0.3719329887485842
3,28,FedLoRA,verdict,0.31530564988521015
3,28,FedLoRA,rule alignment,0.38354426385581136
3,28,FedLoRA,total,0.3704636912647646
3,29,FedLoRA,citation,0.4118791283968387
3,29,FedLoRA,reasoning,0.3644990795842127
3,29,FedLoRA,verdict,0.3028514143903397
3,29,FedLoRA,rule alignment,0.38556288086322055
3,29,FedLoRA,total,0.3651449357447025
3,30,FedLoRA,citation,0.4023070181568716
3,30,FedLoRA,reasoning,0.3579368038909379
3,30,FedLoRA,verdict,0.31482039391802474
3,30,FedLoRA,rule alignment,0.3761079756242663
3,30,FedLoRA,total,0.3618844893108587
3,31,FedLoRA,citation,0.4006359011378216
3,31,FedLoRA,reasoning,0.3623757886641253
3,31,FedLoRA,verdict,0.3222057740496646
3,31,FedLoRA,rule alignment,0.3736688192778091
3,31,FedLoRA,total,0.36415691925167093
3,32,FedLoRA,citation,0.4014661023960026
3,32,FedLoRA,reasoning,0.36218712511024104
3,32,FedLoRA,verdict,0.2994349821163593
3,32,FedLoRA,rule alignment,0.3767970722900698
3,32,FedLoRA,total,0.35924082311917677
3,33,FedLoRA,citation,0.4050197541392621
3,33,FedLoRA,reasoning,0.34632850079731375
3,33,FedLoRA,verdict,0.30442513458818055
3,33,FedLoRA,rule alignment,0.3715154692389412
3,33,FedLoRA,total,0.35556286626884304
3,34,FedLoRA,citation,0.39198778158617587
3,34,FedLoRA,reasoning,0.33574460020513786
3,34,FedLoRA,verdict,0.2990235035507282
3,34,FedLoRA,rule alignment,0.35049976502754243
3,34,FedLoRA,total,0.34357615435127586
3,35,FedLoRA,citation,0.3980947658392092
3,35,FedLoRA,reasoning,0.35248537894884935
3,35,FedLoRA,verdict,0.3047315970034448
3,35,FedLoRA,rule alignment,0.3500835480246607
3,35,FedLoRA,total,0.3514689140002505
3,36,FedLoRA,citation,0.38449281572751787
3,36,FedLoRA,reasoning,0.3282756829757741
3,36,FedLoRA,verdict,0.3087041268048697
3,36,FedLoRA,rule alignment,0.3631708546011518
3,36,FedLoRA,total,0.34441611144605955
3,37,FedLoRA,citation,0.3838353234328416
3,37,FedLoRA,reasoning,0.34079647457025525
3,37,FedLoRA,verdict,0.30463728408811724
3,37,FedLoRA,rule alignment,0.34879048654325373
3,37,FedLoRA,total,0.344115191559967
3,38,FedLoRA,citation,0.3777419395698134
3,38,FedLoRA,reasoning,0.32680262574084684
3,38,FedLoRA,verdict,0.28410463460132085
3,38,FedLoRA,rule alignment,0.35185767108536276
3,38,FedLoRA,total,0.3338739654821101
3,39,FedLoRA,citation,0.37766677535894777
3,39,FedLoRA,reasoning,0.3271881223891292
3,39,FedLoRA,verdict,0.28230275036552593
3,39,FedLoRA,rule alignment,0.339314135837943
3,39,FedLoRA,total,0.3310116453154458
3,40,FedLoRA,citation,0.35624354259057356
3,40,FedLoRA,reasoning,0.3282015879619144
3,40,FedLoRA,verdict,0.2936167854111858
3,40,FedLoRA,rule alignment,0.3469224466157706
3,40,FedLoRA,total,0.33031004771216826
3,41,FedLoRA,citation,0.3588620380317378
3,41,FedLoRA,reasoning,0.3329293707104222
3,41,FedLoRA,verdict,0.2762247544819143
3,41,FedLoRA,rule alignment,0.33826484880238405
3,41,FedLoRA,total,0.32630347910201646
3,42,FedLoRA,citation,0.36782305372737095
3,42,FedLoRA,reasoning,0.31797442990154823
3,42,FedLoRA,verdict,0.27029600297386824
3,42,FedLoRA,rule alignment,0.3277257117496113
3,42,FedLoRA,total,0.32046723549569656
3,43,FedLoRA,citation,0.3686387189064908
3,43,FedLoRA,reasoning,0.3139097573560007
3,43,FedLoRA,verdict,0.2743511530789041
3,43,FedLoRA,rule alignment,0.34278763884678176
3,43,FedLoRA,total,0.32347792297250527
3,44,FedLoRA,citation,0.3608460984590917
3,44,FedLoRA,reasoning,0.31952308591184847
3,44,FedLoRA,verdict,0.2873216328832606
3,44,FedLoRA,rule alignment,0.32366142294607786
3,44,FedLoRA,total,0.32263114319835823
3,45,FedLoRA,citation,0.351642528196814
3,45,FedLoRA,reasoning,0.31100350027136997
3,45,FedLoRA,verdict,0.26584646530775313
3,45,FedLoRA,rule alignment,0.3221821509033747
3,45,FedLoRA,total,0.3121097286382277
3,46,FedLoRA,citation,0.3451668886094277
3,46,FedLoRA,reasoning,0.3024179209687569
3,46,FedLoRA,verdict,0.2673886556101691
3,46,FedLoRA,rule alignment,0.31304792101811124
3,46,FedLoRA,total,0.30647384654914855
3,47,FedLoRA,citation,0.3376451130278577
3,47,FedLoRA,reasoning,0.29497228375590057
3,47,FedLoRA,verdict,0.25905320130792375
3,47,FedLoRA,rule alignment,0.3133212828753066
3,47,FedLoRA,total,0.30033052028577684
3,48,FedLoRA,citation,0.3399995426338828
3,48,FedLoRA,reasoning,0.30264882132923904
3,48,FedLoRA,verdict,0.2602484302908543
3,48,FedLoRA,rule alignment,0.3124675112889271
3,48,FedLoRA,total,0.3033501418877414
3,49,FedLoRA,citation,0.33911998079734557
3,49,FedLoRA,reasoning,0.29682836875993557
3,49,FedLoRA,verdict,0.2548174352751869
3,49,FedLoRA,rule alignment,0.3115766070040967
3,49,FedLoRA,total,0.29984818604693314
3,50,FedLoRA,citation,0.33417460952796674
3,50,FedLoRA,reasoning,0.29013549577061776
3,50,FedLoRA,verdict,0.24028702615777747
3,50,FedLoRA,rule alignment,0.30992175621287094
3,50,FedLoRA,total,0.29264040889519555
3,51,FedLoRA,citation,0.3377513291561534
3,51,FedLoRA,reasoning,0.28689688256600343
3,51,FedLoRA,verdict,0.25347142419366336
3,51,FedLoRA,rule alignment,0.29343669374651454
3,51,FedLoRA,total,0.2925620918565581
3,52,FedLoRA,citation,0.33982984996825594
3,52,FedLoRA,reasoning,0.28169577447628463
3,52,FedLoRA,verdict,0.26048749425111073
3,52,FedLoRA,rule alignment,0.3035466624187231
3,52,FedLoRA,total,0.29529740088147166
3,53,FedLoRA,citation,0.31699207666332163
3,53,FedLoRA,reasoning,0.29887781414727094
3,53,FedLoRA,verdict,0.2536980669754419
3,53,FedLoRA,rule alignment,0.28025530848316993
3,53,FedLoRA,total,0.2883869418505061
3,54,FedLoRA,citation,0.33093205159332534
3,54,FedLoRA,reasoning,0.2832688229491105
3,54,FedLoRA,verdict,0.25374065129525736
3,54,FedLoRA,rule alignment,0.29273150962716044
3,54,FedLoRA,total,0.2896951245323109
3,55,FedLoRA,citation,0.32491252458893605
3,55,FedLoRA,reasoning,0.272261121588474
3,55,FedLoRA,verdict,0.25388728184121917
3,55,FedLoRA,rule alignment,0.29005305243910934
3,55,FedLoRA,total,0.28438889857190286
3,56,FedLoRA,citation,0.3267079049470422
3,56,FedLoRA,reasoning,0.2775373642658696
3,56,FedLoRA,verdict,0.24357344013682897
3,56,FedLoRA,rule alignment,0.29475755556615746
3,56,FedLoRA,total,0.2847830566639602
3,57,FedLoRA,citation,0.3121176263362098
3,57,FedLoRA,reasoning,0.2725734112625264
3,57,FedLoRA,verdict,0.2492036046353984
3,57,FedLoRA,rule alignment,0.2767801689137918
3,57,FedLoRA,total,0.27745836490441833
3,58,FedLoRA,citation,0.3056524691799108
3,58,FedLoRA,reasoning,0.2731274977748697
3,58,FedLoRA,verdict,0.2409690064221409
3,58,FedLoRA,rule alignment,0.2888007334563884
3,58,FedLoRA,total,0.2763537649242515
3,59,FedLoRA,citation,0.3094121841766164
3,59,FedLoRA,reasoning,0.26879747714794705
3,59,FedLoRA,verdict,0.2555519738430562
3,59,FedLoRA,rule alignment,0.2893715859435137
3,59,FedLoRA,total,0.279754599838005
3,60,FedLoRA,citation,0.3180795651899305
3,60,FedLoRA,reasoning,0.27581831605335316
3,60,FedLoRA,verdict,0.23981254076827482
3,60,FedLoRA,rule alignment,0.2898725837783273
3,60,FedLoRA,total,0.28019303806122275
3,61,FedLoRA,citation,0.30525194077687495
3,61,FedLoRA,reasoning,0.27452231436248525
3,61,FedLoRA,verdict,0.219352112197359
3,61,FedLoRA,rule alignment,0.27365678939282445
3,61,FedLoRA,total,0.26823906543086895
3,62,FedLoRA,citation,0.2980392028875069
3,62,FedLoRA,reasoning,0.25798800220929274
3,62,FedLoRA,verdict,0.2200125462049161
3,62,FedLoRA,rule alignment,0.2717030550418431
3,62,FedLoRA,total,0.2612499489442622
3,63,FedLoRA,citation,0.2979705190835673
3,63,FedLoRA,reasoning,0.25313739077005837
3,63,FedLoRA,verdict,0.22869931279610115
3,63,FedLoRA,rule alignment,0.26898712999519736
3,63,FedLoRA,total,0.2614061011999741
3,64,FedLoRA,citation,0.28351457136743174
3,64,FedLoRA,reasoning,0.23647586635987897
3,64,FedLoRA,verdict,0.23067549242512192
3,64,FedLoRA,rule alignment,0.25859348313809694
3,64,FedLoRA,total,0.25120897248372154
3,65,FedLoRA,citation,0.2803152161343822
3,65,FedLoRA,reasoning,0.24915091429185832
3,65,FedLoRA,verdict,0.2137361015800988
3,65,FedLoRA,rule alignment,0.2685201212704958
3,65,FedLoRA,total,0.2519621279702769
3,66,FedLoRA,citation,0.2827229894394577
3,66,FedLoRA,reasoning,0.24433794984335502
3,66,FedLoRA,verdict,0.21472172490893982
3,66,FedLoRA,rule alignment,0.25653223315809137
3,66,FedLoRA,total,0.24896901017172418
3,67,FedLoRA,citation,0.28257580462598003
3,67,FedLoRA,reasoning,0.2361016715222238
3,67,FedLoRA,verdict,0.22019781540116198
3,67,FedLoRA,rule alignment,0.23690759695007285
3,67,FedLoRA,total,0.24390542585346725
3,68,FedLoRA,citation,0.27864547002145423
3,68,FedLoRA,reasoning,0.235871956068862
3,68,FedLoRA,verdict,0.2142532790602907
3,68,FedLoRA,rule alignment,0.26451725613696275
3,68,FedLoRA,total,0.24688972531848735
3,69,FedLoRA,citation,0.28239642894898925
3,69,FedLoRA,reasoning,0.2347474995450856
3,69,FedLoRA,verdict,0.21807508386487426
3,69,FedLoRA,rule alignment,0.26390791971535843
3,69,FedLoRA,total,0.24832371201006326
3,70,FedLoRA,citation,0.2688575875599166
3,70,FedLoRA,reasoning,0.23923795073968765
3,70,FedLoRA,verdict,0.21204625193814808
3,70,FedLoRA,rule alignment,0.23969564021392406
3,70,FedLoRA,total,0.2399364731392073
3,71,FedLoRA,citation,0.2673514947474838
3,71,FedLoRA,reasoning,0.24590045357272391
3,71,FedLoRA,verdict,0.21619656061054812
3,71,FedLoRA,rule alignment,0.2382023020212184
3,71,FedLoRA,total,0.24229761031556887
3,72,FedLoRA,citation,0.27491327863570403
3,72,FedLoRA,reasoning,0.2414473117029799
3,72,FedLoRA,verdict,0.2070581675538984
3,72,FedLoRA,rule alignment,0.24768090662860426
3,72,FedLoRA,total,0.24246323638401543
3,73,FedLoRA,citation,0.2624325947820199
3,73,FedLoRA,reasoning,0.2338359726033159
3,73,FedLoRA,verdict,0.20365340745847887
3,73,FedLoRA,rule alignment,0.22496327864415816
3,73,FedLoRA,total,0.2316649480699511
3,74,FedLoRA,citation,0.2797408446100862
3,74,FedLoRA,reasoning,0.22412835430056802
3,74,FedLoRA,verdict,0.2036648913030804
3,74,FedLoRA,rule alignment,0.2413209912900211
3,74,FedLoRA,total,0.2363541385264663
3,75,FedLoRA,citation,0.2597114986498965
3,75,FedLoRA,reasoning,0.23718141093528977
3,75,FedLoRA,verdict,0.22131241512325697
3,75,FedLoRA,rule alignment,0.24791168308797476
3,75,FedLoRA,total,0.24099273834147023
3,76,FedLoRA,citation,0.25468972511317967
3,76,FedLoRA,reasoning,0.23155640930547597
3,76,FedLoRA,verdict,0.20392680296890092
3,76,FedLoRA,rule alignment,0.24803829033887423
3,76,FedLoRA,total,0.2337287128799378
3,77,FedLoRA,citation,0.2545303940733689
3,77,FedLoRA,reasoning,0.22962361163950612
3,77,FedLoRA,verdict,0.2037860173023083
3,77,FedLoRA,rule alignment,0.22968467707429974
3,77,FedLoRA,total,0.2294031217506311
3,78,FedLoRA,citation,0.2581972350431942
3,78,FedLoRA,reasoning,0.23350915868092542
3,78,FedLoRA,verdict,0.20013868381136302
3,78,FedLoRA,rule alignment,0.22270706987034947
3,78,FedLoRA,total,0.22917814129198683
3,79,FedLoRA,citation,0.26908224377723794
3,79,FedLoRA,reasoning,0.2273167506778626
3,79,FedLoRA,verdict,0.18479911033581456
3,79,FedLoRA,rule alignment,0.24378879346120316
3,79,FedLoRA,total,0.23042312242386254
3,80,FedLoRA,citation,0.23187606639167424
3,80,FedLoRA,reasoning,0.2066832953626094
3,80,FedLoRA,verdict,0.1849150782036117
3,80,FedLoRA,rule alignment,0.23995985959544033
3,80,FedLoRA,total,0.2141947466766924
3,81,FedLoRA,citation,0.24959872456943658
3,81,FedLoRA,reasoning,0.22507014017381705
3,81,FedLoRA,verdict,0.20868351107407404
3,81,FedLoRA,rule alignment,0.22145287832969282
3,81,FedLoRA,total,0.22638217662896132
3,82,FedLoRA,citation,0.24329206167334386
3,82,FedLoRA,reasoning,0.22252478586296134
3,82,FedLoRA,verdict,0.19942529381082066
3,82,FedLoRA,rule alignment,0.20895958636264275
3,82,FedLoRA,total,0.21922869190245808
3,83,FedLoRA,citation,0.23675706045719896
3,83,FedLoRA,reasoning,0.23493305127252798
3,83,FedLoRA,verdict,0.2067015563053045
3,83,FedLoRA,rule alignment,0.22830975739554832
3,83,FedLoRA,total,0.22700652105149394
3,84,FedLoRA,citation,0.24492561700788468
3,84,FedLoRA,reasoning,0.20989610192806524
3,84,FedLoRA,verdict,0.19250476597924204
3,84,FedLoRA,rule alignment,0.21257632630548695
3,84,FedLoRA,total,0.21484169158629862
3,85,FedLoRA,citation,0.25224330529967515
3,85,FedLoRA,reasoning,0.20876258250599436
3,85,FedLoRA,verdict,0.19445383829407475
3,85,FedLoRA,rule alignment,0.20720605559657684
3,85,FedLoRA,total,0.21574427176955113
3,86,FedLoRA,citation,0.23236522136934118
3,86,FedLoRA,reasoning,0.2134741831199364
3,86,FedLoRA,verdict,0.1939643365426064
3,86,FedLoRA,rule alignment,0.22645404778534614
3,86,FedLoRA,total,0.21591545397103706
3,87,FedLoRA,citation,0.25763801207756115
3,87,FedLoRA,reasoning,0.21488528148546165
3,87,FedLoRA,verdict,0.19979001648557523
3,87,FedLoRA,rule alignment,0.20432386832958155
3,87,FedLoRA,total,0.21968736525233892
3,88,FedLoRA,citation,0.22808568198599613
3,88,FedLoRA,reasoning,0.21315933865738063
3,88,FedLoRA,verdict,0.20347118122136892
3,88,FedLoRA,rule alignment,0.2158927703472554
3,88,FedLoRA,total,0.21501557146850653
3,89,FedLoRA,citation,0.23746725916351416
3,89,FedLoRA,reasoning,0.20925346320515986
3,89,FedLoRA,verdict,0.1889467127358648
3,89,FedLoRA,rule alignment,0.21196031826017145
3,89,FedLoRA,total,0.211771595588427
3,90,FedLoRA,citation,0.2250483660418703
3,90,FedLoRA,reasoning,0.2079003664749007
3,90,FedLoRA,verdict,0.18938551225457065
3,90,FedLoRA,rule alignment,0.22016058175781061
3,90,FedLoRA,total,0.21001069586814258
3,91,FedLoRA,citation,0.23573047905723682
3,91,FedLoRA,reasoning,0.21536598957943504
3,91,FedLoRA,verdict,0.18251394499723098
3,91,FedLoRA,rule alignment,0.21149274795464376
3,91,FedLoRA,total,0.21146945247837623
3,92,FedLoRA,citation,0.2231551532275178
3,92,FedLoRA,reasoning,0.19097772082871955
3,92,FedLoRA,verdict,0.19356583421205392
3,92,FedLoRA,rule alignment,0.20955324199776343
3,92,FedLoRA,total,0.2033842115080615
3,93,FedLoRA,citation,0.2179583296043082
3,93,FedLoRA,reasoning,0.19889995355487364
3,93,FedLoRA,verdict,0.1899281813775948
3,93,FedLoRA,rule alignment,0.21740872373186984
3,93,FedLoRA,total,0.20512335855831182
3,94,FedLoRA,citation,0.21942404041002234
3,94,FedLoRA,reasoning,0.20488966013746857
3,94,FedLoRA,verdict,0.18194486652468025
3,94,FedLoRA,rule alignment,0.20453469447060355
3,94,FedLoRA,total,0.20271606366903694
3,95,FedLoRA,citation,0.2262122407507533
3,95,FedLoRA,reasoning,0.19115040829235502
3,95,FedLoRA,verdict,0.1849280125232105
3,95,FedLoRA,rule alignment,0.1968677494873188
3,95,FedLoRA,total,0.19950373570366126
3,96,FedLoRA,citation,0.21104298434258195
3,96,FedLoRA,reasoning,0.19771370138771002
3,96,FedLoRA,verdict,0.1846863451641155
3,96,FedLoRA,rule alignment,0.18956527531137768
3,96,FedLoRA,total,0.1961594978552629
3,97,FedLoRA,citation,0.21261569526766524
3,97,FedLoRA,reasoning,0.16792491669714935
3,97,FedLoRA,verdict,0.17991986781188174
3,97,FedLoRA,rule alignment,0.19231695067372123
3,97,FedLoRA,total,0.1869747559137758
3,98,FedLoRA,citation,0.21842958406310856
3,98,FedLoRA,reasoning,0.19413740964658407
3,98,FedLoRA,verdict,0.16967108708838433
3,98,FedLoRA,rule alignment,0.19968988936512228
3,98,FedLoRA,total,0.1952043685548729
3,99,FedLoRA,citation,0.22350624935418917
3,99,FedLoRA,reasoning,0.18579829787006621
3,99,FedLoRA,verdict,0.17177900098826168
3,99,FedLoRA,rule alignment,0.21035912042662067
3,99,FedLoRA,total,0.19663262603195672
3,100,FedLoRA,citation,0.22121551247442364
3,100,FedLoRA,reasoning,0.20114004815631592
3,100,FedLoRA,verdict,0.1874831011960087
3,100,FedLoRA,rule alignment,0.18749358302613098
3,100,FedLoRA,total,0.20001538446972905
3,1,Conflict-aware,citation,0.43934631586970146
3,1,Conflict-aware,reasoning,0.3858217604082315
3,1,Conflict-aware,verdict,0.3355695398597129
3,1,Conflict-aware,rule alignment,0.4052517414496393
3,1,Conflict-aware,total,0.3905258403447509
3,2,Conflict-aware,citation,0.4484232367358621
3,2,Conflict-aware,reasoning,0.3884387116164748
3,2,Conflict-aware,verdict,0.3420596983510993
3,2,Conflict-aware,rule alignment,0.4058129195202554
3,2,Conflict-aware,total,0.39531493116073385
3,3,Conflict-aware,citation,0.44407132935369054
3,3,Conflict-aware,reasoning,0.39752511810735164
3,3,Conflict-aware,verdict,0.3389321146310041
3,3,Conflict-aware,rule alignment,0.40340633236509293
3,3,Conflict-aware,total,0.39568966290139773
3,4,Conflict-aware,citation,0.4416475273121485
3,4,Conflict-aware,reasoning,0.37740441658577156
3,4,Conflict-aware,verdict,0.33388679859344483
3,4,Conflict-aware,rule alignment,0.41088550932175805
3,4,Conflict-aware,total,0.3892820083164814
3,5,Conflict-aware,citation,0.4422826476364604
3,5,Conflict-aware,reasoning,0.3839601582985833
3,5,Conflict-aware,verdict,0.32509590843596603
3,5,Conflict-aware,rule alignment,0.3943716782154661
3,5,Conflict-aware,total,0.38590702215077477
3,6,Conflict-aware,citation,0.43797440487176437
3,6,Conflict-aware,reasoning,0.36182875605266684
3,6,Conflict-aware,verdict,0.3346093738692586
3,6,Conflict-aware,rule alignment,0.39153691497598464
3,6,Conflict-aware,total,0.38000195449625274
3,7,Conflict-aware,citation,0.43088168068460264
3,7,Conflict-aware,reasoning,0.37435425789211474
3,7,Conflict-aware,verdict,0.32831519148407184
3,7,Conflict-aware,rule alignment,0.38682251725793354
3,7,Conflict-aware,total,0.37946999886138977
3,8,Conflict-aware,citation,0.43378013378479907
3,8,Conflict-aware,reasoning,0.3688797107954893
3,8,Conflict-aware,verdict,0.3142274076365268
3,8,Conflict-aware,rule alignment,0.3815584961213847
3,8,Conflict-aware,total,0.3739774978182552
3,9,Conflict-aware,citation,0.4207031810865964
3,9,Conflict-aware,reasoning,0.3560790632997585
3,9,Conflict-aware,verdict,0.3142721491112341
3,9,Conflict-aware,rule alignment,0.382992446068013
3,9,Conflict-aware,total,0.3671660407529878
3,10,Conflict-aware,citation,0.40707692782513466
3,10,Conflict-aware,reasoning,0.35366812146960147
3,10,Conflict-aware,verdict,0.3141574462390604
3,10,Conflict-aware,rule alignment,0.3742832523031715
3,10,Conflict-aware,total,0.36126568041756346
3,11,Conflict-aware,citation,0.4116557436754049
3,11,Conflict-aware,reasoning,0.35526773925245403
3,11,Conflict-aware,verdict,0.3146283776242589
3,11,Conflict-aware,rule alignment,0.36576230334710313
3,11,Conflict-aware,total,0.36130381277007273
3,12,Conflict-aware,citation,0.40582426523967324
3,12,Conflict-aware,reasoning,0.3481340666827226
3,12,Conflict-aware,verdict,0.3081878952823323
3,12,Conflict-aware,rule alignment,0.36931891248670556
3,12,Conflict-aware,total,0.3568070426326593
3,13,Conflict-aware,citation,0.40229959413370375
3,13,Conflict-aware,reasoning,0.3364932738658454
3,13,Conflict-aware,verdict,0.30658478387928756
3,13,Conflict-aware,rule alignment,0.3645534582515336
3,13,Conflict-aware,total,0.3510797683133081
3,14,Conflict-aware,citation,0.39067383183989857
3,14,Conflict-aware,reasoning,0.33780818239351745
3,14,Conflict-aware,verdict,0.2916260906001556
3,14,Conflict-aware,rule alignment,0.35713292301484456
3,14,Conflict-aware,total,0.3433440199310377
3,15,Conflict-aware,citation,0.38896007543983496
3,15,Conflict-aware,reasoning,0.31342965725117206
3,15,Conflict-aware,verdict,0.31511953421074673
3,15,Conflict-aware,rule alignment,0.35690934623756704
3,15,Conflict-aware,total,0.34143066883551043
3,16,Conflict-aware,citation,0.37602776670173005
3,16,Conflict-aware,reasoning,0.33049576035601863
3,16,Conflict-aware,verdict,0.2865113372556636
3,16,Conflict-aware,rule alignment,0.34485837244282536
3,16,Conflict-aware,total,0.33375517858471904
3,17,Conflict-aware,citation,0.3691837951608636
3,17,Conflict-aware,reasoning,0.3337384688723159
3,17,Conflict-aware,verdict,0.2908459840983514
3,17,Conflict-aware,rule alignment,0.34342210588869143
3,17,Conflict-aware,total,0.33381340665423687
3,18,Conflict-aware,citation,0.3716717190687551
3,18,Conflict-aware,reasoning,0.32842522735207347
3,18,Conflict-aware,verdict,0.29602561501157637
3,18,Conflict-aware,rule alignment,0.3474952705459539
3,18,Conflict-aware,total,0.3349509558348957
3,19,Conflict-aware,citation,0.37179166532934815
3,19,Conflict-aware,reasoning,0.33172650308092444
3,19,Conflict-aware,verdict,0.287318165815728
3,19,Conflict-aware,rule alignment,0.33917640552144124
3,19,Conflict-aware,total,0.3321306898148346
3,20,Conflict-aware,citation,0.3752535056959444
3,20,Conflict-aware,reasoning,0.3352846142633982
3,20,Conflict-aware,verdict,0.2835306028796545
3,20,Conflict-aware,rule alignment,0.32813451751243294
3,20,Conflict-aware,total,0.33090831492540573
3,21,Conflict-aware,citation,0.3726086958177465
3,21,Conflict-aware,reasoning,0.31396881499459517
3,21,Conflict-aware,verdict,0.28290079699350956
3,21,Conflict-aware,rule alignment,0.32813564161058356
3,21,Conflict-aware,total,0.3236951460233093
3,22,Conflict-aware,citation,0.3564421591964145
3,22,Conflict-aware,reasoning,0.302130922592385
3,22,Conflict-aware,verdict,0.2882698932998587
3,22,Conflict-aware,rule alignment,0.32303395136926166
3,22,Conflict-aware,total,0.3164240801756361
3,23,Conflict-aware,citation,0.3624885855548644
3,23,Conflict-aware,reasoning,0.3025434045506545
3,23,Conflict-aware,verdict,0.276946523985963
3,23,Conflict-aware,rule alignment,0.32514069862212747
3,23,Conflict-aware,total,0.3156499384748287
3,24,Conflict-aware,citation,0.355701441479508
3,24,Conflict-aware,reasoning,0.29803059971836154
3,24,Conflict-aware,verdict,0.26993728098284886
3,24,Conflict-aware,rule alignment,0.3289403189367574
3,24,Conflict-aware,total,0.31160692431844916
3,25,Conflict-aware,citation,0.35471050287057965
3,25,Conflict-aware,reasoning,0.3004390930492627
3,25,Conflict-aware,verdict,0.2622463217239415
3,25,Conflict-aware,rule alignment,0.32582748229543756
3,25,Conflict-aware,total,0.30953643052249663
3,26,Conflict-aware,citation,0.3420355821914978
3,26,Conflict-aware,reasoning,0.30237597203524375
3,26,Conflict-aware,verdict,0.27297845999635856
3,26,Conflict-aware,rule alignment,0.3047895404840475
3,26,Conflict-aware,total,0.30542421025434674
3,27,Conflict-aware,citation,0.33849599582055134
3,27,Conflict-aware,reasoning,0.2967357928598953
3,27,Conflict-aware,verdict,0.26873809998513737
3,27,Conflict-aware,rule alignment,0.31624029879638177
3,27,Conflict-aware,total,0.3040773215686672
3,28,Conflict-aware,citation,0.34390757548549966
3,28,Conflict-aware,reasoning,0.3093888933559945
3,28,Conflict-aware,verdict,0.2664115443736825
3,28,Conflict-aware,rule alignment,0.30849708048635294
3,28,Conflict-aware,total,0.30709586406886447
3,29,Conflict-aware,citation,0.34206867218477255
3,29,Conflict-aware,reasoning,0.28629002249641283
3,29,Conflict-aware,verdict,0.2690319493767973
3,29,Conflict-aware,rule alignment,0.3186181649625505
3,29,Conflict-aware,total,0.3023857951318264
3,30,Conflict-aware,citation,0.34162202558106897
3,30,Conflict-aware,reasoning,0.29330728667712813
3,30,Conflict-aware,verdict,0.2711783409913071
3,30,Conflict-aware,rule alignment,0.30281043244808403
3,30,Conflict-aware,total,0.3017543641358493
3,31,Conflict-aware,citation,0.33460715039829275
3,31,Conflict-aware,reasoning,0.29657321554144256
3,31,Conflict-aware,verdict,0.24533011295940063
3,31,Conflict-aware,rule alignment,0.3149207529338985
3,31,Conflict-aware,total,0.29694043108863577
3,32,Conflict-aware,citation,0.32925677746522336
3,32,Conflict-aware,reasoning,0.26797311692227205
3,32,Conflict-aware,verdict,0.2554795120106196
3,32,Conflict-aware,rule alignment,0.30493586649959503
3,32,Conflict-aware,total,0.28756318074556136
3,33,Conflict-aware,citation,0.3190194545708941
3,33,Conflict-aware,reasoning,0.28956310329812834
3,33,Conflict-aware,verdict,0.2566797174515214
3,33,Conflict-aware,rule alignment,0.2950817757877869
3,33,Conflict-aware,total,0.28981007915259976
3,34,Conflict-aware,citation,0.32054918281600236
3,34,Conflict-aware,reasoning,0.2793350846804132
3,34,Conflict-aware,verdict,0.25047093984012425
3,34,Conflict-aware,rule alignment,0.2942860765554486
3,34,Conflict-aware,total,0.2854127713792453
3,35,Conflict-aware,citation,0.33090822285000604
3,35,Conflict-aware,reasoning,0.2844709597272464
3,35,Conflict-aware,verdict,0.24379938975732293
3,35,Conflict-aware,rule alignment,0.29420692394263825
3,35,Conflict-aware,total,0.28785957585853383
3,36,Conflict-aware,citation,0.3111711647263092
3,36,Conflict-aware,reasoning,0.2658972358668146
3,36,Conflict-aware,verdict,0.2522128875215228
3,36,Conflict-aware,rule alignment,0.31375904846282815
3,36,Conflict-aware,total,0.283366993514568
3,37,Conflict-aware,citation,0.31194500909413925
3,37,Conflict-aware,reasoning,0.2731161339064165
3,37,Conflict-aware,verdict,0.23324329619228001
3,37,Conflict-aware,rule alignment,0.295194002894249
3,37,Conflict-aware,total,0.2772707170723796
3,38,Conflict-aware,citation,0.30240372268945553
3,38,Conflict-aware,reasoning,0.25960963364504464
3,38,Conflict-aware,verdict,0.24031883402122767
3,38,Conflict-aware,rule alignment,0.28084916031362045
3,38,Conflict-aware,total,0.2697333613339083
3,39,Conflict-aware,citation,0.3062950339574628
3,39,Conflict-aware,reasoning,0.27369863377349923
3,39,Conflict-aware,verdict,0.24418481361261934
3,39,Conflict-aware,rule alignment,0.2827247169458313
3,39,Conflict-aware,total,0.27627449541373655
3,40,Conflict-aware,citation,0.3118163060605646
3,40,Conflict-aware,reasoning,0.2690231238395346
3,40,Conflict-aware,verdict,0.2558189812579196
3,40,Conflict-aware,rule alignment,0.28769460616583814
3,40,Conflict-aware,total,0.28015468021464907
3,41,Conflict-aware,citation,0.29965740152667686
3,41,Conflict-aware,reasoning,0.26902278172506056
3,41,Conflict-aware,verdict,0.23152742938088333
3,41,Conflict-aware,rule alignment,0.2813578132348391
3,41,Conflict-aware,total,0.269774604891376
3,42,Conflict-aware,citation,0.2968174554015701
3,42,Conflict-aware,reasoning,0.2678881137426468
3,42,Conflict-aware,verdict,0.23557670862643246
3,42,Conflict-aware,rule alignment,0.25986783079909076
3,42,Conflict-aware,total,0.26543854128961286
3,43,Conflict-aware,citation,0.2961371634556893
3,43,Conflict-aware,reasoning,0.26476381392473075
3,43,Conflict-aware,verdict,0.22486466208873393
3,43,Conflict-aware,rule alignment,0.2695834688513281
3,43,Conflict-aware,total,0.26359629433379067
3,44,Conflict-aware,citation,0.29586188158764404
3,44,Conflict-aware,reasoning,0.26558924362676384
3,44,Conflict-aware,verdict,0.23592461721790398
3,44,Conflict-aware,rule alignment,0.25653953623552
3,44,Conflict-aware,total,0.2639313050365201
3,45,Conflict-aware,citation,0.2906250208565745
3,45,Conflict-aware,reasoning,0.2571152473440678
3,45,Conflict-aware,verdict,0.2229905973002251
3,45,Conflict-aware,rule alignment,0.25874558225278205
3,45,Conflict-aware,total,0.2572875951929766
3,46,Conflict-aware,citation,0.2796595789790559
3,46,Conflict-aware,reasoning,0.24225440727646394
3,46,Conflict-aware,verdict,0.22930367819079148
3,46,Conflict-aware,rule alignment,0.26328794122110194
3,46,Conflict-aware,total,0.2525747247196214
3,47,Conflict-aware,citation,0.2648222253527764
3,47,Conflict-aware,reasoning,0.24426433693811545
3,47,Conflict-aware,verdict,0.21569786006435998
3,47,Conflict-aware,rule alignment,0.26124894171285074
3,47,Conflict-aware,total,0.2456591107782889
3,48,Conflict-aware,citation,0.28305294938856995
3,48,Conflict-aware,reasoning,0.25903736223100565
3,48,Conflict-aware,verdict,0.2033474036853895
3,48,Conflict-aware,rule alignment,0.25808554285378804
3,48,Conflict-aware,total,0.25092840550854917
3,49,Conflict-aware,citation,0.2774268115186688
3,49,Conflict-aware,reasoning,0.23582849275202378
3,49,Conflict-aware,verdict,0.2191433788559012
3,49,Conflict-aware,rule alignment,0.26150325738383184
3,49,Conflict-aware,total,0.24719174689601603
3,50,Conflict-aware,citation,0.27424156710873376
3,50,Conflict-aware,reasoning,0.2362136127803429
3,50,Conflict-aware,verdict,0.22071191639658788
3,50,Conflict-aware,rule alignment,0.2328280313010927
3,50,Conflict-aware,total,0.2411680609706518
3,51,Conflict-aware,citation,0.28974974536450576
3,51,Conflict-aware,reasoning,0.24121012444434076
3,51,Conflict-aware,verdict,0.2166208118754528
3,51,Conflict-aware,rule alignment,0.24524408119208807
3,51,Conflict-aware,total,0.24800449288170948
3,52,Conflict-aware,citation,0.2671120596113978
3,52,Conflict-aware,reasoning,0.23948979070279636
3,52,Conflict-aware,verdict,0.2177348459820911
3,52,Conflict-aware,rule alignment,0.2540342738635493
3,52,Conflict-aware,total,0.243865518381921
3,53,Conflict-aware,citation,0.25931211140803107
3,53,Conflict-aware,reasoning,0.22920229857609759
3,53,Conflict-aware,verdict,0.21151772270284658
3,53,Conflict-aware,rule alignment,0.24439904589683156
3,53,Conflict-aware,total,0.235347957279915
3,54,Conflict-aware,citation,0.27002603609963916
3,54,Conflict-aware,reasoning,0.23927768020941867
3,54,Conflict-aware,verdict,0.21341090998722986
3,54,Conflict-aware,rule alignment,0.24936612670221928
3,54,Conflict-aware,total,0.24251576592498672
3,55,Conflict-aware,citation,0.2568423171152858
3,55,Conflict-aware,reasoning,0.2323178776722996
3,55,Conflict-aware,verdict,0.2177654248879822
3,55,Conflict-aware,rule alignment,0.24755088299159062
3,55,Conflict-aware,total,0.23785747540082502
3,56,Conflict-aware,citation,0.24744586265364654
3,56,Conflict-aware,reasoning,0.24342747244609678
3,56,Conflict-aware,verdict,0.2159148018150713
3,56,Conflict-aware,rule alignment,0.2374793928745155
3,56,Conflict-aware,total,0.23636428642591156
3,57,Conflict-aware,citation,0.2601644211926742
3,57,Conflict-aware,reasoning,0.22745966611633464
3,57,Conflict-aware,verdict,0.19900487657290877
3,57,Conflict-aware,rule alignment,0.2442448835195095
3,57,Conflict-aware,total,0.23187920098019804
3,58,Conflict-aware,citation,0.25778032944362955
3,58,Conflict-aware,reasoning,0.2255521431524415
3,58,Conflict-aware,verdict,0.21264640855326486
3,58,Conflict-aware,rule alignment,0.24834782046915438
3,58,Conflict-aware,total,0.23494189153878695
3,59,Conflict-aware,citation,0.2659784476438351
3,59,Conflict-aware,reasoning,0.22041610382957483
3,59,Conflict-aware,verdict,0.19806093398301217
3,59,Conflict-aware,rule alignment,0.22492917856166736
3,59,Conflict-aware,total,0.22712051226791774
3,60,Conflict-aware,citation,0.2575189469286308
3,60,Conflict-aware,reasoning,0.2224914732242341
3,60,Conflict-aware,verdict,0.20246946056673737
3,60,Conflict-aware,rule alignment,0.2201662085912156
3,60,Conflict-aware,total,0.2257777855593554
3,61,Conflict-aware,citation,0.247248860020907
3,61,Conflict-aware,reasoning,0.2094445758490269
3,61,Conflict-aware,verdict,0.20154352557091706
3,61,Conflict-aware,rule alignment,0.23724247430725878
3,61,Conflict-aware,total,0.22247996401411585
3,62,Conflict-aware,citation,0.24791901662630564
3,62,Conflict-aware,reasoning,0.22843813028556006
3,62,Conflict-aware,verdict,0.20807197569851457
3,62,Conflict-aware,rule alignment,0.23471851254139595
3,62,Conflict-aware,total,0.22947288967515225
3,63,Conflict-aware,citation,0.25534192232232195
3,63,Conflict-aware,reasoning,0.2128272795974574
3,63,Conflict-aware,verdict,0.1996081871788583
3,63,Conflict-aware,rule alignment,0.23198641851791343
3,63,Conflict-aware,total,0.22398299495811497
3,64,Conflict-aware,citation,0.25427316273649936
3,64,Conflict-aware,reasoning,0.21149240808643288
3,64,Conflict-aware,verdict,0.18579524928611177
3,64,Conflict-aware,rule alignment,0.23027994582227093
3,64,Conflict-aware,total,0.21952081459603684
3,65,Conflict-aware,citation,0.23818563675833596
3,65,Conflict-aware,reasoning,0.2223262203084365
3,65,Conflict-aware,verdict,0.19191493984917252
3,65,Conflict-aware,rule alignment,0.21126939376217685
3,65,Conflict-aware,total,0.21647688899684342
3,66,Conflict-aware,citation,0.22893608386515446
3,66,Conflict-aware,reasoning,0.21355447438025071
3,66,Conflict-aware,verdict,0.19007206073967708
3,66,Conflict-aware,rule alignment,0.21638278720149254
3,66,Conflict-aware,total,0.2120949359055816
3,67,Conflict-aware,citation,0.2369457105366726
3,67,Conflict-aware,reasoning,0.21739012395583326
3,67,Conflict-aware,verdict,0.1870119166865954
3,67,Conflict-aware,rule alignment,0.2222379920295889
3,67,Conflict-aware,total,0.21565404239848474
3,68,Conflict-aware,citation,0.22937564280274275
3,68,Conflict-aware,reasoning,0.20874285237294513
3,68,Conflict-aware,verdict,0.188938611823491
3,68,Conflict-aware,rule alignment,0.2222856767885957
3,68,Conflict-aware,total,0.2116585547261611
3,69,Conflict-aware,citation,0.22426266352065166
3,69,Conflict-aware,reasoning,0.21008092298825978
3,69,Conflict-aware,verdict,0.17460787447729445
3,69,Conflict-aware,rule alignment,0.21162636264438753
3,69,Conflict-aware,total,0.20506718392484197
3,70,Conflict-aware,citation,0.23784927154883992
3,70,Conflict-aware,reasoning,0.19938281726418966
3,70,Conflict-aware,verdict,0.1952927693498061
3,70,Conflict-aware,rule alignment,0.2084381549847418
3,70,Conflict-aware,total,0.20978798640086677
3,71,Conflict-aware,citation,0.22330608972523028
3,71,Conflict-aware,reasoning,0.19908217255125477
3,71,Conflict-aware,verdict,0.18157211492526978
3,71,Conflict-aware,rule alignment,0.20051374329609928
3,71,Conflict-aware,total,0.2010469515872213
3,72,Conflict-aware,citation,0.22310185200261112
3,72,Conflict-aware,reasoning,0.204666490665762
3,72,Conflict-aware,verdict,0.187979998931869
3,72,Conflict-aware,rule alignment,0.21003688367538645
3,72,Conflict-aware,total,0.20617778666842593
3,73,Conflict-aware,citation,0.2238374793066316
3,73,Conflict-aware,reasoning,0.2045818221337206
3,73,Conflict-aware,verdict,0.17719821625012178
3,73,Conflict-aware,rule alignment,0.2119139323274993
3,73,Conflict-aware,total,0.20401625699480438
3,74,Conflict-aware,citation,0.22475403163252708
3,74,Conflict-aware,reasoning,0.20086648398103585
3,74,Conflict-aware,verdict,0.16429459745451747
3,74,Conflict-aware,rule alignment,0.21282563320481776
3,74,Conflict-aware,total,0.20008722910703547
3,75,Conflict-aware,citation,0.2106012588456706
3,75,Conflict-aware,reasoning,0.1961786057781879
3,75,Conflict-aware,verdict,0.1734570124428311
3,75,Conflict-aware,rule alignment,0.20156522984345215
3,75,Conflict-aware,total,0.1951811955242722
3,76,Conflict-aware,citation,0.2292044209521343
3,76,Conflict-aware,reasoning,0.19746423107987368
3,76,Conflict-aware,verdict,0.1852082776889278
3,76,Conflict-aware,rule alignment,0.20449322445116264
3,76,Conflict-aware,total,0.20374108887446016
3,77,Conflict-aware,citation,0.21885269779497776
3,77,Conflict-aware,reasoning,0.1956472867040295
3,77,Conflict-aware,verdict,0.17508305761709425
3,77,Conflict-aware,rule alignment,0.19139260444201794
3,77,Conflict-aware,total,0.19545664575263041
3,78,Conflict-aware,citation,0.22137164153804814
3,78,Conflict-aware,reasoning,0.1837017460773852
3,78,Conflict-aware,verdict,0.1732531431981281
3,78,Conflict-aware,rule alignment,0.21038400415729577
3,78,Conflict-aware,total,0.19584352083871878
3,79,Conflict-aware,citation,0.21922722721079135
3,79,Conflict-aware,reasoning,0.18022841449612703
3,79,Conflict-aware,verdict,0.1713891450490942
3,79,Conflict-aware,rule alignment,0.19406501177399785
3,79,Conflict-aware,total,0.19053561976860905
3,80,Conflict-aware,citation,0.20714901844542882
3,80,Conflict-aware,reasoning,0.19301675032307997
3,80,Conflict-aware,verdict,0.16506248757186434
3,80,Conflict-aware,rule alignment,0.20512174712277814
3,80,Conflict-aware,total,0.1919822510258029
3,81,Conflict-aware,citation,0.2057556078691138
3,81,Conflict-aware,reasoning,0.1839987449911918
3,81,Conflict-aware,verdict,0.18161223164056153
3,81,Conflict-aware,rule alignment,0.1996466753733662
3,81,Conflict-aware,total,0.1919709184494496
3,82,Conflict-aware,citation,0.20181803630968173
3,82,Conflict-aware,reasoning,0.18129344682475368
3,82,Conflict-aware,verdict,0.17330023419587376
3,82,Conflict-aware,rule alignment,0.19892550390579522
3,82,Conflict-aware,total,0.18795270245497403
3,83,Conflict-aware,citation,0.20962794176999658
3,83,Conflict-aware,reasoning,0.18922950196523136
3,83,Conflict-aware,verdict,0.15853946046346826
3,83,Conflict-aware,rule alignment,0.19787084466935692
3,83,Conflict-aware,total,0.188384870081807
3,84,Conflict-aware,citation,0.20225532624975476
3,84,Conflict-aware,reasoning,0.17513412370268405
3,84,Conflict-aware,verdict,0.18042302080155206
3,84,Conflict-aware,rule alignment,0.1819146958407617
3,84,Conflict-aware,total,0.18459276304178424
3,85,Conflict-aware,citation,0.19766448336436837
3,85,Conflict-aware,reasoning,0.1958245819414252
3,85,Conflict-aware,verdict,0.17559960546413264
3,85,Conflict-aware,rule alignment,0.1915427999002271
3,85,Conflict-aware,total,0.19037195676959826
3,86,Conflict-aware,citation,0.19654841886635097
3,86,Conflict-aware,reasoning,0.18730993721666994
3,86,Conflict-aware,verdict,0.17777491187724742
3,86,Conflict-aware,rule alignment,0.1891730343010902
3,86,Conflict-aware,total,0.1876084207111186
3,87,Conflict-aware,citation,0.19990680027836724
3,87,Conflict-aware,reasoning,0.18369173417070914
3,87,Conflict-aware,verdict,0.17209407376001
3,87,Conflict-aware,rule alignment,0.1797729611002988
3,87,Conflict-aware,total,0.18406233098086683
3,88,Conflict-aware,citation,0.198845032474222
3,88,Conflict-aware,reasoning,0.18636962482082522
3,88,Conflict-aware,verdict,0.16845534305076887
3,88,Conflict-aware,rule alignment,0.1870169844522458
3,88,Conflict-aware,total,0.18513937821794443
3,89,Conflict-aware,citation,0.1824907473060986
3,89,Conflict-aware,reasoning,0.1874057766731569
3,89,Conflict-aware,verdict,0.15375237174509995
3,89,Conflict-aware,rule alignment,0.18468835840171718
3,89,Conflict-aware,total,0.17722018444509013
3,90,Conflict-aware,citation,0.19350817266128334
3,90,Conflict-aware,reasoning,0.1666368123164568
3,90,Conflict-aware,verdict,0.17470947141886667
3,90,Conflict-aware,rule alignment,0.17804254686321655
3,90,Conflict-aware,total,0.17765396408761785
3,91,Conflict-aware,citation,0.18709006077121118
3,91,Conflict-aware,reasoning,0.17956301275624686
3,91,Conflict-aware,verdict,0.16205785221167174
3,91,Conflict-aware,rule alignment,0.1679910340733659
3,91,Conflict-aware,total,0.17475408888726796
3,92,Conflict-aware,citation,0.18581463569713597
3,92,Conflict-aware,reasoning,0.17285099912952856
3,92,Conflict-aware,verdict,0.16997231891566722
3,92,Conflict-aware,rule alignment,0.17677617267636056
3,92,Conflict-aware,total,0.17615727292733147
3,93,Conflict-aware,citation,0.18213238620359212
3,93,Conflict-aware,reasoning,0.1712979767454518
3,93,Conflict-aware,verdict,0.15814186622904
3,93,Conflict-aware,rule alignment,0.181316934949343
3,93,Conflict-aware,total,0.17272134312166218
3,94,Conflict-aware,citation,0.18637470221285365
3,94,Conflict-aware,reasoning,0.1671032862180077
3,94,Conflict-aware,verdict,0.15826760236548632
3,94,Conflict-aware,rule alignment,0.18300410681643178
3,94,Conflict-aware,total,0.17289238337327367
3,95,Conflict-aware,citation,0.2071552536838992
3,95,Conflict-aware,reasoning,0.17867196715363098
3,95,Conflict-aware,verdict,0.16142531308480915
3,95,Conflict-aware,rule alignment,0.17078173511756028
3,95,Conflict-aware,total,0.17990307886177842
3,96,Conflict-aware,citation,0.17911760090792114
3,96,Conflict-aware,reasoning,0.166743176144594
3,96,Conflict-aware,verdict,0.15376714533964422
3,96,Conflict-aware,rule alignment,0.16895749861601278
3,96,Conflict-aware,total,0.16703563912847208
3,97,Conflict-aware,citation,0.19144454464575444
3,97,Conflict-aware,reasoning,0.1781667153315337
3,97,Conflict-aware,verdict,0.1572806878414034
3,97,Conflict-aware,rule alignment,0.19257694898818523
3,97,Conflict-aware,total,0.1791467125188866
3,98,Conflict-aware,citation,0.17948654273402956
3,98,Conflict-aware,reasoning,0.1631185181211066
3,98,Conflict-aware,verdict,0.15281743695567074
3,98,Conflict-aware,rule alignment,0.17056907035792865
3,98,Conflict-aware,total,0.1661253644303428
3,99,Conflict-aware,citation,0.184111213063255
3,99,Conflict-aware,reasoning,0.16991719511980435
3,99,Conflict-aware,verdict,0.1506625779548638
3,99,Conflict-aware,rule alignment,0.17601942437331536
3,99,Conflict-aware,total,0.1698724911651341
3,100,Conflict-aware,citation,0.17972540677338134
3,100,Conflict-aware,reasoning,0.16491394690247507
3,100,Conflict-aware,verdict,0.16066904769706403
3,100,Conflict-aware,rule alignment,0.16585952060885764
3,100,Conflict-aware,total,0.1677447018101254
3,1,Full framework,citation,0.39897558434014013
3,1,Full framework,reasoning,0.3542110298230373
3,1,Full framework,verdict,0.287181782432228
3,1,Full framework,rule alignment,0.36963682394785974
3,1,Full framework,total,0.35173001542957516
3,2,Full framework,citation,0.4010824147661366
3,2,Full framework,reasoning,0.3464358186689135
3,2,Full framework,verdict,0.30789266664575643
3,2,Full framework,rule alignment,0.35656741119436947
3,2,Full framework,total,0.3524879981925212
3,3,Full framework,citation,0.40152567489411783
3,3,Full framework,reasoning,0.33017620233081507
3,3,Full framework,verdict,0.288637554574696
3,3,Full framework,rule alignment,0.3636379329951642
3,3,Full framework,total,0.3443212546654808
3,4,Full framework,citation,0.39376203918937885
3,4,Full framework,reasoning,0.3493989415106788
3,4,Full framework,verdict,0.30397389113642703
3,4,Full framework,rule alignment,0.3479018519859617
3,4,Full framework,total,0.34883403543184743
3,5,Full framework,citation,0.39417808093995715
3,5,Full framework,reasoning,0.32847645220844146
3,5,Full framework,verdict,0.2889271794495177
3,5,Full framework,rule alignment,0.34668837230010846
3,5,Full framework,total,0.33865692521992286
3,6,Full framework,citation,0.37905123027289866
3,6,Full framework,reasoning,0.3284143866835601
3,6,Full framework,verdict,0.28744631222356326
3,6,Full framework,rule alignment,0.34025363438446393
3,6,Full framework,total,0.3331994285060763
3,7,Full framework,citation,0.3824878728888645
3,7,Full framework,reasoning,0.33206461148939337
3,7,Full framework,verdict,0.281087322359947
3,7,Full framework,rule alignment,0.3442308417260863
3,7,Full framework,total,0.33435935060423816
3,8,Full framework,citation,0.3783942709918703
3,8,Full framework,reasoning,0.32550640722637464
3,8,Full framework,verdict,0.2813537797530605
3,8,Full framework,rule alignment,0.3434422206327087
3,8,Full framework,total,0.3312773789806868
3,9,Full framework,citation,0.373234729374219
3,9,Full framework,reasoning,0.3215937323533535
3,9,Full framework,verdict,0.2920337923628043
3,9,Full framework,rule alignment,0.3424720473748581
3,9,Full framework,total,0.3312896596152335
3,10,Full framework,citation,0.35969441095412946
3,10,Full framework,reasoning,0.30644079570528293
3,10,Full framework,verdict,0.28220968505299565
3,10,Full framework,rule alignment,0.34909835870905553
3,10,Full framework,total,0.3222279344551773
3,11,Full framework,citation,0.3547002264137267
3,11,Full framework,reasoning,0.3307991733974101
3,11,Full framework,verdict,0.2711694189562036
3,11,Full framework,rule alignment,0.34267926375424645
3,11,Full framework,total,0.3242430161125549
3,12,Full framework,citation,0.3687988576732357
3,12,Full framework,reasoning,0.3034570727991056
3,12,Full framework,verdict,0.2846142397855305
3,12,Full framework,rule alignment,0.32654374135662867
3,12,Full framework,total,0.319699144475749
3,13,Full framework,citation,0.3638872512658918
3,13,Full framework,reasoning,0.30640902097419
3,13,Full framework,verdict,0.28369302496905946
3,13,Full framework,rule alignment,0.3253045904449971
3,13,Full framework,total,0.31887869343999425
3,14,Full framework,citation,0.3587808749711654
3,14,Full framework,reasoning,0.3005479348102941
3,14,Full framework,verdict,0.2576198251407925
3,14,Full framework,rule alignment,0.30595646435337376
3,14,Full framework,total,0.30545584834175243
3,15,Full framework,citation,0.3571680934286824
3,15,Full framework,reasoning,0.3055783353751083
3,15,Full framework,verdict,0.26902029851874154
3,15,Full framework,rule alignment,0.32374559915475826
3,15,Full framework,total,0.3129697184303401
3,16,Full framework,citation,0.33485319328278534
3,16,Full framework,reasoning,0.3012428056382671
3,16,Full framework,verdict,0.2558096465661907
3,16,Full framework,rule alignment,0.32015408500818393
3,16,Full framework,total,0.30206936865536094
3,17,Full framework,citation,0.3332751134313767
3,17,Full framework,reasoning,0.29284476604626913
3,17,Full framework,verdict,0.26269120203538987
3,17,Full framework,rule alignment,0.31273518483312496
3,17,Full framework,total,0.29939204564719735
3,18,Full framework,citation,0.3421771341031434
3,18,Full framework,reasoning,0.29288028745199723
3,18,Full framework,verdict,0.271266288581895
3,18,Full framework,rule alignment,0.3102891568612768
3,18,Full framework,total,0.3032827732791141
3,19,Full framework,citation,0.34441467574511675
3,19,Full framework,reasoning,0.29414815374010894
3,19,Full framework,verdict,0.26555203970715796
3,19,Full framework,rule alignment,0.3096731908062536
3,19,Full framework,total,0.3026707631463521
3,20,Full framework,citation,0.3230852177070832
3,20,Full framework,reasoning,0.29355994966704213
3,20,Full framework,verdict,0.25340571211254515
3,20,Full framework,rule alignment,0.30185778243979006
3,20,Full framework,total,0.2925622738429777
3,21,Full framework,citation,0.32323719719361277
3,21,Full framework,reasoning,0.2902335587204023
3,21,Full framework,verdict,0.2497216882105349
3,21,Full framework,rule alignment,0.30641687291507574
3,21,Full framework,total,0.29159316355017273
3,22,Full framework,citation,0.31283929226375806
3,22,Full framework,reasoning,0.2884033985026815
3,22,Full framework,verdict,0.24939329178297268
3,22,Full framework,rule alignment,0.28555523955579404
3,22,Full framework,total,0.2841902134736459
3,23,Full framework,citation,0.3187230463584635
3,23,Full framework,reasoning,0.2834431074275305
3,23,Full framework,verdict,0.25136201583696205
3,23,Full framework,rule alignment,0.28850884896274503
3,23,Full framework,total,0.28525596756966454
3,24,Full framework,citation,0.31857445123589895
3,24,Full framework,reasoning,0.2821527704522679
3,24,Full framework,verdict,0.24469250033222018
3,24,Full framework,rule alignment,0.2963457778021913
3,24,Full framework,total,0.28473172458814844
3,25,Full framework,citation,0.3154329085407291
3,25,Full framework,reasoning,0.27015675534350625
3,25,Full framework,verdict,0.24246496226965314
3,25,Full framework,rule alignment,0.285021113859222
3,25,Full framework,total,0.27752571707749185
3,26,Full framework,citation,0.30907079234720436
3,26,Full framework,reasoning,0.2762484507669594
3,26,Full framework,verdict,0.24130824732684694
3,26,Full framework,rule alignment,0.2842182412583397
3,26,Full framework,total,0.27731294340026863
3,27,Full framework,citation,0.3089645052775629
3,27,Full framework,reasoning,0.2694119078898578
3,27,Full framework,verdict,0.2502511739459149
3,27,Full framework,rule alignment,0.28374314949806895
3,27,Full framework,total,0.27737612207244056
3,28,Full framework,citation,0.30154835912761313
3,28,Full framework,reasoning,0.2674472186750197
3,28,Full framework,verdict,0.24293424827038385
3,28,Full framework,rule alignment,0.29150325900293833
3,28,Full framework,total,0.2746554692525928
3,29,Full framework,citation,0.30325365374915203
3,29,Full framework,reasoning,0.2721683286191471
3,29,Full framework,verdict,0.23252859499671197
3,29,Full framework,rule alignment,0.2759015149998065
3,29,Full framework,total,0.2707763637721714
3,30,Full framework,citation,0.29526797043347874
3,30,Full framework,reasoning,0.26376334406809615
3,30,Full framework,verdict,0.23101030181321247
3,30,Full framework,rule alignment,0.2786283499172931
3,30,Full framework,total,0.2664242412655603
3,31,Full framework,citation,0.2954910509881819
3,31,Full framework,reasoning,0.26578478336359146
3,31,Full framework,verdict,0.24079668440497756
3,31,Full framework,rule alignment,0.26995483746228605
3,31,Full framework,total,0.26779833634982453
3,32,Full framework,citation,0.2976622289753156
3,32,Full framework,reasoning,0.255106781668315
3,32,Full framework,verdict,0.2362258039003051
3,32,Full framework,rule alignment,0.28245010786799685
3,32,Full framework,total,0.26649406429299904
3,33,Full framework,citation,0.29059127822957154
3,33,Full framework,reasoning,0.2554507693035542
3,33,Full framework,verdict,0.21620164712631784
3,33,Full framework,rule alignment,0.27740359999138453
3,33,Full framework,total,0.2588141821283155
3,34,Full framework,citation,0.2898153143964406
3,34,Full framework,reasoning,0.24712814377012393
3,34,Full framework,verdict,0.24015188577411564
3,34,Full framework,rule alignment,0.26532724284685494
3,34,Full framework,total,0.25969569174304724
3,35,Full framework,citation,0.277725132032259
3,35,Full framework,reasoning,0.2578194465209537
3,35,Full framework,verdict,0.22315124731526198
3,35,Full framework,rule alignment,0.25157019611584097
3,35,Full framework,total,0.2528789680163345
3,36,Full framework,citation,0.2864971370026046
3,36,Full framework,reasoning,0.2524428316935336
3,36,Full framework,verdict,0.22353811631740417
3,36,Full framework,rule alignment,0.23802302002984765
3,36,Full framework,total,0.25084626684403183
3,37,Full framework,citation,0.2848995091351227
3,37,Full framework,reasoning,0.252441618198692
3,37,Full framework,verdict,0.20992602560901663
3,37,Full framework,rule alignment,0.24585299384906134
3,37,Full framework,total,0.2486094679154547
3,38,Full framework,citation,0.27238378704393607
3,38,Full framework,reasoning,0.2596322904048762
3,38,Full framework,verdict,0.22553643510757354
3,38,Full framework,rule alignment,0.2558563869045916
3,38,Full framework,total,0.2535410200402586
3,39,Full framework,citation,0.2814507925203772
3,39,Full framework,reasoning,0.23876122606417713
3,39,Full framework,verdict,0.21823370154464
3,39,Full framework,rule alignment,0.2479231236609126
3,39,Full framework,total,0.24613411606768995
3,40,Full framework,citation,0.26367778228156674
3,40,Full framework,reasoning,0.2389683149307792
3,40,Full framework,verdict,0.21028122297064197
3,40,Full framework,rule alignment,0.2624259090743975
3,40,Full framework,total,0.24266542760716547
3,41,Full framework,citation,0.27652959180183806
3,41,Full framework,reasoning,0.24042006868497504
3,41,Full framework,verdict,0.21830559074364758
3,41,Full framework,rule alignment,0.25733618116757634
3,41,Full framework,total,0.24730205247537915
3,42,Full framework,citation,0.25756470959390887
3,42,Full framework,reasoning,0.22660791064966207
3,42,Full framework,verdict,0.2020327278250043
3,42,Full framework,rule alignment,0.23649657168742044
3,42,Full framework,total,0.230181046887111
3,43,Full framework,citation,0.27699428396404346
3,43,Full framework,reasoning,0.24411963608837478
3,43,Full framework,verdict,0.20005154410314585
3,43,Full framework,rule alignment,0.24584963462586654
3,43,Full framework,total,0.24166727476848304
3,44,Full framework,citation,0.26312216692432266
3,44,Full framework,reasoning,0.23462177990489863
3,44,Full framework,verdict,0.2047040633236118
3,44,Full framework,rule alignment,0.240628535856339
3,44,Full framework,total,0.235468798704721
3,45,Full framework,citation,0.26536223805386355
3,45,Full framework,reasoning,0.24141916582781928
3,45,Full framework,verdict,0.20815160201439087
3,45,Full framework,rule alignment,0.2354859738987302
3,45,Full framework,total,0.2379014045451554
3,46,Full framework,citation,0.25620487656091495
3,46,Full framework,reasoning,0.22731825777075415
3,46,Full framework,verdict,0.19371475261754562
3,46,Full framework,rule alignment,0.24313364680773586
3,46,Full framework,total,0.22930211398738853
3,47,Full framework,citation,0.2653701243291234
3,47,Full framework,reasoning,0.2325325893164389
3,47,Full framework,verdict,0.22062924625212307
3,47,Full framework,rule alignment,0.22710285999246416
3,47,Full framework,total,0.23668019143873611
3,48,Full framework,citation,0.2597648291025647
3,48,Full framework,reasoning,0.22829352650739018
3,48,Full framework,verdict,0.199011295789384
3,48,Full framework,rule alignment,0.22910271179264363
3,48,Full framework,total,0.22900263153373296
3,49,Full framework,citation,0.24476794006506866
3,49,Full framework,reasoning,0.22404582601140235
3,49,Full framework,verdict,0.20994335634829372
3,49,Full framework,rule alignment,0.22251287090185767
3,49,Full framework,total,0.22539414608713285
3,50,Full framework,citation,0.24276932670302856
3,50,Full framework,reasoning,0.21404352853315872
3,50,Full framework,verdict,0.21151558786211186
3,50,Full framework,rule alignment,0.23267036373549546
3,50,Full framework,total,0.22431835994833182
3,51,Full framework,citation,0.2473733593964815
3,51,Full framework,reasoning,0.21533867880709295
3,51,Full framework,verdict,0.20595520708973872
3,51,Full framework,rule alignment,0.2250691525598803
3,51,Full framework,total,0.222947575775659
3,52,Full framework,citation,0.24054371774033287
3,52,Full framework,reasoning,0.2135845081030884
3,52,Full framework,verdict,0.18017279280819196
3,52,Full framework,rule alignment,0.2260318685514518
3,52,Full framework,total,0.21446085377834812
3,53,Full framework,citation,0.2430078546793306
3,53,Full framework,reasoning,0.21495881333798145
3,53,Full framework,verdict,0.2105717294414909
3,53,Full framework,rule alignment,0.22237827441895666
3,53,Full framework,total,0.22235819491539116
3,54,Full framework,citation,0.2335775360517568
3,54,Full framework,reasoning,0.20182791929251565
3,54,Full framework,verdict,0.2052419687231714
3,54,Full framework,rule alignment,0.22179652011445525
3,54,Full framework,total,0.21461255600437779
3,55,Full framework,citation,0.23706481391393047
3,55,Full framework,reasoning,0.2275973751713243
3,55,Full framework,verdict,0.18938288996947222
3,55,Full framework,rule alignment,0.209717638286385
3,55,Full framework,total,0.21683466617952496
3,56,Full framework,citation,0.24007601537286274
3,56,Full framework,reasoning,0.21555322041401007
3,56,Full framework,verdict,0.2155550335948376
3,56,Full framework,rule alignment,0.22757949691430485
3,56,Full framework,total,0.22408962774898908
3,57,Full framework,citation,0.22369564081935478
3,57,Full framework,reasoning,0.21071056047946463
3,57,Full framework,verdict,0.18611605075161247
3,57,Full framework,rule alignment,0.21445678937934035
3,57,Full framework,total,0.20855744891244926
3,58,Full framework,citation,0.22651935587487487
3,58,Full framework,reasoning,0.20386370285494854
3,58,Full framework,verdict,0.1880608676151608
3,58,Full framework,rule alignment,0.21518856554494417
3,58,Full framework,total,0.2078418798379823
3,59,Full framework,citation,0.22392036387959355
3,59,Full framework,reasoning,0.19843814466182497
3,59,Full framework,verdict,0.19717536975097388
3,59,Full framework,rule alignment,0.2175518630342617
3,59,Full framework,total,0.20831574941304168
3,60,Full framework,citation,0.2292432747156666
3,60,Full framework,reasoning,0.20114236423312506
3,60,Full framework,verdict,0.1965273224976734
3,60,Full framework,rule alignment,0.21065428887179977
3,60,Full framework,total,0.2089162163476325
3,61,Full framework,citation,0.21696859557877893
3,61,Full framework,reasoning,0.1938342481642514
3,61,Full framework,verdict,0.19065196459945166
3,61,Full framework,rule alignment,0.21696856165483278
3,61,Full framework,total,0.20344912682479963
3,62,Full framework,citation,0.2287189399068321
3,62,Full framework,reasoning,0.20199767897367474
3,62,Full framework,verdict,0.1801288292590009
3,62,Full framework,rule alignment,0.21447524105604432
3,62,Full framework,total,0.20570629419476955
3,63,Full framework,citation,0.2241527744009428
3,63,Full framework,reasoning,0.20089197329516884
3,63,Full framework,verdict,0.17063386904796954
3,63,Full framework,rule alignment,0.21439624309845925
3,63,Full framework,total,0.2018435014704706
3,64,Full framework,citation,0.217986636341296
3,64,Full framework,reasoning,0.19123855629669484
3,64,Full framework,verdict,0.1904869819883905
3,64,Full framework,rule alignment,0.20901326121137728
3,64,Full framework,total,0.20129262371370554
3,65,Full framework,citation,0.2276109747870959
3,65,Full framework,reasoning,0.1961156406277752
3,65,Full framework,verdict,0.17777893031070874
3,65,Full framework,rule alignment,0.21093040147783962
3,65,Full framework,total,0.20236824875835163
3,66,Full framework,citation,0.21547617047724257
3,66,Full framework,reasoning,0.20701587275364172
3,66,Full framework,verdict,0.17824282386322066
3,66,Full framework,rule alignment,0.20681016264771473
3,66,Full framework,total,0.20189654294075127
3,67,Full framework,citation,0.21071344439012404
3,67,Full framework,reasoning,0.18529159832545317
3,67,Full framework,verdict,0.1792613885777179
3,67,Full framework,rule alignment,0.1939179645694622
3,67,Full framework,total,0.1918647806534889
3,68,Full framework,citation,0.2154478941081617
3,68,Full framework,reasoning,0.19393505712568912
3,68,Full framework,verdict,0.18067918751009263
3,68,Full framework,rule alignment,0.2020120649586876
3,68,Full framework,total,0.19761470053400784
3,69,Full framework,citation,0.21780331000346834
3,69,Full framework,reasoning,0.19408212280381779
3,69,Full framework,verdict,0.16829112895085352
3,69,Full framework,rule alignment,0.18637181812177595
3,69,Full framework,total,0.19202261020408098
3,70,Full framework,citation,0.21506197075921568
3,70,Full framework,reasoning,0.1920950411198547
3,70,Full framework,verdict,0.1816999936973016
3,70,Full framework,rule alignment,0.19866405915347618
3,70,Full framework,total,0.19655181528078097
3,71,Full framework,citation,0.20792302460160353
3,71,Full framework,reasoning,0.1989541441280623
3,71,Full framework,verdict,0.16048415614074046
3,71,Full framework,rule alignment,0.20035897900779395
3,71,Full framework,total,0.19185983422556346
3,72,Full framework,citation,0.20989583280568078
3,72,Full framework,reasoning,0.19182081061185444
3,72,Full framework,verdict,0.17354598344821678
3,72,Full framework,rule alignment,0.19153057252014627
3,72,Full framework,total,0.19171281175105997
3,73,Full framework,citation,0.20205071589393606
3,73,Full framework,reasoning,0.17922604732632225
3,73,Full framework,verdict,0.17724475840185652
3,73,Full framework,rule alignment,0.1891194704321024
3,73,Full framework,total,0.1864155768582653
3,74,Full framework,citation,0.201657763097359
3,74,Full framework,reasoning,0.18024865032570528
3,74,Full framework,verdict,0.16169714648281194
3,74,Full framework,rule alignment,0.1874987986932216
3,74,Full framework,total,0.18241308223139865
3,75,Full framework,citation,0.199037550469734
3,75,Full framework,reasoning,0.18558130556255623
3,75,Full framework,verdict,0.16384565411258312
3,75,Full framework,rule alignment,0.1856952536886184
3,75,Full framework,total,0.18353424355206982
3,76,Full framework,citation,0.21120395023979038
3,76,Full framework,reasoning,0.18317804975651733
3,76,Full framework,verdict,0.1556294309270026
3,76,Full framework,rule alignment,0.1879741789035017
3,76,Full framework,total,0.1842565959993538
3,77,Full framework,citation,0.19786846920303375
3,77,Full framework,reasoning,0.17721494303108076
3,77,Full framework,verdict,0.1652837919252355
3,77,Full framework,rule alignment,0.1875627583017719
3,77,Full framework,total,0.18146509985174591
3,78,Full framework,citation,0.1916651619553074
3,78,Full framework,reasoning,0.1724901174375446
3,78,Full framework,verdict,0.16929666907051746
3,78,Full framework,rule alignment,0.17985021499166612
3,78,Full framework,total,0.17795753598605282
3,79,Full framework,citation,0.19873904814810994
3,79,Full framework,reasoning,0.17050631670468025
3,79,Full framework,verdict,0.1782774011885915
3,79,Full framework,rule alignment,0.18212933438740755
3,79,Full framework,total,0.18183187422306094
3,80,Full framework,citation,0.19918727930212599
3,80,Full framework,reasoning,0.17008910332426774
3,80,Full framework,verdict,0.16016979979527837
3,80,Full framework,rule alignment,0.17042598516708538
3,80,Full framework,total,0.1749511978050485
3,81,Full framework,citation,0.1947893359388489
3,81,Full framework,reasoning,0.17263585946917748
3,81,Full framework,verdict,0.163567617421598
3,81,Full framework,rule alignment,0.16940781323517232
3,81,Full framework,total,0.17526155882789943
3,82,Full framework,citation,0.18472536691689828
3,82,Full framework,reasoning,0.15850943372993798
3,82,Full framework,verdict,0.1726633465906063
3,82,Full framework,rule alignment,0.1842667964846279
3,82,Full framework,total,0.1737533677927831
3,83,Full framework,citation,0.19434355877565845
3,83,Full framework,reasoning,0.17350318834879652
3,83,Full framework,verdict,0.16579679366797365
3,83,Full framework,rule alignment,0.1701400540908746
3,83,Full framework,total,0.17611405543372188
3,84,Full framework,citation,0.1757612110869622
3,84,Full framework,reasoning,0.16415256858497038
3,84,Full framework,verdict,0.16213442408177225
3,84,Full framework,rule alignment,0.18759779238902882
3,84,Full framework,total,0.1712392378454805
3,85,Full framework,citation,0.17850701104235525
3,85,Full framework,reasoning,0.17201691333998423
3,85,Full framework,verdict,0.1504877836660358
3,85,Full framework,rule alignment,0.1876457263021821
3,85,Full framework,total,0.17138291793952942
3,86,Full framework,citation,0.18723305603020374
3,86,Full framework,reasoning,0.15599378959268814
3,86,Full framework,verdict,0.15876808786097088
3,86,Full framework,rule alignment,0.18169481121582134
3,86,Full framework,total,0.16963738509376436
3,87,Full framework,citation,0.18801932559272957
3,87,Full framework,reasoning,0.17770663020246835
3,87,Full framework,verdict,0.16423427163691706
3,87,Full framework,rule alignment,0.1529665555130933
3,87,Full framework,total,0.1719686994707708
3,88,Full framework,citation,0.17504526554954153
3,88,Full framework,reasoning,0.16726000269516622
3,88,Full framework,verdict,0.15519530478829519
3,88,Full framework,rule alignment,0.17153804197880967
3,88,Full framework,total,0.16704575178877099
3,89,Full framework,citation,0.18176363260022496
3,89,Full framework,reasoning,0.15723589803416038
3,89,Full framework,verdict,0.16741434074245312
3,89,Full framework,rule alignment,0.1706087546257577
3,89,Full framework,total,0.16858701367106918
3,90,Full framework,citation,0.19108829130771202
3,90,Full framework,reasoning,0.15438417253472692
3,90,Full framework,verdict,0.14272514433699268
3,90,Full framework,rule alignment,0.17418768023027434
3,90,Full framework,total,0.16460614671764912
3,91,Full framework,citation,0.16692226879152788
3,91,Full framework,reasoning,0.15450644275407
3,91,Full framework,verdict,0.15751541960862012
3,91,Full framework,rule alignment,0.17519646675586742
3,91,Full framework,total,0.1625006482774315
3,92,Full framework,citation,0.16982309681215765
3,92,Full framework,reasoning,0.15507983950427032
3,92,Full framework,verdict,0.1311600994614337
3,92,Full framework,rule alignment,0.1684356491108046
3,92,Full framework,total,0.15545688074183986
3,93,Full framework,citation,0.1634530968581052
3,93,Full framework,reasoning,0.15980924948765005
3,93,Full framework,verdict,0.15287263302187332
3,93,Full framework,rule alignment,0.18094354644860247
3,93,Full framework,total,0.16321291660601017
3,94,Full framework,citation,0.17495580407855255
3,94,Full framework,reasoning,0.1633409157112573
3,94,Full framework,verdict,0.153647997083242
3,94,Full framework,rule alignment,0.16838373161237688
3,94,Full framework,total,0.1648299713263012
3,95,Full framework,citation,0.16973321752958104
3,95,Full framework,reasoning,0.162838151300778
3,95,Full framework,verdict,0.15291913422090983
3,95,Full framework,rule alignment,0.15989426257840217
3,95,Full framework,total,0.16149338584353656
3,96,Full framework,citation,0.17513659097673465
3,96,Full framework,reasoning,0.15307264931917372
3,96,Full framework,verdict,0.14493979423737374
3,96,Full framework,rule alignment,0.17096036082559848
3,96,Full framework,total,0.1601329632643989
3,97,Full framework,citation,0.17849964628426024
3,97,Full framework,reasoning,0.16374116534983985
3,97,Full framework,verdict,0.15201462565529175
3,97,Full framework,rule alignment,0.1644912350107382
3,97,Full framework,total,0.16464916459198758
3,98,Full framework,citation,0.16877715129280071
3,98,Full framework,reasoning,0.1501626182687834
3,98,Full framework,verdict,0.15710126258014984
3,98,Full framework,rule alignment,0.1604027548610741
3,98,Full framework,total,0.15859893992108748
3,99,Full framework,citation,0.16253432277358548
3,99,Full framework,reasoning,0.15566931210321408
3,99,Full framework,verdict,0.14167194421061866
3,99,Full framework,rule alignment,0.16468380751997225
3,99,Full framework,total,0.1556891218810097
3,100,Full framework,citation,0.16452672345566122
3,100,Full framework,reasoning,0.15187491050397592
3,100,Full framework,verdict,0.15039137794027457
3,100,Full framework,rule alignment,0.14319336041235142
3,100,Full framework,total,0.152930670582647
4,1,FedAvg,citation,0.6771751211330759
4,1,FedAvg,reasoning,0.5652115398351365
4,1,FedAvg,verdict,0.49116831494463137
4,1,FedAvg,rule alignment,0.6032360870328156
4,1,FedAvg,total,0.5822965383765308
4,2,FedAvg,citation,0.6500472114516972
4,2,FedAvg,reasoning,0.5553504625786162
4,2,FedAvg,verdict,0.48153340992721816
4,2,FedAvg,rule alignment,0.5959317037491803
4,2,FedAvg,total,0.5686866348681497
4,3,FedAvg,citation,0.6419951744427433
4,3,FedAvg,reasoning,0.5320350383064039
4,3,FedAvg,verdict,0.4651752812799599
4,3,FedAvg,rule alignment,0.5785728607885616
4,3,FedAvg,total,0.5521176975803093
4,4,FedAvg,citation,0.641814788671944
4,4,FedAvg,reasoning,0.5510382039928869
4,4,FedAvg,verdict,0.47080833602480204
4,4,FedAvg,rule alignment,0.5665069269497842
4,4,FedAvg,total,0.5567686277620094
4,5,FedAvg,citation,0.6294174909445734
4,5,FedAvg,reasoning,0.5269518758787083
4,5,FedAvg,verdict,0.4615501736631414
4,5,FedAvg,rule alignment,0.5498754710630277
4,5,FedAvg,total,0.5408025731281467
4,6,FedAvg,citation,0.6252045940110895
4,6,FedAvg,reasoning,0.539553014809222
4,6,FedAvg,verdict,0.46600801374586187
4,6,FedAvg,rule alignment,0.564845822270048
4,6,FedAvg,total,0.5476382208360141
4,7,FedAvg,citation,0.6162182451869691
4,7,FedAvg,reasoning,0.5281223531698934
4,7,FedAvg,verdict,0.4473006653557468
4,7,FedAvg,rule alignment,0.5430246725615527
4,7,FedAvg,total,0.5329213680989575
4,8,FedAvg,citation,0.6108033083133091
4,8,FedAvg,reasoning,0.5143029831327999
4,8,FedAvg,verdict,0.44959891062533197
4,8,FedAvg,rule alignment,0.5447569903398617
4,8,FedAvg,total,0.5283428477424726
4,9,FedAvg,citation,0.5926883143487907
4,9,FedAvg,reasoning,0.5244798925081509
4,9,FedAvg,verdict,0.43905809461749823
4,9,FedAvg,rule alignment,0.5372309780041025
4,9,FedAvg,total,0.522726765594838
4,10,FedAvg,citation,0.6002025285447112
4,10,FedAvg,reasoning,0.5019501627868893
4,10,FedAvg,verdict,0.4322951139070194
4,10,FedAvg,rule alignment,0.5287271486859451
4,10,FedAvg,total,0.5144548891861884
4,11,FedAvg,citation,0.5914331602278932
4,11,FedAvg,reasoning,0.5057057181550447
4,11,FedAvg,verdict,0.4316643978692015
4,11,FedAvg,rule alignment,0.5230575613320801
4,11,FedAvg,total,0.5120976172372032
4,12,FedAvg,citation,0.5723566350435273
4,12,FedAvg,reasoning,0.47798142375636815
4,12,FedAvg,verdict,0.4163238490509901
4,12,FedAvg,rule alignment,0.5251557495911159
4,12,FedAvg,total,0.495595698068763
4,13,FedAvg,citation,0.5820136526289603
4,13,FedAvg,reasoning,0.5027267111172156
4,13,FedAvg,verdict,0.43136341484768315
4,13,FedAvg,rule alignment,0.5168749054993963
4,13,FedAvg,total,0.5075372613042048
4,14,FedAvg,citation,0.5537755949181719
4,14,FedAvg,reasoning,0.47080635815271404
4,14,FedAvg,verdict,0.43007007190105073
4,14,FedAvg,rule alignment,0.5000887155942872
4,14,FedAvg,total,0.48722106726947734
4,15,FedAvg,citation,0.5587497818780004
4,15,FedAvg,reasoning,0.4695899615876975
4,15,FedAvg,verdict,0.411106226365741
4,15,FedAvg,rule alignment,0.4987813734655769
4,15,FedAvg,total,0.48309726523035995
4,16,FedAvg,citation,0.5637448617876678
4,16,FedAvg,reasoning,0.4721372165268174
4,16,FedAvg,verdict,0.41827244280687903
4,16,FedAvg,rule alignment,0.4881290412713885
4,16,FedAvg,total,0.48477129936095964
4,17,FedAvg,citation,0.5592373519192804
4,17,FedAvg,reasoning,0.46687585619773403
4,17,FedAvg,verdict,0.40483527100925504
4,17,FedAvg,rule alignment,0.48672634059168923
4,17,FedAvg,total,0.4784261807097919
4,18,FedAvg,citation,0.5461885975529264
4,18,FedAvg,reasoning,0.45650861620043975
4,18,FedAvg,verdict,0.38921666982835434
4,18,FedAvg,rule alignment,0.4847055174927023
4,18,FedAvg,total,0.46774500520399254
4,19,FedAvg,citation,0.5364808591523565
4,19,FedAvg,reasoning,0.44811347854641664
4,19,FedAvg,verdict,0.39174382746248393
4,19,FedAvg,rule alignment,0.4751709763406428
4,19,FedAvg,total,0.4615244104857637
4,20,FedAvg,citation,0.534657562956069
4,20,FedAvg,reasoning,0.44752592565290883
4,20,FedAvg,verdict,0.3933238218809124
4,20,FedAvg,rule alignment,0.47530942729028774
4,20,FedAvg,total,0.46131500936317554
4,21,FedAvg,citation,0.5189956882857268
4,21,FedAvg,reasoning,0.454560527489161
4,21,FedAvg,verdict,0.38025907842501494
4,21,FedAvg,rule alignment,0.47246172446549384
4,21,FedAvg,total,0.45567419481753246
4,22,FedAvg,citation,0.5082566162262543
4,22,FedAvg,reasoning,0.4450872502478466
4,22,FedAvg,verdict,0.3805338803626627
4,22,FedAvg,rule alignment,0.46503399294781167
4,22,FedAvg,total,0.4487305978111456
4,23,FedAvg,citation,0.5130775937696215
4,23,FedAvg,reasoning,0.45311040746714876
4,23,FedAvg,verdict,0.3836532273778159
4,23,FedAvg,rule alignment,0.46272616115251475
4,23,FedAvg,total,0.4526610597575069
4,24,FedAvg,citation,0.5000283490877421
4,24,FedAvg,reasoning,0.43418316059219064
4,24,FedAvg,verdict,0.39619545658714556
4,24,FedAvg,rule alignment,0.4524894497564635
4,24,FedAvg,total,0.4448087895476718
4,25,FedAvg,citation,0.5068222712782446
4,25,FedAvg,reasoning,0.4285961809561107
4,25,FedAvg,verdict,0.3750596238432631
4,25,FedAvg,rule alignment,0.4576615599151877
4,25,FedAvg,total,0.4405816400502477
4,26,FedAvg,citation,0.48603606953599804
4,26,FedAvg,reasoning,0.42490113565818594
4,26,FedAvg,verdict,0.3650685469526034
4,26,FedAvg,rule alignment,0.43349681442026217
4,26,FedAvg,total,0.42694585770365856
4,27,FedAvg,citation,0.4974527078662829
4,27,FedAvg,reasoning,0.42140688400831783
4,27,FedAvg,verdict,0.3638555947575868
4,27,FedAvg,rule alignment,0.4461157785523104
4,27,FedAvg,total,0.43097229656892483
4,28,FedAvg,citation,0.48570563053544596
4,28,FedAvg,reasoning,0.4130175349890858
4,28,FedAvg,verdict,0.3627205618498128
4,28,FedAvg,rule alignment,0.4310189152371765
4,28,FedAvg,total,0.42221559164047573
4,29,FedAvg,citation,0.4916698588364037
4,29,FedAvg,reasoning,0.4172798996659807
4,29,FedAvg,verdict,0.36190853191350425
4,29,FedAvg,rule alignment,0.42867939194680477
4,29,FedAvg,total,0.4243144459766322
4,30,FedAvg,citation,0.48455541298617827
4,30,FedAvg,reasoning,0.40265372618286016
4,30,FedAvg,verdict,0.3605325767824428
4,30,FedAvg,rule alignment,0.42638890234794236
4,30,FedAvg,total,0.41734589576660175
4,31,FedAvg,citation,0.45440059402392374
4,31,FedAvg,reasoning,0.4081998371166043
4,31,FedAvg,verdict,0.3424256786789166
4,31,FedAvg,rule alignment,0.4201845999530788
4,31,FedAvg,total,0.4057034393013071
4,32,FedAvg,citation,0.46877376862518444
4,32,FedAvg,reasoning,0.4099324238402854
4,32,FedAvg,verdict,0.3409848141407776
4,32,FedAvg,rule alignment,0.41232255555068803
4,32,FedAvg,total,0.4078838839537138
4,33,FedAvg,citation,0.45492297140751625
4,33,FedAvg,reasoning,0.3905979049751284
4,33,FedAvg,verdict,0.3404324073720406
4,33,FedAvg,rule alignment,0.4172747198356954
4,33,FedAvg,total,0.39947316015456685
4,34,FedAvg,citation,0.44627254217778417
4,34,FedAvg,reasoning,0.3968240333210236
4,34,FedAvg,verdict,0.3361044103681077
4,34,FedAvg,rule alignment,0.3980302685178371
4,34,FedAvg,total,0.3942475018363475
4,35,FedAvg,citation,0.44189183967175066
4,35,FedAvg,reasoning,0.3958082963921659
4,35,FedAvg,verdict,0.33487967950124975
4,35,FedAvg,rule alignment,0.4046746084060218
4,35,FedAvg,total,0.39387029039210425
4,36,FedAvg,citation,0.4390473475669047
4,36,FedAvg,reasoning,0.39172244891887503
4,36,FedAvg,verdict,0.34156274546515003
4,36,FedAvg,rule alignment,0.39875494863588673
4,36,FedAvg,total,0.39242024766085354
4,37,FedAvg,citation,0.434762829589575
4,37,FedAvg,reasoning,0.37528635268093447
4,37,FedAvg,verdict,0.33504884171088006
4,37,FedAvg,rule alignment,0.3882758626810711
4,37,FedAvg,total,0.38269399616560834
4,38,FedAvg,citation,0.43412019101456234
4,38,FedAvg,reasoning,0.36734671239681027
4,38,FedAvg,verdict,0.3265112484088758
4,38,FedAvg,rule alignment,0.3863608878300372
4,38,FedAvg,total,0.3776340511409101
4,39,FedAvg,citation,0.414037028114817
4,39,FedAvg,reasoning,0.37188851306613463
4,39,FedAvg,verdict,0.3194549737663112
4,39,FedAvg,rule alignment,0.390001548439337
4,39,FedAvg,total,0.37293986407798985
4,40,FedAvg,citation,0.4301677761912907
4,40,FedAvg,reasoning,0.3518943553731104
4,40,FedAvg,verdict,0.3223136677294394
4,40,FedAvg,rule alignment,0.3916543682171378
4,40,FedAvg,total,0.3720195412355432
4,41,FedAvg,citation,0.42348846969721726
4,41,FedAvg,reasoning,0.34764924708282147
4,41,FedAvg,verdict,0.3194116366139444
4,41,FedAvg,rule alignment,0.37351862310731254
4,41,FedAvg,total,0.36472352532409935
4,42,FedAvg,citation,0.42262636623253236
4,42,FedAvg,reasoning,0.3567919269750284
4,42,FedAvg,verdict,0.31268775462371445
4,42,FedAvg,rule alignment,0.3608472658978619
4,42,FedAvg,total,0.36303556148614263
4,43,FedAvg,citation,0.4071912853464934
4,43,FedAvg,reasoning,0.3546875903264177
4,43,FedAvg,verdict,0.30712074376081333
4,43,FedAvg,rule alignment,0.3586300713787215
4,43,FedAvg,total,0.3567102986504963
4,44,FedAvg,citation,0.4033856394236457
4,44,FedAvg,reasoning,0.3576742604207482
4,44,FedAvg,verdict,0.2988327059017593
4,44,FedAvg,rule alignment,0.38254356446552584
4,44,FedAvg,total,0.35936557735068086
4,45,FedAvg,citation,0.39457285554738947
4,45,FedAvg,reasoning,0.3468914695055547
4,45,FedAvg,verdict,0.2964683555727071
4,45,FedAvg,rule alignment,0.370527825684657
4,45,FedAvg,total,0.350933308768622
4,46,FedAvg,citation,0.39502570011339144
4,46,FedAvg,reasoning,0.33827954970214646
4,46,FedAvg,verdict,0.2959708497819801
4,46,FedAvg,rule alignment,0.361312096297799
4,46,FedAvg,total,0.3464954216440466
4,47,FedAvg,citation,0.3759877891073383
4,47,FedAvg,reasoning,0.33705458463024013
4,47,FedAvg,verdict,0.29526764649550385
4,47,FedAvg,rule alignment,0.3680805273536067
4,47,FedAvg,total,0.3425463397605039
4,48,FedAvg,citation,0.38822391720478333
4,48,FedAvg,reasoning,0.34642695549283714
4,48,FedAvg,verdict,0.290076485846446
4,48,FedAvg,rule alignment,0.3556739148203918
4,48,FedAvg,total,0.34463797037473687
4,49,FedAvg,citation,0.3699042680651519
4,49,FedAvg,reasoning,0.3348278188752846
4,49,FedAvg,verdict,0.298563534772421
4,49,FedAvg,rule alignment,0.3471638960520705
4,49,FedAvg,total,0.3369980755823927
4,50,FedAvg,citation,0.37071926041017006
4,50,FedAvg,reasoning,0.3294590626309985
4,50,FedAvg,verdict,0.2910546517878979
4,50,FedAvg,rule alignment,0.33812661369252467
4,50,FedAvg,total,0.33190651957732153
4,51,FedAvg,citation,0.370714104367957
4,51,FedAvg,reasoning,0.32957227159903985
4,51,FedAvg,verdict,0.2946436313729906
4,51,FedAvg,rule alignment,0.33866156907463885
4,51,FedAvg,total,0.33294342922987663
4,52,FedAvg,citation,0.36371857313671846
4,52,FedAvg,reasoning,0.3209621792513206
4,52,FedAvg,verdict,0.2866933330073134
4,52,FedAvg,rule alignment,0.33274479137990987
4,52,FedAvg,total,0.3254405885873861
4,53,FedAvg,citation,0.3788557191129785
4,53,FedAvg,reasoning,0.3212095807005032
4,53,FedAvg,verdict,0.287226484352892
4,53,FedAvg,rule alignment,0.33446688235025174
4,53,FedAvg,total,0.3297768015466689
4,54,FedAvg,citation,0.3720751968139337
4,54,FedAvg,reasoning,0.3054292640157835
4,54,FedAvg,verdict,0.2865069405226642
4,54,FedAvg,rule alignment,0.3295503683349009
4,54,FedAvg,total,0.32218438720586473
4,55,FedAvg,citation,0.3575101365853814
4,55,FedAvg,reasoning,0.3007103082898116
4,55,FedAvg,verdict,0.28191498329975656
4,55,FedAvg,rule alignment,0.33214042499663615
4,55,FedAvg,total,0.3164974574575552
4,56,FedAvg,citation,0.35309374851893244
4,56,FedAvg,reasoning,0.3144302299163435
4,56,FedAvg,verdict,0.2804620394223207
4,56,FedAvg,rule alignment,0.3333003167058807
4,56,FedAvg,total,0.31937807930139245
4,57,FedAvg,citation,0.36798386842467073
4,57,FedAvg,reasoning,0.3129316942858416
4,57,FedAvg,verdict,0.2656123557974075
4,57,FedAvg,rule alignment,0.31432967780000326
4,57,FedAvg,total,0.3151444999012727
4,58,FedAvg,citation,0.34581162276490157
4,58,FedAvg,reasoning,0.3121833615869207
4,58,FedAvg,verdict,0.2696215485867171
4,58,FedAvg,rule alignment,0.31316726214163243
4,58,FedAvg,total,0.3101467537423074
4,59,FedAvg,citation,0.34515210969259574
4,59,FedAvg,reasoning,0.29444116329517334
4,59,FedAvg,verdict,0.27194577901135286
4,59,FedAvg,rule alignment,0.30403712048557097
4,59,FedAvg,total,0.30341424526165334
4,60,FedAvg,citation,0.3376373620883446
4,60,FedAvg,reasoning,0.30793395872727586
4,60,FedAvg,verdict,0.25747774531678574
4,60,FedAvg,rule alignment,0.3146588865509986
4,60,FedAvg,total,0.30409074177966505
4,61,FedAvg,citation,0.34059038455040164
4,61,FedAvg,reasoning,0.2950480406344108
4,61,FedAvg,verdict,0.2508955361169872
4,61,FedAvg,rule alignment,0.3066226112612448
4,61,FedAvg,total,0.2977104146094194
4,62,FedAvg,citation,0.3288979363832406
4,62,FedAvg,reasoning,0.280900914554777
4,62,FedAvg,verdict,0.2601230103508538
4,62,FedAvg,rule alignment,0.3094031243277381
4,62,FedAvg,total,0.29340613591550435
4,63,FedAvg,citation,0.33442463263105304
4,63,FedAvg,reasoning,0.28732824907198246
4,63,FedAvg,verdict,0.24916250185138375
4,63,FedAvg,rule alignment,0.28845588873690425
4,63,FedAvg,total,0.28978643608958476
4,64,FedAvg,citation,0.31687874955779255
4,64,FedAvg,reasoning,0.2746715420588373
4,64,FedAvg,verdict,0.24610089902937904
4,64,FedAvg,rule alignment,0.31011828690681587
4,64,FedAvg,total,0.2851700321458073
4,65,FedAvg,citation,0.3076618556775814
4,65,FedAvg,reasoning,0.28210611148078363
4,65,FedAvg,verdict,0.2438747581189202
4,65,FedAvg,rule alignment,0.2956400777568404
4,65,FedAvg,total,0.2816440024447286
4,66,FedAvg,citation,0.32320762003662123
4,66,FedAvg,reasoning,0.27903490398030556
4,66,FedAvg,verdict,0.24061079577366862
4,66,FedAvg,rule alignment,0.29333842494562107
4,66,FedAvg,total,0.28333276013578834
4,67,FedAvg,citation,0.32245560703629345
4,67,FedAvg,reasoning,0.2845852573235886
4,67,FedAvg,verdict,0.25293433738642757
4,67,FedAvg,rule alignment,0.2829417339851072
4,67,FedAvg,total,0.2858114100997783
4,68,FedAvg,citation,0.305981558350258
4,68,FedAvg,reasoning,0.2799563713808577
4,68,FedAvg,verdict,0.24808715283250007
4,68,FedAvg,rule alignment,0.29011562336182034
4,68,FedAvg,total,0.2805272138823109
4,69,FedAvg,citation,0.31357667422305974
4,69,FedAvg,reasoning,0.2720366762719088
4,69,FedAvg,verdict,0.24437121060986433
4,69,FedAvg,rule alignment,0.27971024639281766
4,69,FedAvg,total,0.2770400233683672
4,70,FedAvg,citation,0.3044404835836916
4,70,FedAvg,reasoning,0.26549205417592747
4,70,FedAvg,verdict,0.23848593026411413
4,70,FedAvg,rule alignment,0.2726584949806863
4,70,FedAvg,total,0.2699109187108669
4,71,FedAvg,citation,0.31771262684744606
4,71,FedAvg,reasoning,0.2712866675282965
4,71,FedAvg,verdict,0.23424684063351786
4,71,FedAvg,rule alignment,0.2767421224949492
4,71,FedAvg,total,0.2747242916277198
4,72,FedAvg,citation,0.2907440181931193
4,72,FedAvg,reasoning,0.27933875371060296
4,72,FedAvg,verdict,0.2300854526845433
4,72,FedAvg,rule alignment,0.27896379997239623
4,72,FedAvg,total,0.2698017538270758
4,73,FedAvg,citation,0.2949167642043635
4,73,FedAvg,reasoning,0.2480424797984026
4,73,FedAvg,verdict,0.23439425441550904
4,73,FedAvg,rule alignment,0.265605537004177
4,73,FedAvg,total,0.2598616059953244
4,74,FedAvg,citation,0.3070502726291845
4,74,FedAvg,reasoning,0.24354577411908562
4,74,FedAvg,verdict,0.2376976059132876
4,74,FedAvg,rule alignment,0.258922376330068
4,74,FedAvg,total,0.2610351771373573
4,75,FedAvg,citation,0.29527000731416225
4,75,FedAvg,reasoning,0.26212204860500893
4,75,FedAvg,verdict,0.2408816362366189
4,75,FedAvg,rule alignment,0.2772171273972978
4,75,FedAvg,total,0.26811795094865754
4,76,FedAvg,citation,0.296828498786887
4,76,FedAvg,reasoning,0.25187590826410355
4,76,FedAvg,verdict,0.23239282002690978
4,76,FedAvg,rule alignment,0.26138602876266964
4,76,FedAvg,total,0.2601453079352142
4,77,FedAvg,citation,0.2946148688455685
4,77,FedAvg,reasoning,0.2510482919532037
4,77,FedAvg,verdict,0.2323726737025113
4,77,FedAvg,rule alignment,0.25214832203946774
4,77,FedAvg,total,0.2574910376308746
4,78,FedAvg,citation,0.27613379468014626
4,78,FedAvg,reasoning,0.2417813043136409
4,78,FedAvg,verdict,0.22915561929594427
4,78,FedAvg,rule alignment,0.2616417774209548
4,78,FedAvg,total,0.2511851002723059
4,79,FedAvg,citation,0.2784520437274588
4,79,FedAvg,reasoning,0.252561310108491
4,79,FedAvg,verdict,0.2164359383275907
4,79,FedAvg,rule alignment,0.25466189027489966
4,79,FedAvg,total,0.2504227666012896
4,80,FedAvg,citation,0.2815819727461413
4,80,FedAvg,reasoning,0.2587358695174159
4,80,FedAvg,verdict,0.22319264110072012
4,80,FedAvg,rule alignment,0.26274249254988624
4,80,FedAvg,total,0.25636291282691737
4,81,FedAvg,citation,0.2786908562697687
4,81,FedAvg,reasoning,0.25887548568143953
4,81,FedAvg,verdict,0.21549044564541125
4,81,FedAvg,rule alignment,0.24809183425086662
4,81,FedAvg,total,0.2508263380334002
4,82,FedAvg,citation,0.2693002756596011
4,82,FedAvg,reasoning,0.25148882402442974
4,82,FedAvg,verdict,0.22359833967909787
4,82,FedAvg,rule alignment,0.25313364259455323
4,82,FedAvg,total,0.2492980295609143
4,83,FedAvg,citation,0.27496236958925135
4,83,FedAvg,reasoning,0.24405114012903226
4,83,FedAvg,verdict,0.21910880561947976
4,83,FedAvg,rule alignment,0.2545951561544304
4,83,FedAvg,total,0.24765216707177853
4,84,FedAvg,citation,0.27582881029185596
4,84,FedAvg,reasoning,0.2395410618022088
4,84,FedAvg,verdict,0.19911160057504243
4,84,FedAvg,rule alignment,0.2436832732580447
4,84,FedAvg,total,0.23933407590899616
4,85,FedAvg,citation,0.25636771223649985
4,85,FedAvg,reasoning,0.24257175466444525
4,85,FedAvg,verdict,0.21051293040053157
4,85,FedAvg,rule alignment,0.24351385931313613
4,85,FedAvg,total,0.23819445892121865
4,86,FedAvg,citation,0.27224964995348355
4,86,FedAvg,reasoning,0.24352240173208073
4,86,FedAvg,verdict,0.21845624255362817
4,86,FedAvg,rule alignment,0.22556091109560766
4,86,FedAvg,total,0.24084537586552368
4,87,FedAvg,citation,0.25736532464781203
4,87,FedAvg,reasoning,0.22726894379061102
4,87,FedAvg,verdict,0.19482608430538292
4,87,FedAvg,rule alignment,0.24183911626472912
4,87,FedAvg,total,0.22959635862842787
4,88,FedAvg,citation,0.25838734799587865
4,88,FedAvg,reasoning,0.2332901290359195
4,88,FedAvg,verdict,0.21372585673061953
4,88,FedAvg,rule alignment,0.23056115557661663
4,88,FedAvg,total,0.23412757100772372
4,89,FedAvg,citation,0.25298451564718405
4,89,FedAvg,reasoning,0.22463836117200978
4,89,FedAvg,verdict,0.20994300455185042
4,89,FedAvg,rule alignment,0.24425472461441025
4,89,FedAvg,total,0.2319743333242436
4,90,FedAvg,citation,0.24554975758596928
4,90,FedAvg,reasoning,0.21849064647662556
4,90,FedAvg,verdict,0.20863753190267043
4,90,FedAvg,rule alignment,0.23542407550254899
4,90,FedAvg,total,0.2261788314156574
4,91,FedAvg,citation,0.25192938250114655
4,91,FedAvg,reasoning,0.22187515631805438
4,91,FedAvg,verdict,0.19720749867382145
4,91,FedAvg,rule alignment,0.2272465911953755
4,91,FedAvg,total,0.22429608542823343
4,92,FedAvg,citation,0.25086142281359564
4,92,FedAvg,reasoning,0.22078894499244905
4,92,FedAvg,verdict,0.19948493393321018
4,92,FedAvg,rule alignment,0.23361368730435925
4,92,FedAvg,total,0.22554601014530803
4,93,FedAvg,citation,0.25385632749801
4,93,FedAvg,reasoning,0.21112101340529557
4,93,FedAvg,verdict,0.19639870246867375
4,93,FedAvg,rule alignment,0.22298309722824072
4,93,FedAvg,total,0.22049668095890773
4,94,FedAvg,citation,0.236060567502329
4,94,FedAvg,reasoning,0.22356517245809213
4,94,FedAvg,verdict,0.19402400822377178
4,94,FedAvg,rule alignment,0.2316516488540207
4,94,FedAvg,total,0.22092102543975697
4,95,FedAvg,citation,0.23197777459599606
4,95,FedAvg,reasoning,0.20233287077059176
4,95,FedAvg,verdict,0.19534084142187613
4,95,FedAvg,rule alignment,0.22415834669006088
4,95,FedAvg,total,0.21236118457365777
4,96,FedAvg,citation,0.2514386316976982
4,96,FedAvg,reasoning,0.2177010693117204
4,96,FedAvg,verdict,0.18689163596177044
4,96,FedAvg,rule alignment,0.22666578158333486
4,96,FedAvg,total,0.22022604402505028
4,97,FedAvg,citation,0.2407292784041253
4,97,FedAvg,reasoning,0.20599827484654223
4,97,FedAvg,verdict,0.1890142443651253
4,97,FedAvg,rule alignment,0.22116090092506616
4,97,FedAvg,total,0.21346754333128856
4,98,FedAvg,citation,0.24039159024063406
4,98,FedAvg,reasoning,0.2018085350283671
4,98,FedAvg,verdict,0.197405806441376
4,98,FedAvg,rule alignment,0.22502478160074968
4,98,FedAvg,total,0.21499686599916257
4,99,FedAvg,citation,0.23429721226547998
4,99,FedAvg,reasoning,0.19825066111618875
4,99,FedAvg,verdict,0.20161002672744907
4,99,FedAvg,rule alignment,0.2172025903960544
4,99,FedAvg,total,0.21189252616229975
4,100,FedAvg,citation,0.24041152238978816
4,100,FedAvg,reasoning,0.21106047838728229
4,100,FedAvg,verdict,0.17248900776642367
4,100,FedAvg,rule alignment,0.21486682569715293
4,100,FedAvg,total,0.20951664119466826
4,1,FedLoRA,citation,0.583731845078409
4,1,FedLoRA,reasoning,0.4823500777309857
4,1,FedLoRA,verdict,0.4205070137826959
4,1,FedLoRA,rule alignment,0.5160151426963574
4,1,FedLoRA,total,0.49896776657384345
4,2,FedLoRA,citation,0.5799087981943486
4,2,FedLoRA,reasoning,0.47283366368008795
4,2,FedLoRA,verdict,0.41693513553543055
4,2,FedLoRA,rule alignment,0.5053524304358298
4,2,FedLoRA,total,0.4921315686236371
4,3,FedLoRA,citation,0.5572166326381585
4,3,FedLoRA,reasoning,0.47103402616625184
4,3,FedLoRA,verdict,0.41730848947076565
4,3,FedLoRA,rule alignment,0.5133591593191666
4,3,FedLoRA,total,0.4876133202409399
4,4,FedLoRA,citation,0.5590970905787258
4,4,FedLoRA,reasoning,0.46918740642449513
4,4,FedLoRA,verdict,0.4071322482080326
4,4,FedLoRA,rule alignment,0.4984972287292684
4,4,FedLoRA,total,0.48201300236989186
4,5,FedLoRA,citation,0.5398894745019961
4,5,FedLoRA,reasoning,0.46084447041879295
4,5,FedLoRA,verdict,0.4032541590771696
4,5,FedLoRA,rule alignment,0.4968457625241556
4,5,FedLoRA,total,0.47340840202526047
4,6,FedLoRA,citation,0.5428104048558202
4,6,FedLoRA,reasoning,0.47201994496517685
4,6,FedLoRA,verdict,0.39747933768667765
4,6,FedLoRA,rule alignment,0.48439404339656983
4,6,FedLoRA,total,0.4735572278044915
4,7,FedLoRA,citation,0.5471896047822269
4,7,FedLoRA,reasoning,0.4617723740611527
4,7,FedLoRA,verdict,0.4118685782831993
4,7,FedLoRA,rule alignment,0.4908742410292097
4,7,FedLoRA,total,0.4764711061905443
4,8,FedLoRA,citation,0.5354693067811406
4,8,FedLoRA,reasoning,0.45104639679843245
4,8,FedLoRA,verdict,0.3861383593789506
4,8,FedLoRA,rule alignment,0.4782684915140877
4,8,FedLoRA,total,0.46136953388237
4,9,FedLoRA,citation,0.5271101350124902
4,9,FedLoRA,reasoning,0.45609272182103466
4,9,FedLoRA,verdict,0.3781840659162732
4,9,FedLoRA,rule alignment,0.45992342482515675
4,9,FedLoRA,total,0.4551360517435326
4,10,FedLoRA,citation,0.5232814754714934
4,10,FedLoRA,reasoning,0.44397347112590496
4,10,FedLoRA,verdict,0.3950790570790517
4,10,FedLoRA,rule alignment,0.45074346444713964
4,10,FedLoRA,total,0.4529308673648357
4,11,FedLoRA,citation,0.5260009312846542
4,11,FedLoRA,reasoning,0.43851670981876195
4,11,FedLoRA,verdict,0.36916556925508776
4,11,FedLoRA,rule alignment,0.4581215293766954
4,11,FedLoRA,total,0.44697094395590314
4,12,FedLoRA,citation,0.5013978471601876
4,12,FedLoRA,reasoning,0.4250686508452758
4,12,FedLoRA,verdict,0.3745106118023157
4,12,FedLoRA,rule alignment,0.4468935463559234
4,12,FedLoRA,total,0.4358764192653933
4,13,FedLoRA,citation,0.49890609282329584
4,13,FedLoRA,reasoning,0.4358664115999047
4,13,FedLoRA,verdict,0.3672528072236299
4,13,FedLoRA,rule alignment,0.4516385244258537
4,13,FedLoRA,total,0.43762735337687353
4,14,FedLoRA,citation,0.4945230564793662
4,14,FedLoRA,reasoning,0.42177196339395523
4,14,FedLoRA,verdict,0.37358983885804886
4,14,FedLoRA,rule alignment,0.4519411125215267
4,14,FedLoRA,total,0.4339480353568457
4,15,FedLoRA,citation,0.5012185909401974
4,15,FedLoRA,reasoning,0.4149913426210493
4,15,FedLoRA,verdict,0.37296203672294853
4,15,FedLoRA,rule alignment,0.4487862506396871
4,15,FedLoRA,total,0.43279980983003863
4,16,FedLoRA,citation,0.48894078644297073
4,16,FedLoRA,reasoning,0.4134689821507306
4,16,FedLoRA,verdict,0.35116627829976266
4,16,FedLoRA,rule alignment,0.4482329162140413
4,16,FedLoRA,total,0.42371404407371077
4,17,FedLoRA,citation,0.4573746656395269
4,17,FedLoRA,reasoning,0.4094850530808694
4,17,FedLoRA,verdict,0.36123306615304734
4,17,FedLoRA,rule alignment,0.44482908627791196
4,17,FedLoRA,total,0.4164632661279868
4,18,FedLoRA,citation,0.46346367394571064
4,18,FedLoRA,reasoning,0.40438146338057335
4,18,FedLoRA,verdict,0.33913348770680773
4,18,FedLoRA,rule alignment,0.4243660321457624
4,18,FedLoRA,total,0.40683693585645403
4,19,FedLoRA,citation,0.4737340474136359
4,19,FedLoRA,reasoning,0.40155974380943055
4,19,FedLoRA,verdict,0.3487705598601857
4,19,FedLoRA,rule alignment,0.4244156463581779
4,19,FedLoRA,total,0.4109772042329201
4,20,FedLoRA,citation,0.4440479939823746
4,20,FedLoRA,reasoning,0.4112120129497547
4,20,FedLoRA,verdict,0.33674843466335697
4,20,FedLoRA,rule alignment,0.42507629260065016
4,20,FedLoRA,total,0.40357796956648934
4,21,FedLoRA,citation,0.4670646566418162
4,21,FedLoRA,reasoning,0.38541652719001124
4,21,FedLoRA,verdict,0.3478609184491218
4,21,FedLoRA,rule alignment,0.41128538906904194
4,21,FedLoRA,total,0.4016134297435463
4,22,FedLoRA,citation,0.4479413382384671
4,22,FedLoRA,reasoning,0.3900314879756746
4,22,FedLoRA,verdict,0.3451367457972154
4,22,FedLoRA,rule alignment,0.40621984577570275
4,22,FedLoRA,total,0.3965229365567635
4,23,FedLoRA,citation,0.44724673460706305
4,23,FedLoRA,reasoning,0.3940028895252707
4,23,FedLoRA,verdict,0.34387961759299024
4,23,FedLoRA,rule alignment,0.40042819909848715
4,23,FedLoRA,total,0.396068094727292
4,24,FedLoRA,citation,0.43519761027622333
4,24,FedLoRA,reasoning,0.3799341083969195
4,24,FedLoRA,verdict,0.32528214863837285
4,24,FedLoRA,rule alignment,0.3961994988201011
4,24,FedLoRA,total,0.38334007201174514
4,25,FedLoRA,citation,0.43809464823937827
4,25,FedLoRA,reasoning,0.37595742085513095
4,25,FedLoRA,verdict,0.3317526569914848
4,25,FedLoRA,rule alignment,0.39083585066539783
4,25,FedLoRA,total,0.3834162226973346
4,26,FedLoRA,citation,0.4402432677471112
4,26,FedLoRA,reasoning,0.37729589189906576
4,26,FedLoRA,verdict,0.33373023313849404
4,26,FedLoRA,rule alignment,0.38225365749241913
4,26,FedLoRA,total,0.38313287428960485
4,27,FedLoRA,citation,0.42013908785214726
4,27,FedLoRA,reasoning,0.36904967629250046
4,27,FedLoRA,verdict,0.33318612624316724
4,27,FedLoRA,rule alignment,0.3880754878187411
4,27,FedLoRA,total,0.376661303975327
4,28,FedLoRA,citation,0.4300817951758996
4,28,FedLoRA,reasoning,0.36085118821371076
4,28,FedLoRA,verdict,0.3160236366871259
4,28,FedLoRA,rule alignment,0.39030882144428203
4,28,FedLoRA,total,0.37284347871872603
4,29,FedLoRA,citation,0.4218763465346336
4,29,FedLoRA,reasoning,0.3602520487718511
4,29,FedLoRA,verdict,0.3057481785703254
4,29,FedLoRA,rule alignment,0.3667756202904666
4,29,FedLoRA,total,0.36333686996588843
4,30,FedLoRA,citation,0.41712663213969225
4,30,FedLoRA,reasoning,0.3557008090971021
4,30,FedLoRA,verdict,0.3097982643938316
4,30,FedLoRA,rule alignment,0.36633519874454207
4,30,FedLoRA,total,0.36170850661142
4,31,FedLoRA,citation,0.4035746634872312
4,31,FedLoRA,reasoning,0.35370513113056873
4,31,FedLoRA,verdict,0.319561517246941
4,31,FedLoRA,rule alignment,0.3720459265129666
4,31,FedLoRA,total,0.361304769825307
4,32,FedLoRA,citation,0.40492127474711187
4,32,FedLoRA,reasoning,0.34055974923654536
4,32,FedLoRA,verdict,0.30891154274838944
4,32,FedLoRA,rule alignment,0.36903010420280485
4,32,FedLoRA,total,0.3544321499853999
4,33,FedLoRA,citation,0.4142740666012443
4,33,FedLoRA,reasoning,0.34509855968913533
4,33,FedLoRA,verdict,0.30511079940907415
4,33,FedLoRA,rule alignment,0.3579377858285956
4,33,FedLoRA,total,0.35496334157503934
4,34,FedLoRA,citation,0.39506559717715356
4,34,FedLoRA,reasoning,0.349444552503828
4,34,FedLoRA,verdict,0.31129906505610483
4,34,FedLoRA,rule alignment,0.362885129949
4,34,FedLoRA,total,0.35400155729926297
4,35,FedLoRA,citation,0.40452989871689227
4,35,FedLoRA,reasoning,0.3461097254007925
4,35,FedLoRA,verdict,0.3025237418628096
4,35,FedLoRA,rule alignment,0.34448349382063725
4,35,FedLoRA,total,0.34949302652929065
4,36,FedLoRA,citation,0.37855680261007224
4,36,FedLoRA,reasoning,0.3238117869771559
4,36,FedLoRA,verdict,0.29399062652987606
4,36,FedLoRA,rule alignment,0.3530736244925532
4,36,FedLoRA,total,0.3358951182766444
4,37,FedLoRA,citation,0.38649074971819947
4,37,FedLoRA,reasoning,0.3323284526889603
4,37,FedLoRA,verdict,0.2827526782187811
4,37,FedLoRA,rule alignment,0.35215202361773024
4,37,FedLoRA,total,0.3374397975144793
4,38,FedLoRA,citation,0.3822494038647496
4,38,FedLoRA,reasoning,0.33651988047154935
4,38,FedLoRA,verdict,0.29594934929606953
4,38,FedLoRA,rule alignment,0.3456435206358178
4,38,FedLoRA,total,0.3396343565588331
4,39,FedLoRA,citation,0.3809268562288814
4,39,FedLoRA,reasoning,0.31887782286838035
4,39,FedLoRA,verdict,0.28707002197150205
4,39,FedLoRA,rule alignment,0.3337418009899558
4,39,FedLoRA,total,0.32941092660860116
4,40,FedLoRA,citation,0.36637790228344735
4,40,FedLoRA,reasoning,0.33161712685267597
4,40,FedLoRA,verdict,0.2643061490913227
4,40,FedLoRA,rule alignment,0.3352874521508799
4,40,FedLoRA,total,0.32421364132967134
4,41,FedLoRA,citation,0.36744876041274954
4,41,FedLoRA,reasoning,0.31295690785611635
4,41,FedLoRA,verdict,0.28064289130805087
4,41,FedLoRA,rule alignment,0.332888336568621
4,41,FedLoRA,total,0.32248765260075923
4,42,FedLoRA,citation,0.3592130132546228
4,42,FedLoRA,reasoning,0.3254058577091898
4,42,FedLoRA,verdict,0.28821270727925064
4,42,FedLoRA,rule alignment,0.3360611309996154
4,42,FedLoRA,total,0.32669041364614837
4,43,FedLoRA,citation,0.3773112389474794
4,43,FedLoRA,reasoning,0.31518104052296664
4,43,FedLoRA,verdict,0.2742390463374561
4,43,FedLoRA,rule alignment,0.33155987712517343
4,43,FedLoRA,total,0.3237538589031586
4,44,FedLoRA,citation,0.34867675347869764
4,44,FedLoRA,reasoning,0.3073085402154227
4,44,FedLoRA,verdict,0.2871684330147744
4,44,FedLoRA,rule alignment,0.3374559486418363
4,44,FedLoRA,total,0.3186450484163621
4,45,FedLoRA,citation,0.3561295025528957
4,45,FedLoRA,reasoning,0.30246342998622855
4,45,FedLoRA,verdict,0.2871321625170383
4,45,FedLoRA,rule alignment,0.31904226862787755
4,45,FedLoRA,total,0.3153628989889276
4,46,FedLoRA,citation,0.34271183870530897
4,46,FedLoRA,reasoning,0.2974987974240585
4,46,FedLoRA,verdict,0.2620327768011093
4,46,FedLoRA,rule alignment,0.30876843867493486
4,46,FedLoRA,total,0.3021894808388091
4,47,FedLoRA,citation,0.35473200573791225
4,47,FedLoRA,reasoning,0.30570687503500776
4,47,FedLoRA,verdict,0.25995142020242384
4,47,FedLoRA,rule alignment,0.3168875048961187
4,47,FedLoRA,total,0.3087604199748101
4,48,FedLoRA,citation,0.33546638483611646
4,48,FedLoRA,reasoning,0.3078065754608479
4,48,FedLoRA,verdict,0.26096186422743795
4,48,FedLoRA,rule alignment,0.32617682743315857
4,48,FedLoRA,total,0.30668440039077466
4,49,FedLoRA,citation,0.3472523032390404
4,49,FedLoRA,reasoning,0.2891237462981447
4,49,FedLoRA,verdict,0.25608291970852703
4,49,FedLoRA,rule alignment,0.28845502145349994
4,49,FedLoRA,total,0.29526193391703526
4,50,FedLoRA,citation,0.33243789899694437
4,50,FedLoRA,reasoning,0.29400518500719464
4,50,FedLoRA,verdict,0.2584229382740363
4,50,FedLoRA,rule alignment,0.2964140801287935
4,50,FedLoRA,total,0.2951995808456623
4,51,FedLoRA,citation,0.32793604905557366
4,51,FedLoRA,reasoning,0.29128865393102576
4,51,FedLoRA,verdict,0.24649507109565827
4,51,FedLoRA,rule alignment,0.3036962310884091
4,51,FedLoRA,total,0.29173362243479756
4,52,FedLoRA,citation,0.33628567503012274
4,52,FedLoRA,reasoning,0.2810799166784277
4,52,FedLoRA,verdict,0.25886259987905424
4,52,FedLoRA,rule alignment,0.2927529711539143
4,52,FedLoRA,total,0.29166163796160544
4,53,FedLoRA,citation,0.3125472329493749
4,53,FedLoRA,reasoning,0.2925476187297929
4,53,FedLoRA,verdict,0.24478827733459332
4,53,FedLoRA,rule alignment,0.299228666660517
4,53,FedLoRA,total,0.28694389652203334
4,54,FedLoRA,citation,0.3214915019723857
4,54,FedLoRA,reasoning,0.28511909461741375
4,54,FedLoRA,verdict,0.24603174376310766
4,54,FedLoRA,rule alignment,0.2894640642792661
4,54,FedLoRA,total,0.28530935267495067
4,55,FedLoRA,citation,0.32863689201329616
4,55,FedLoRA,reasoning,0.27458372765522066
4,55,FedLoRA,verdict,0.24637340405342795
4,55,FedLoRA,rule alignment,0.2907945316570276
4,55,FedLoRA,total,0.2842865986446528
4,56,FedLoRA,citation,0.3264497190149306
4,56,FedLoRA,reasoning,0.2741915643310811
4,56,FedLoRA,verdict,0.2376286046001892
4,56,FedLoRA,rule alignment,0.29281332405746013
4,56,FedLoRA,total,0.2818397150145963
4,57,FedLoRA,citation,0.31671286920793834
4,57,FedLoRA,reasoning,0.2847761547577619
4,57,FedLoRA,verdict,0.2402180453682107
4,57,FedLoRA,rule alignment,0.2820255270467185
4,57,FedLoRA,total,0.28107068048070954
4,58,FedLoRA,citation,0.3011123408273809
4,58,FedLoRA,reasoning,0.29515545408378907
4,58,FedLoRA,verdict,0.23976406956436327
4,58,FedLoRA,rule alignment,0.2799864895069462
4,58,FedLoRA,total,0.279763036724462
4,59,FedLoRA,citation,0.2984427083752392
4,59,FedLoRA,reasoning,0.2724223999045739
4,59,FedLoRA,verdict,0.24153067045692536
4,59,FedLoRA,rule alignment,0.2717220057113562
4,59,FedLoRA,total,0.27106446582168453
4,60,FedLoRA,citation,0.30327119555043225
4,60,FedLoRA,reasoning,0.2753959481367364
4,60,FedLoRA,verdict,0.22831078329384463
4,60,FedLoRA,rule alignment,0.2794056244241015
4,60,FedLoRA,total,0.2713954040369104
4,61,FedLoRA,citation,0.3079023520438642
4,61,FedLoRA,reasoning,0.26840573521798344
4,61,FedLoRA,verdict,0.22127530028714
4,61,FedLoRA,rule alignment,0.2726349925119045
4,61,FedLoRA,total,0.26734313215052696
4,62,FedLoRA,citation,0.3013835084749532
4,62,FedLoRA,reasoning,0.26271419331838314
4,62,FedLoRA,verdict,0.24127636181204665
4,62,FedLoRA,rule alignment,0.26789831669762226
4,62,FedLoRA,total,0.26805888890678936
4,63,FedLoRA,citation,0.2914496624419711
4,63,FedLoRA,reasoning,0.2530900192923583
4,63,FedLoRA,verdict,0.2291660704761909
4,63,FedLoRA,rule alignment,0.2729574659259444
4,63,FedLoRA,total,0.26067243220243685
4,64,FedLoRA,citation,0.2933134745396808
4,64,FedLoRA,reasoning,0.25145057265665005
4,64,FedLoRA,verdict,0.23170836244513035
4,64,FedLoRA,rule alignment,0.26897404352006976
4,64,FedLoRA,total,0.2604854397472117
4,65,FedLoRA,citation,0.27620492173753136
4,65,FedLoRA,reasoning,0.2555744143198345
4,65,FedLoRA,verdict,0.2196421482925936
4,65,FedLoRA,rule alignment,0.2660011714732148
4,65,FedLoRA,total,0.2538343260981245
4,66,FedLoRA,citation,0.2788392921175641
4,66,FedLoRA,reasoning,0.2522730069811423
4,66,FedLoRA,verdict,0.22476540422686211
4,66,FedLoRA,rule alignment,0.26739591624871034
4,66,FedLoRA,total,0.25506225943019134
4,67,FedLoRA,citation,0.28040412901673983
4,67,FedLoRA,reasoning,0.2412825078613252
4,67,FedLoRA,verdict,0.2254035413898308
4,67,FedLoRA,rule alignment,0.2632512489569046
4,67,FedLoRA,total,0.2514869197514211
4,68,FedLoRA,citation,0.28479984833891736
4,68,FedLoRA,reasoning,0.23662267257099254
4,68,FedLoRA,verdict,0.20962527573697798
4,68,FedLoRA,rule alignment,0.2541376991763262
4,68,FedLoRA,total,0.24542062262553685
4,69,FedLoRA,citation,0.2765817795370909
4,69,FedLoRA,reasoning,0.2449260853897401
4,69,FedLoRA,verdict,0.22580226983118667
4,69,FedLoRA,rule alignment,0.24427099609278824
4,69,FedLoRA,total,0.24792803717754908
4,70,FedLoRA,citation,0.2750885388028339
4,70,FedLoRA,reasoning,0.2507301321546141
4,70,FedLoRA,verdict,0.22314188440774038
4,70,FedLoRA,rule alignment,0.2648726027210483
4,70,FedLoRA,total,0.25275116599323744
4,71,FedLoRA,citation,0.27552962261720426
4,71,FedLoRA,reasoning,0.2495168880240857
4,71,FedLoRA,verdict,0.21438283413637269
4,71,FedLoRA,rule alignment,0.2663844201324358
4,71,FedLoRA,total,0.2506100646221071
4,72,FedLoRA,citation,0.27596969108084907
4,72,FedLoRA,reasoning,0.23707609087774634
4,72,FedLoRA,verdict,0.22845238739414428
4,72,FedLoRA,rule alignment,0.2546148997109529
4,72,FedLoRA,total,0.24815132682426283
4,73,FedLoRA,citation,0.27329308839618943
4,73,FedLoRA,reasoning,0.24944204609178328
4,73,FedLoRA,verdict,0.21469759769693222
4,73,FedLoRA,rule alignment,0.23919067281228457
4,73,FedLoRA,total,0.24466841991327232
4,74,FedLoRA,citation,0.2639894561990473
4,74,FedLoRA,reasoning,0.24248959391271477
4,74,FedLoRA,verdict,0.2091686326719168
4,74,FedLoRA,rule alignment,0.24449369399904206
4,74,FedLoRA,total,0.23993513919136383
4,75,FedLoRA,citation,0.27202364607359353
4,75,FedLoRA,reasoning,0.23140296926609008
4,75,FedLoRA,verdict,0.22127031834722277
4,75,FedLoRA,rule alignment,0.24874508532961728
4,75,FedLoRA,total,0.24249339895095456
4,76,FedLoRA,citation,0.2750316024239449
4,76,FedLoRA,reasoning,0.22569033145368653
4,76,FedLoRA,verdict,0.20098971849378824
4,76,FedLoRA,rule alignment,0.2391345067965126
4,76,FedLoRA,total,0.23453933102484176
4,77,FedLoRA,citation,0.24901819341899864
4,77,FedLoRA,reasoning,0.22681650479839086
4,77,FedLoRA,verdict,0.2072020795782896
4,77,FedLoRA,rule alignment,0.24001527735487937
4,77,FedLoRA,total,0.2301030751598152
4,78,FedLoRA,citation,0.2409743599063427
4,78,FedLoRA,reasoning,0.2253565375794475
4,78,FedLoRA,verdict,0.21114646483303423
4,78,FedLoRA,rule alignment,0.23623632262423616
4,78,FedLoRA,total,0.22788443198352573
4,79,FedLoRA,citation,0.2414526413867268
4,79,FedLoRA,reasoning,0.22029177109797615
4,79,FedLoRA,verdict,0.19969548751882987
4,79,FedLoRA,rule alignment,0.2223958303138335
4,79,FedLoRA,total,0.2208537296185487
4,80,FedLoRA,citation,0.2479109911387577
4,80,FedLoRA,reasoning,0.22179900813683118
4,80,FedLoRA,verdict,0.20183101777277873
4,80,FedLoRA,rule alignment,0.22465734033272264
4,80,FedLoRA,total,0.22390667273547799
4,81,FedLoRA,citation,0.2554041051535682
4,81,FedLoRA,reasoning,0.2246113889413909
4,81,FedLoRA,verdict,0.20395416987616385
4,81,FedLoRA,rule alignment,0.22713177602297302
4,81,FedLoRA,total,0.22764934064444492
4,82,FedLoRA,citation,0.2368371085741872
4,82,FedLoRA,reasoning,0.2118657942053999
4,82,FedLoRA,verdict,0.1948476131240515
4,82,FedLoRA,rule alignment,0.22450786544387
4,82,FedLoRA,total,0.21638249177495367
4,83,FedLoRA,citation,0.2472853886460625
4,83,FedLoRA,reasoning,0.2220502862589043
4,83,FedLoRA,verdict,0.18303507323054397
4,83,FedLoRA,rule alignment,0.23464830427179548
4,83,FedLoRA,total,0.22112486220118202
4,84,FedLoRA,citation,0.2446383318406837
4,84,FedLoRA,reasoning,0.20663976235473036
4,84,FedLoRA,verdict,0.1978593196066428
4,84,FedLoRA,rule alignment,0.22162832677467417
4,84,FedLoRA,total,0.21694200692318558
4,85,FedLoRA,citation,0.23179376117622094
4,85,FedLoRA,reasoning,0.2183475052837854
4,85,FedLoRA,verdict,0.19448921088433674
4,85,FedLoRA,rule alignment,0.22957243374611147
4,85,FedLoRA,total,0.21798948134949733
4,86,FedLoRA,citation,0.23812182855910247
4,86,FedLoRA,reasoning,0.22120131576438187
4,86,FedLoRA,verdict,0.1877771559724979
4,86,FedLoRA,rule alignment,0.22223282822521975
4,86,FedLoRA,total,0.2172817065072586
4,87,FedLoRA,citation,0.21680312110387104
4,87,FedLoRA,reasoning,0.21670156925310557
4,87,FedLoRA,verdict,0.18453156922422378
4,87,FedLoRA,rule alignment,0.22251979445344447
4,87,FedLoRA,total,0.20984810224864425
4,88,FedLoRA,citation,0.24402262780902653
4,88,FedLoRA,reasoning,0.21238679089687915
4,88,FedLoRA,verdict,0.1885764423426096
4,88,FedLoRA,rule alignment,0.2147505772055107
4,88,FedLoRA,total,0.21481592024807492
4,89,FedLoRA,citation,0.23411249980458093
4,89,FedLoRA,reasoning,0.20446969948229676
4,89,FedLoRA,verdict,0.19431608608409065
4,89,FedLoRA,rule alignment,0.2176241882899808
4,89,FedLoRA,total,0.21197289397485308
4,90,FedLoRA,citation,0.2262864482709411
4,90,FedLoRA,reasoning,0.20666567868955857
4,90,FedLoRA,verdict,0.17742340373023519
4,90,FedLoRA,rule alignment,0.21394192850133564
4,90,FedLoRA,total,0.20571555230742877
4,91,FedLoRA,citation,0.22926496162301235
4,91,FedLoRA,reasoning,0.20428780449948003
4,91,FedLoRA,verdict,0.1851840244574763
4,91,FedLoRA,rule alignment,0.21631419813402417
4,91,FedLoRA,total,0.208161427496771
4,92,FedLoRA,citation,0.19885471757487375
4,92,FedLoRA,reasoning,0.19325022477780268
4,92,FedLoRA,verdict,0.18809557046791972
4,92,FedLoRA,rule alignment,0.21201310486733557
4,92,FedLoRA,total,0.19711526041750627
4,93,FedLoRA,citation,0.2308237992565304
4,93,FedLoRA,reasoning,0.19172210559917074
4,93,FedLoRA,verdict,0.1897045138579604
4,93,FedLoRA,rule alignment,0.2093481829179687
4,93,FedLoRA,total,0.20451834654196765
4,94,FedLoRA,citation,0.2201350058683903
4,94,FedLoRA,reasoning,0.19761668874955948
4,94,FedLoRA,verdict,0.18699625095113828
4,94,FedLoRA,rule alignment,0.20925459207793626
4,94,FedLoRA,total,0.20291873924533724
4,95,FedLoRA,citation,0.2139103872386505
4,95,FedLoRA,reasoning,0.19824355393406912
4,95,FedLoRA,verdict,0.1821030522136548
4,95,FedLoRA,rule alignment,0.20265853526463137
4,95,FedLoRA,total,0.1990081330962233
4,96,FedLoRA,citation,0.2175106687558789
4,96,FedLoRA,reasoning,0.18865213575458153
4,96,FedLoRA,verdict,0.1868576183487148
4,96,FedLoRA,rule alignment,0.20415174640061426
4,96,FedLoRA,total,0.19851806178264575
4,97,FedLoRA,citation,0.216402531180142
4,97,FedLoRA,reasoning,0.194202535408354
4,97,FedLoRA,verdict,0.18192282844229302
4,97,FedLoRA,rule alignment,0.19796161391333778
4,97,FedLoRA,total,0.1974344233107825
4,98,FedLoRA,citation,0.21005800587197251
4,98,FedLoRA,reasoning,0.19893194355990715
4,98,FedLoRA,verdict,0.16627424526405554
4,98,FedLoRA,rule alignment,0.19527297143919967
4,98,FedLoRA,total,0.1928172401398191
4,99,FedLoRA,citation,0.2144697206315223
4,99,FedLoRA,reasoning,0.20106201809138433
4,99,FedLoRA,verdict,0.17235286261231428
4,99,FedLoRA,rule alignment,0.20221609793595471
4,99,FedLoRA,total,0.19746747082556537
4,100,FedLoRA,citation,0.20952758038010663
4,100,FedLoRA,reasoning,0.1896412709261188
4,100,FedLoRA,verdict,0.17545901631021849
4,100,FedLoRA,rule alignment,0.2067260010922105
4,100,FedLoRA,total,0.19448423066885903
4,1,Conflict-aware,citation,0.4571786833271071
4,1,Conflict-aware,reasoning,0.39570770551684414
4,1,Conflict-aware,verdict,0.3449195794172876
4,1,Conflict-aware,rule alignment,0.40603281429147137
4,1,Conflict-aware,total,0.4004434401994462
4,2,Conflict-aware,citation,0.44453995151768216
4,2,Conflict-aware,reasoning,0.3998235693932363
4,2,Conflict-aware,verdict,0.33833110664294
4,2,Conflict-aware,rule alignment,0.3875223773467999
4,2,Conflict-aware,total,0.3931693108274864
4,3,Conflict-aware,citation,0.44187058622992426
4,3,Conflict-aware,reasoning,0.38452539649189066
4,3,Conflict-aware,verdict,0.3360679086510851
4,3,Conflict-aware,rule alignment,0.39871775872516213
4,3,Conflict-aware,total,0.38958579441285196
4,4,Conflict-aware,citation,0.4452765938365661
4,4,Conflict-aware,reasoning,0.37158126705857253
4,4,Conflict-aware,verdict,0.3294533314346153
4,4,Conflict-aware,rule alignment,0.4034370364345183
4,4,Conflict-aware,total,0.3858442687222708
4,5,Conflict-aware,citation,0.436251138096557
4,5,Conflict-aware,reasoning,0.3822878354695572
4,5,Conflict-aware,verdict,0.32759508042802166
4,5,Conflict-aware,rule alignment,0.40980339155251505
4,5,Conflict-aware,total,0.3876085835825148
4,6,Conflict-aware,citation,0.43409559068825526
4,6,Conflict-aware,reasoning,0.37183060958995306
4,6,Conflict-aware,verdict,0.3108094260529825
4,6,Conflict-aware,rule alignment,0.39258632106139374
4,6,Conflict-aware,total,0.37629270127457415
4,7,Conflict-aware,citation,0.4276040287396202
4,7,Conflict-aware,reasoning,0.3726292850394275
4,7,Conflict-aware,verdict,0.31555183431111433
4,7,Conflict-aware,rule alignment,0.39256371911241605
4,7,Conflict-aware,total,0.3760904950969951
4,8,Conflict-aware,citation,0.4160768691709663
4,8,Conflict-aware,reasoning,0.3608430229889914
4,8,Conflict-aware,verdict,0.3194525536494543
4,8,Conflict-aware,rule alignment,0.37756654937584755
4,8,Conflict-aware,total,0.3676485724769721
4,9,Conflict-aware,citation,0.42322275730641573
4,9,Conflict-aware,reasoning,0.3499405719095486
4,9,Conflict-aware,verdict,0.30468089588360464
4,9,Conflict-aware,rule alignment,0.3727411424303937
4,9,Conflict-aware,total,0.3615063133564484
4,10,Conflict-aware,citation,0.422374020617817
4,10,Conflict-aware,reasoning,0.3609698089853203
4,10,Conflict-aware,verdict,0.3063892354666978
4,10,Conflict-aware,rule alignment,0.3751890381091763
4,10,Conflict-aware,total,0.36551956433856003
4,11,Conflict-aware,citation,0.4182121164110448
4,11,Conflict-aware,reasoning,0.35667453315190684
4,11,Conflict-aware,verdict,0.30883316228859214
4,11,Conflict-aware,rule alignment,0.37271791618311007
4,11,Conflict-aware,total,0.3633072628571033
4,12,Conflict-aware,citation,0.39594078717894376
4,12,Conflict-aware,reasoning,0.3367143477808626
4,12,Conflict-aware,verdict,0.3073481185172797
4,12,Conflict-aware,rule alignment,0.3675658727351195
4,12,Conflict-aware,total,0.35034970530533854
4,13,Conflict-aware,citation,0.397039759307823
4,13,Conflict-aware,reasoning,0.3574097257622414
4,13,Conflict-aware,verdict,0.31611929054104654
4,13,Conflict-aware,rule alignment,0.3742382796107739
4,13,Conflict-aware,total,0.36036033611304463
4,14,Conflict-aware,citation,0.39584113099097135
4,14,Conflict-aware,reasoning,0.35073296873164267
4,14,Conflict-aware,verdict,0.3056854105150758
4,14,Conflict-aware,rule alignment,0.35351052103011765
4,14,Conflict-aware,total,0.35130363020202815
4,15,Conflict-aware,citation,0.3904799950882197
4,15,Conflict-aware,reasoning,0.3335244725882566
4,15,Conflict-aware,verdict,0.3012774481778539
4,15,Conflict-aware,rule alignment,0.3606379209050885
4,15,Conflict-aware,total,0.34512428677401313
4,16,Conflict-aware,citation,0.372392830344773
4,16,Conflict-aware,reasoning,0.3251472289807269
4,16,Conflict-aware,verdict,0.3039930477170517
4,16,Conflict-aware,rule alignment,0.35683942890754927
4,16,Conflict-aware,total,0.3380085239911841
4,17,Conflict-aware,citation,0.38956756452323704
4,17,Conflict-aware,reasoning,0.31983455291073204
4,17,Conflict-aware,verdict,0.29651412111362035
4,17,Conflict-aware,rule alignment,0.33855578385607604
4,17,Conflict-aware,total,0.33518194405364915
4,18,Conflict-aware,citation,0.38426736973365627
4,18,Conflict-aware,reasoning,0.32911524659539515
4,18,Conflict-aware,verdict,0.29337434233617676
4,18,Conflict-aware,rule alignment,0.35104770356799836
4,18,Conflict-aware,total,0.3383545427096765
4,19,Conflict-aware,citation,0.3615714912108695
4,19,Conflict-aware,reasoning,0.33015971240225306
4,19,Conflict-aware,verdict,0.2762165182677142
4,19,Conflict-aware,rule alignment,0.3390867414292815
4,19,Conflict-aware,total,0.3263122643761781
4,20,Conflict-aware,citation,0.3571421109110062
4,20,Conflict-aware,reasoning,0.3182523864688328
4,20,Conflict-aware,verdict,0.28233004904935305
4,20,Conflict-aware,rule alignment,0.33363771774976786
4,20,Conflict-aware,total,0.32207129948069324
4,21,Conflict-aware,citation,0.366492346745273
4,21,Conflict-aware,reasoning,0.3139071175782102
4,21,Conflict-aware,verdict,0.27263593597722313
4,21,Conflict-aware,rule alignment,0.32965584465326503
4,21,Conflict-aware,total,0.3198853748847401
4,22,Conflict-aware,citation,0.37213271718647095
4,22,Conflict-aware,reasoning,0.3135054276796877
4,22,Conflict-aware,verdict,0.2804929308783763
4,22,Conflict-aware,rule alignment,0.326067157031989
4,22,Conflict-aware,total,0.3224214717265159
4,23,Conflict-aware,citation,0.34913405965292066
4,23,Conflict-aware,reasoning,0.311701187793816
4,23,Conflict-aware,verdict,0.2787476666359559
4,23,Conflict-aware,rule alignment,0.31644201636296027
4,23,Conflict-aware,total,0.313769191182956
4,24,Conflict-aware,citation,0.34458464346871637
4,24,Conflict-aware,reasoning,0.31932634116975983
4,24,Conflict-aware,verdict,0.2689663148187569
4,24,Conflict-aware,rule alignment,0.32586414353481735
4,24,Conflict-aware,total,0.31435847062975975
4,25,Conflict-aware,citation,0.35025880323617237
4,25,Conflict-aware,reasoning,0.31129107186648813
4,25,Conflict-aware,verdict,0.2614812812793046
4,25,Conflict-aware,rule alignment,0.32137772846429624
4,25,Conflict-aware,total,0.3105978883816749
4,26,Conflict-aware,citation,0.3543459267400249
4,26,Conflict-aware,reasoning,0.30455900946443154
4,26,Conflict-aware,verdict,0.2752448928784263
4,26,Conflict-aware,rule alignment,0.3149890629692943
4,26,Conflict-aware,total,0.31176322033780113
4,27,Conflict-aware,citation,0.3457784243360399
4,27,Conflict-aware,reasoning,0.3031533864914998
4,27,Conflict-aware,verdict,0.26163708220518345
4,27,Conflict-aware,rule alignment,0.32536192434359995
4,27,Conflict-aware,total,0.3078722774514758
4,28,Conflict-aware,citation,0.3449691512644969
4,28,Conflict-aware,reasoning,0.302016733648024
4,28,Conflict-aware,verdict,0.2630694799406273
4,28,Conflict-aware,rule alignment,0.30621633309974783
4,28,Conflict-aware,total,0.3038579445156378
4,29,Conflict-aware,citation,0.33196866921806323
4,29,Conflict-aware,reasoning,0.2969158581095461
4,29,Conflict-aware,verdict,0.2523402258028394
4,29,Conflict-aware,rule alignment,0.314284266627981
4,29,Conflict-aware,total,0.2980088345136857
4,30,Conflict-aware,citation,0.3478563479597666
4,30,Conflict-aware,reasoning,0.29647235713205305
4,30,Conflict-aware,verdict,0.26450800338008285
4,30,Conflict-aware,rule alignment,0.30284478028320955
4,30,Conflict-aware,total,0.30260175103122017
4,31,Conflict-aware,citation,0.33307745728716043
4,31,Conflict-aware,reasoning,0.2819949677701363
4,31,Conflict-aware,verdict,0.2530914176609884
4,31,Conflict-aware,rule alignment,0.29211866023063005
4,31,Conflict-aware,total,0.2895644411142041
4,32,Conflict-aware,citation,0.3220243726448873
4,32,Conflict-aware,reasoning,0.2842793690744558
4,32,Conflict-aware,verdict,0.2524078342605512
4,32,Conflict-aware,rule alignment,0.300164885366883
4,32,Conflict-aware,total,0.288924839522073
4,33,Conflict-aware,citation,0.31861594119541375
4,33,Conflict-aware,reasoning,0.29131735036686734
4,33,Conflict-aware,verdict,0.24406700746128207
4,33,Conflict-aware,rule alignment,0.301337660078664
4,33,Conflict-aware,total,0.288333474289967
4,34,Conflict-aware,citation,0.31832567543645673
4,34,Conflict-aware,reasoning,0.27644964968776425
4,34,Conflict-aware,verdict,0.2603290323835244
4,34,Conflict-aware,rule alignment,0.30228049402136037
4,34,Conflict-aware,total,0.28805467066559665
4,35,Conflict-aware,citation,0.33636446080792565
4,35,Conflict-aware,reasoning,0.28686770999317385
4,35,Conflict-aware,verdict,0.24869733413956432
4,35,Conflict-aware,rule alignment,0.28268204328535007
4,35,Conflict-aware,total,0.28886217039189466
4,36,Conflict-aware,citation,0.3325357799294928
4,36,Conflict-aware,reasoning,0.2728062679498227
4,36,Conflict-aware,verdict,0.23983192665284184
4,36,Conflict-aware,rule alignment,0.2906044990285646
4,36,Conflict-aware,total,0.2830547068362434
4,37,Conflict-aware,citation,0.31198128337530545
4,37,Conflict-aware,reasoning,0.27363261701381913
4,37,Conflict-aware,verdict,0.2522816954106547
4,37,Conflict-aware,rule alignment,0.28546074347421707
4,37,Conflict-aware,total,0.28024767849547916
4,38,Conflict-aware,citation,0.3053823322391617
4,38,Conflict-aware,reasoning,0.25483787645027584
4,38,Conflict-aware,verdict,0.2376634326327712
4,38,Conflict-aware,rule alignment,0.2729617408600149
4,38,Conflict-aware,total,0.26680515232506896
4,39,Conflict-aware,citation,0.32281116628675144
4,39,Conflict-aware,reasoning,0.2664053824301296
4,39,Conflict-aware,verdict,0.23580219494906896
4,39,Conflict-aware,rule alignment,0.2777971174439919
4,39,Conflict-aware,total,0.27513437852679234
4,40,Conflict-aware,citation,0.3140348378461306
4,40,Conflict-aware,reasoning,0.27300725662682607
4,40,Conflict-aware,verdict,0.23022970013717445
4,40,Conflict-aware,rule alignment,0.2765823265885855
4,40,Conflict-aware,total,0.2732847768015912
4,41,Conflict-aware,citation,0.29568701762885263
4,41,Conflict-aware,reasoning,0.26138762407385197
4,41,Conflict-aware,verdict,0.2419389733057853
4,41,Conflict-aware,rule alignment,0.2748184345023075
4,41,Conflict-aware,total,0.2677864718562766
4,42,Conflict-aware,citation,0.2867968670305172
4,42,Conflict-aware,reasoning,0.2656571959247771
4,42,Conflict-aware,verdict,0.23769554662200462
4,42,Conflict-aware,rule alignment,0.27103900830444283
4,42,Conflict-aware,total,0.26502806385145217
4,43,Conflict-aware,citation,0.2899214955033273
4,43,Conflict-aware,reasoning,0.25584874950291986
4,43,Conflict-aware,verdict,0.23848523901124755
4,43,Conflict-aware,rule alignment,0.2807229995043585
4,43,Conflict-aware,total,0.26500090838039136
4,44,Conflict-aware,citation,0.29367167657722654
4,44,Conflict-aware,reasoning,0.2594179715678948
4,44,Conflict-aware,verdict,0.23182976193933028
4,44,Conflict-aware,rule alignment,0.2782189728687383
4,44,Conflict-aware,total,0.2648445456732553
4,45,Conflict-aware,citation,0.2990704777503301
4,45,Conflict-aware,reasoning,0.2510432424477991
4,45,Conflict-aware,verdict,0.2285627299702562
4,45,Conflict-aware,rule alignment,0.2584889247469451
4,45,Conflict-aware,total,0.2589190596138753
4,46,Conflict-aware,citation,0.28065156911222633
4,46,Conflict-aware,reasoning,0.25507786451876346
4,46,Conflict-aware,verdict,0.23253178987497863
4,46,Conflict-aware,rule alignment,0.25782935219673725
4,46,Conflict-aware,total,0.25638506954177775
4,47,Conflict-aware,citation,0.2815844425802209
4,47,Conflict-aware,reasoning,0.26553169355718426
4,47,Conflict-aware,verdict,0.23788750079547685
4,47,Conflict-aware,rule alignment,0.26961563094512636
4,47,Conflict-aware,total,0.263450620100105
4,48,Conflict-aware,citation,0.2682391748417184
4,48,Conflict-aware,reasoning,0.2575333311390462
4,48,Conflict-aware,verdict,0.221939394555889
4,48,Conflict-aware,rule alignment,0.2564960476055868
4,48,Conflict-aware,total,0.2511038512122331
4,49,Conflict-aware,citation,0.2735591694004119
4,49,Conflict-aware,reasoning,0.24547975736063707
4,49,Conflict-aware,verdict,0.22522269893260471
4,49,Conflict-aware,rule alignment,0.24980723250977296
4,49,Conflict-aware,total,0.24830084079339987
4,50,Conflict-aware,citation,0.2814183118164565
4,50,Conflict-aware,reasoning,0.2517741975637977
4,50,Conflict-aware,verdict,0.21939682753759793
4,50,Conflict-aware,rule alignment,0.2617363479201358
4,50,Conflict-aware,total,0.2530833136916801
4,51,Conflict-aware,citation,0.27270127135447664
4,51,Conflict-aware,reasoning,0.24760814249641194
4,51,Conflict-aware,verdict,0.21183048446606045
4,51,Conflict-aware,rule alignment,0.24924744871490467
4,51,Conflict-aware,total,0.2452648714470388
4,52,Conflict-aware,citation,0.25707930037482885
4,52,Conflict-aware,reasoning,0.24802254695466708
4,52,Conflict-aware,verdict,0.21569191846648103
4,52,Conflict-aware,rule alignment,0.24775044736267715
4,52,Conflict-aware,total,0.24214965826926305
4,53,Conflict-aware,citation,0.2654517372204019
4,53,Conflict-aware,reasoning,0.2301471163375272
4,53,Conflict-aware,verdict,0.20846156395070042
4,53,Conflict-aware,rule alignment,0.25061382091654155
4,53,Conflict-aware,total,0.23764522437734203
4,54,Conflict-aware,citation,0.26344525860886103
4,54,Conflict-aware,reasoning,0.22697864439908055
4,54,Conflict-aware,verdict,0.19943271580839822
4,54,Conflict-aware,rule alignment,0.25388358806469913
4,54,Conflict-aware,total,0.2345898045369788
4,55,Conflict-aware,citation,0.2639509040924197
4,55,Conflict-aware,reasoning,0.24383326591447166
4,55,Conflict-aware,verdict,0.21296489412786154
4,55,Conflict-aware,rule alignment,0.2412178962837818
4,55,Conflict-aware,total,0.24062250858616818
4,56,Conflict-aware,citation,0.25871309704222545
4,56,Conflict-aware,reasoning,0.2399616475692988
4,56,Conflict-aware,verdict,0.19552757176267824
4,56,Conflict-aware,rule alignment,0.25451065920030086
4,56,Conflict-aware,total,0.23645079331207575
4,57,Conflict-aware,citation,0.24589683933176165
4,57,Conflict-aware,reasoning,0.22045942533273621
4,57,Conflict-aware,verdict,0.20607405973803558
4,57,Conflict-aware,rule alignment,0.23377907682382448
4,57,Conflict-aware,total,0.22588636773203508
4,58,Conflict-aware,citation,0.25195826941553423
4,58,Conflict-aware,reasoning,0.22318964841174693
4,58,Conflict-aware,verdict,0.1960167021996803
4,58,Conflict-aware,rule alignment,0.2309270153855129
4,58,Conflict-aware,total,0.22513604050443028
4,59,Conflict-aware,citation,0.24260971267133438
4,59,Conflict-aware,reasoning,0.2242309335052064
4,59,Conflict-aware,verdict,0.1983754661752444
4,59,Conflict-aware,rule alignment,0.22844651217517467
4,59,Conflict-aware,total,0.22320487719824156
4,60,Conflict-aware,citation,0.2464627100028012
4,60,Conflict-aware,reasoning,0.216973676510602
4,60,Conflict-aware,verdict,0.1959797853863857
4,60,Conflict-aware,rule alignment,0.23420918964485876
4,60,Conflict-aware,total,0.22254456472944908
4,61,Conflict-aware,citation,0.255960060125967
4,61,Conflict-aware,reasoning,0.22723146121135462
4,61,Conflict-aware,verdict,0.20234187917432822
4,61,Conflict-aware,rule alignment,0.23225314289069554
4,61,Conflict-aware,total,0.22919555176661932
4,62,Conflict-aware,citation,0.2447055291745874
4,62,Conflict-aware,reasoning,0.22805024888733147
4,62,Conflict-aware,verdict,0.19446758147302495
4,62,Conflict-aware,rule alignment,0.22937723744159386
4,62,Conflict-aware,total,0.2240837998164213
4,63,Conflict-aware,citation,0.2516161014434877
4,63,Conflict-aware,reasoning,0.2020070367335335
4,63,Conflict-aware,verdict,0.19093256253864205
4,63,Conflict-aware,rule alignment,0.21788237158259782
4,63,Conflict-aware,total,0.21481575133211206
4,64,Conflict-aware,citation,0.2406675444978639
4,64,Conflict-aware,reasoning,0.21148810127004564
4,64,Conflict-aware,verdict,0.19692439631637895
4,64,Conflict-aware,rule alignment,0.22657658975899309
4,64,Conflict-aware,total,0.21815973353637302
4,65,Conflict-aware,citation,0.23905778747418763
4,65,Conflict-aware,reasoning,0.21641081638327264
4,65,Conflict-aware,verdict,0.18688488269885195
4,65,Conflict-aware,rule alignment,0.21881635265529237
4,65,Conflict-aware,total,0.21517218298930016
4,66,Conflict-aware,citation,0.24595513585775447
4,66,Conflict-aware,reasoning,0.22346651885823937
4,66,Conflict-aware,verdict,0.19140523998961886
4,66,Conflict-aware,rule alignment,0.21636578400180398
4,66,Conflict-aware,total,0.21965320641967595
4,67,Conflict-aware,citation,0.22732522817293602
4,67,Conflict-aware,reasoning,0.21130451605809564
4,67,Conflict-aware,verdict,0.18833812385506682
4,67,Conflict-aware,rule alignment,0.21476374616523367
4,67,Conflict-aware,total,0.21025994205747614
4,68,Conflict-aware,citation,0.2364008209359316
4,68,Conflict-aware,reasoning,0.1948365861115509
4,68,Conflict-aware,verdict,0.19043275673804
4,68,Conflict-aware,rule alignment,0.23083971256199348
4,68,Conflict-aware,total,0.21132731276435684
4,69,Conflict-aware,citation,0.2240864187515959
4,69,Conflict-aware,reasoning,0.20874993495624972
4,69,Conflict-aware,verdict,0.18841256253838357
4,69,Conflict-aware,rule alignment,0.2154204150830627
4,69,Conflict-aware,total,0.20883380882598232
4,70,Conflict-aware,citation,0.2237176864616282
4,70,Conflict-aware,reasoning,0.2069173575400068
4,70,Conflict-aware,verdict,0.1904385655247488
4,70,Conflict-aware,rule alignment,0.2070843935800602
4,70,Conflict-aware,total,0.20703114897460834
4,71,Conflict-aware,citation,0.2317138804969363
4,71,Conflict-aware,reasoning,0.20403928760442586
4,71,Conflict-aware,verdict,0.1960189829314199
4,71,Conflict-aware,rule alignment,0.20715127961774213
4,71,Conflict-aware,total,0.20957525806196525
4,72,Conflict-aware,citation,0.23261605408030775
4,72,Conflict-aware,reasoning,0.2103595260238588
4,72,Conflict-aware,verdict,0.18812518379411758
4,72,Conflict-aware,rule alignment,0.19466077230695394
4,72,Conflict-aware,total,0.20722532173715474
4,73,Conflict-aware,citation,0.2292659878718655
4,73,Conflict-aware,reasoning,0.20024725783570274
4,73,Conflict-aware,verdict,0.18552476541525598
4,73,Conflict-aware,rule alignment,0.20778674220206583
4,73,Conflict-aware,total,0.20532921411290436
4,74,Conflict-aware,citation,0.2061285320817888
4,74,Conflict-aware,reasoning,0.20380934843830642
4,74,Conflict-aware,verdict,0.18672095702642177
4,74,Conflict-aware,rule alignment,0.2035740924755831
4,74,Conflict-aware,total,0.20006999530366118
4,75,Conflict-aware,citation,0.2143268222134858
4,75,Conflict-aware,reasoning,0.1929768312645454
4,75,Conflict-aware,verdict,0.17826610597783504
4,75,Conflict-aware,rule alignment,0.20150974101499586
4,75,Conflict-aware,total,0.196343229630193
4,76,Conflict-aware,citation,0.21828787638592595
4,76,Conflict-aware,reasoning,0.1931131476382598
4,76,Conflict-aware,verdict,0.16784013298495382
4,76,Conflict-aware,rule alignment,0.1930643762937492
4,76,Conflict-aware,total,0.19307882189294773
4,77,Conflict-aware,citation,0.2070478912737881
4,77,Conflict-aware,reasoning,0.1867481924883041
4,77,Conflict-aware,verdict,0.1755388293237033
4,77,Conflict-aware,rule alignment,0.19835397298266197
4,77,Conflict-aware,total,0.19134193249239645
4,78,Conflict-aware,citation,0.22025323826417012
4,78,Conflict-aware,reasoning,0.19754722014265075
4,78,Conflict-aware,verdict,0.17224389651879157
4,78,Conflict-aware,rule alignment,0.20159087485888244
4,78,Conflict-aware,total,0.19770662471031214
4,79,Conflict-aware,citation,0.21169367532556876
4,79,Conflict-aware,reasoning,0.1856573516409777
4,79,Conflict-aware,verdict,0.16490565292218026
4,79,Conflict-aware,rule alignment,0.20548018141894467
4,79,Conflict-aware,total,0.1909430738380195
4,80,Conflict-aware,citation,0.21110427153615693
4,80,Conflict-aware,reasoning,0.19613873909669827
4,80,Conflict-aware,verdict,0.16224397164496915
4,80,Conflict-aware,rule alignment,0.2033676592806045
4,80,Conflict-aware,total,0.19285221438041192
4,81,Conflict-aware,citation,0.2050557684627924
4,81,Conflict-aware,reasoning,0.19104137338471047
4,81,Conflict-aware,verdict,0.1858022091061472
4,81,Conflict-aware,rule alignment,0.18931727427676823
4,81,Conflict-aware,total,0.1928903612630017
4,82,Conflict-aware,citation,0.19611775307432586
4,82,Conflict-aware,reasoning,0.17975257613778511
4,82,Conflict-aware,verdict,0.16793680963675528
4,82,Conflict-aware,rule alignment,0.1933597800432198
4,82,Conflict-aware,total,0.18361136952774978
4,83,Conflict-aware,citation,0.20707561210022007
4,83,Conflict-aware,reasoning,0.18917528540288459
4,83,Conflict-aware,verdict,0.1709767875011945
4,83,Conflict-aware,rule alignment,0.19504027296301638
4,83,Conflict-aware,total,0.1902737401138223
4,84,Conflict-aware,citation,0.20700713608249482
4,84,Conflict-aware,reasoning,0.19663705656531802
4,84,Conflict-aware,verdict,0.16716258561576788
4,84,Conflict-aware,rule alignment,0.18839075217243412
4,84,Conflict-aware,total,0.1902116978286479
4,85,Conflict-aware,citation,0.20087593843728496
4,85,Conflict-aware,reasoning,0.18163942604866024
4,85,Conflict-aware,verdict,0.168686018063789
4,85,Conflict-aware,rule alignment,0.19015134994522512
4,85,Conflict-aware,total,0.18491258692891158
4,86,Conflict-aware,citation,0.1982254313547967
4,86,Conflict-aware,reasoning,0.1697357569258712
4,86,Conflict-aware,verdict,0.16467227495295927
4,86,Conflict-aware,rule alignment,0.1901144572986527
4,86,Conflict-aware,total,0.1796680451144309
4,87,Conflict-aware,citation,0.2067674198550359
4,87,Conflict-aware,reasoning,0.1815341384751883
4,87,Conflict-aware,verdict,0.16752926217731975
4,87,Conflict-aware,rule alignment,0.17790962336199864
4,87,Conflict-aware,total,0.18361633672304514
4,88,Conflict-aware,citation,0.20761185963296458
4,88,Conflict-aware,reasoning,0.17658588026735822
4,88,Conflict-aware,verdict,0.15409813095629224
4,88,Conflict-aware,rule alignment,0.19131377949518175
4,88,Conflict-aware,total,0.181666017626558
4,89,Conflict-aware,citation,0.18765072417191941
4,89,Conflict-aware,reasoning,0.18330300740783767
4,89,Conflict-aware,verdict,0.17104221045876178
4,89,Conflict-aware,rule alignment,0.17299271565373572
4,89,Conflict-aware,total,0.17926267901076873
4,90,Conflict-aware,citation,0.18536176259958032
4,90,Conflict-aware,reasoning,0.18458225748052232
4,90,Conflict-aware,verdict,0.16174446318862654
4,90,Conflict-aware,rule alignment,0.18628025611745813
4,90,Conflict-aware,total,0.17940728491470004
4,91,Conflict-aware,citation,0.1895396604138745
4,91,Conflict-aware,reasoning,0.1694561964755203
4,91,Conflict-aware,verdict,0.1608416348734076
4,91,Conflict-aware,rule alignment,0.19202342516381016
4,91,Conflict-aware,total,0.17683686779723864
4,92,Conflict-aware,citation,0.19825113262079874
4,92,Conflict-aware,reasoning,0.15230110746978318
4,92,Conflict-aware,verdict,0.14993073732209153
4,92,Conflict-aware,rule alignment,0.17117008478282275
4,92,Conflict-aware,total,0.16696981668322208
4,93,Conflict-aware,citation,0.18699587341823642
4,93,Conflict-aware,reasoning,0.17828986909612807
4,93,Conflict-aware,verdict,0.15731598499791621
4,93,Conflict-aware,rule alignment,0.18397121853603352
4,93,Conflict-aware,total,0.17635916904008328
4,94,Conflict-aware,citation,0.1804832508209909
4,94,Conflict-aware,reasoning,0.1676796855092339
4,94,Conflict-aware,verdict,0.1637887061382473
4,94,Conflict-aware,rule alignment,0.1775607269651236
4,94,Conflict-aware,total,0.17188404028560444
4,95,Conflict-aware,citation,0.18825309679362265
4,95,Conflict-aware,reasoning,0.16527304228631895
4,95,Conflict-aware,verdict,0.1521173434993524
4,95,Conflict-aware,rule alignment,0.18542430529808443
4,95,Conflict-aware,total,0.17175938381875633
4,96,Conflict-aware,citation,0.18297076024506057
4,96,Conflict-aware,reasoning,0.17385325125244333
4,96,Conflict-aware,verdict,0.16004388303098316
4,96,Conflict-aware,rule alignment,0.17766210115314476
4,96,Conflict-aware,total,0.17344205642537291
4,97,Conflict-aware,citation,0.17459623617983644
4,97,Conflict-aware,reasoning,0.1557422590712096
4,97,Conflict-aware,verdict,0.17122779732930285
4,97,Conflict-aware,rule alignment,0.17479821654362243
4,97,Conflict-aware,total,0.16813832940737217
4,98,Conflict-aware,citation,0.1864427432355087
4,98,Conflict-aware,reasoning,0.15926959793248863
4,98,Conflict-aware,verdict,0.15346464606577895
4,98,Conflict-aware,rule alignment,0.17522159901900067
4,98,Conflict-aware,total,0.16780204650886862
4,99,Conflict-aware,citation,0.17095933229363602
4,99,Conflict-aware,reasoning,0.1786122212957016
4,99,Conflict-aware,verdict,0.15262858017135628
4,99,Conflict-aware,rule alignment,0.15993208446258889
4,99,Conflict-aware,total,0.16646706139747633
4,100,Conflict-aware,citation,0.1772504370087992
4,100,Conflict-aware,reasoning,0.1553201645863038
4,100,Conflict-aware,verdict,0.15390292013014256
4,100,Conflict-aware,rule alignment,0.1695510335354271
4,100,Conflict-aware,total,0.163294595367712
4,1,Full framework,citation,0.3972155778602322
4,1,Full framework,reasoning,0.3418219723271744
4,1,Full framework,verdict,0.31517576142096193
4,1,Full framework,rule alignment,0.3716037496215215
4,1,Full framework,total,0.35496517644275516
4,2,Full framework,citation,0.4119045982453561
4,2,Full framework,reasoning,0.34977733076923995
4,2,Full framework,verdict,0.30286102310945456
4,2,Full framework,rule alignment,0.36468913434941713
4,2,Full framework,total,0.35656243143935806
4,3,Full framework,citation,0.3909077493056074
4,3,Full framework,reasoning,0.3371366599625831
4,3,Full framework,verdict,0.3046347067580697
4,3,Full framework,rule alignment,0.3622416090795705
4,3,Full framework,total,0.3474749338206083
4,4,Full framework,citation,0.38801256075524304
4,4,Full framework,reasoning,0.34705233527713497
4,4,Full framework,verdict,0.2855375098897308
4,4,Full framework,rule alignment,0.3529131647348347
4,4,Full framework,total,0.3430858511913509
4,5,Full framework,citation,0.3826871530134292
4,5,Full framework,reasoning,0.3360602535374968
4,5,Full framework,verdict,0.2959881929280599
4,5,Full framework,rule alignment,0.35710463641309176
4,5,Full framework,total,0.34190783982923967
4,6,Full framework,citation,0.39006732402878325
4,6,Full framework,reasoning,0.3352598517534353
4,6,Full framework,verdict,0.3005749382945381
4,6,Full framework,rule alignment,0.3451758646502886
4,6,Full framework,total,0.34227369403691865
4,7,Full framework,citation,0.38802039359041346
4,7,Full framework,reasoning,0.33550931276691826
4,7,Full framework,verdict,0.2937277217448694
4,7,Full framework,rule alignment,0.3529250249154781
4,7,Full framework,total,0.34167482764699175
4,8,Full framework,citation,0.3769303412999467
4,8,Full framework,reasoning,0.328523993731185
4,8,Full framework,verdict,0.2805262006087379
4,8,Full framework,rule alignment,0.33297999252323957
4,8,Full framework,total,0.32951733210117456
4,9,Full framework,citation,0.3789127422636882
4,9,Full framework,reasoning,0.31423247138028226
4,9,Full framework,verdict,0.2878567069067222
4,9,Full framework,rule alignment,0.3514046921787449
4,9,Full framework,total,0.3312430421424363
4,10,Full framework,citation,0.363175294852476
4,10,Full framework,reasoning,0.3087008852840977
4,10,Full framework,verdict,0.291010483250317
4,10,Full framework,rule alignment,0.3322662216844863
4,10,Full framework,total,0.3226099544478248
4,11,Full framework,citation,0.36668266595086246
4,11,Full framework,reasoning,0.3182871503060727
4,11,Full framework,verdict,0.26752387004591166
4,11,Full framework,rule alignment,0.3319872642065834
4,11,Full framework,total,0.32043523193233203
4,12,Full framework,citation,0.3665736495342265
4,12,Full framework,reasoning,0.3101731784495701
4,12,Full framework,verdict,0.2662858294910441
4,12,Full framework,rule alignment,0.320022083216484
4,12,Full framework,total,0.3152712399344855
4,13,Full framework,citation,0.3637316825739058
4,13,Full framework,reasoning,0.31397918231586197
4,13,Full framework,verdict,0.2736692316103512
4,13,Full framework,rule alignment,0.32527441157889003
4,13,Full framework,total,0.31859886555660083
4,14,Full framework,citation,0.35518238172277433
4,14,Full framework,reasoning,0.3017684768149087
4,14,Full framework,verdict,0.2734654037365554
4,14,Full framework,rule alignment,0.3203443486498063
4,14,Full framework,total,0.31176135913926634
4,15,Full framework,citation,0.3471990209683233
4,15,Full framework,reasoning,0.29529860911105105
4,15,Full framework,verdict,0.267206978360313
4,15,Full framework,rule alignment,0.3297832241747667
4,15,Full framework,total,0.30814772740042773
4,16,Full framework,citation,0.3540232741598605
4,16,Full framework,reasoning,0.29890149876804556
4,16,Full framework,verdict,0.26790086368923455
4,16,Full framework,rule alignment,0.3045396618239139
4,16,Full framework,total,0.30605941645747026
4,17,Full framework,citation,0.3349890482667454
4,17,Full framework,reasoning,0.3003619039352618
4,17,Full framework,verdict,0.2655647667751298
4,17,Full framework,rule alignment,0.3152340684330848
4,17,Full framework,total,0.3032938386276643
4,18,Full framework,citation,0.34471642406933267
4,18,Full framework,reasoning,0.2936988967587511
4,18,Full framework,verdict,0.2658833501541368
4,18,Full framework,rule alignment,0.3069182449000869
4,18,Full framework,total,0.30214326156351007
4,19,Full framework,citation,0.32912723000113747
4,19,Full framework,reasoning,0.30054094178429885
4,19,Full framework,verdict,0.2531230712330902
4,19,Full framework,rule alignment,0.3021658404257353
4,19,Full framework,total,0.29615802592899365
4,20,Full framework,citation,0.32531123826806446
4,20,Full framework,reasoning,0.28687870266127236
4,20,Full framework,verdict,0.25947067984196365
4,20,Full framework,rule alignment,0.30391207945643633
4,20,Full framework,total,0.29304150621717606
4,21,Full framework,citation,0.3105384659529628
4,21,Full framework,reasoning,0.2872170105817437
4,21,Full framework,verdict,0.24536097706336388
4,21,Full framework,rule alignment,0.2899789531342467
4,21,Full framework,total,0.28313575455545414
4,22,Full framework,citation,0.32997106947246935
4,22,Full framework,reasoning,0.28715963283230933
4,22,Full framework,verdict,0.23770972276935082
4,22,Full framework,rule alignment,0.2982630234381967
4,22,Full framework,total,0.28772069259778715
4,23,Full framework,citation,0.3251630735037422
4,23,Full framework,reasoning,0.2880044938623916
4,23,Full framework,verdict,0.25826073376807945
4,23,Full framework,rule alignment,0.30331805937922085
4,23,Full framework,total,0.29292091185251706
4,24,Full framework,citation,0.32140597177524277
4,24,Full framework,reasoning,0.2815016811234866
4,24,Full framework,verdict,0.26319849205106227
4,24,Full framework,rule alignment,0.30407178262717854
4,24,Full framework,total,0.29141597681905795
4,25,Full framework,citation,0.3087271329233591
4,25,Full framework,reasoning,0.2755960856948103
4,25,Full framework,verdict,0.24143364285531796
4,25,Full framework,rule alignment,0.28366244095378645
4,25,Full framework,total,0.2769515078438697
4,26,Full framework,citation,0.3034658459635614
4,26,Full framework,reasoning,0.2695361716541673
4,26,Full framework,verdict,0.23861368742510106
4,26,Full framework,rule alignment,0.2721084181385042
4,26,Full framework,total,0.27080241847111663
4,27,Full framework,citation,0.3065095359306912
4,27,Full framework,reasoning,0.2739733179728294
4,27,Full framework,verdict,0.23784152599185196
4,27,Full framework,rule alignment,0.2875233508068143
4,27,Full framework,total,0.2757844310338475
4,28,Full framework,citation,0.3043033783822794
4,28,Full framework,reasoning,0.260182658174405
4,28,Full framework,verdict,0.2295704950639535
4,28,Full framework,rule alignment,0.2770612297470199
4,28,Full framework,total,0.2669355117632837
4,29,Full framework,citation,0.3244727514461146
4,29,Full framework,reasoning,0.27416502898967343
4,29,Full framework,verdict,0.23993937644390018
4,29,Full framework,rule alignment,0.276322052831032
4,29,Full framework,total,0.27861695123561214
4,30,Full framework,citation,0.29235654339174494
4,30,Full framework,reasoning,0.26632924916133344
4,30,Full framework,verdict,0.2289223670286504
4,30,Full framework,rule alignment,0.26822097581318877
4,30,Full framework,total,0.2638626975161366
4,31,Full framework,citation,0.2973546816442764
4,31,Full framework,reasoning,0.2705488938053342
4,31,Full framework,verdict,0.22924596085393686
4,31,Full framework,rule alignment,0.2611213513760179
4,31,Full framework,total,0.26503909904135714
4,32,Full framework,citation,0.27949073625968524
4,32,Full framework,reasoning,0.24948617540406093
4,32,Full framework,verdict,0.2516769789652359
4,32,Full framework,rule alignment,0.2621391254503116
4,32,Full framework,total,0.26006560651751087
4,33,Full framework,citation,0.29991513775530004
4,33,Full framework,reasoning,0.2562134469984655
4,33,Full framework,verdict,0.22190823288571454
4,33,Full framework,rule alignment,0.26371527291793684
4,33,Full framework,total,0.26006293134338065
4,34,Full framework,citation,0.28951422464530974
4,34,Full framework,reasoning,0.2590080747630716
4,34,Full framework,verdict,0.22846269602461958
4,34,Full framework,rule alignment,0.2644111053098833
4,34,Full framework,total,0.26007887365838045
4,35,Full framework,citation,0.2756561371396326
4,35,Full framework,reasoning,0.24459027599747277
4,35,Full framework,verdict,0.22748165155695432
4,35,Full framework,rule alignment,0.25335216177416126
4,35,Full framework,total,0.24983196232822083
4,36,Full framework,citation,0.28844210648553
4,36,Full framework,reasoning,0.2399343943360082
4,36,Full framework,verdict,0.21718920969641692
4,36,Full framework,rule alignment,0.2580565199712813
4,36,Full framework,total,0.24999945134054544
4,37,Full framework,citation,0.2814427688446396
4,37,Full framework,reasoning,0.2627090745247564
4,37,Full framework,verdict,0.22493957765245753
4,37,Full framework,rule alignment,0.2616101099128497
4,37,Full framework,total,0.2577303309642711
4,38,Full framework,citation,0.28500885086456657
4,38,Full framework,reasoning,0.24231556624970454
4,38,Full framework,verdict,0.21274171244818052
4,38,Full framework,rule alignment,0.2604123654318074
4,38,Full framework,total,0.2492147837894596
4,39,Full framework,citation,0.2832475251228326
4,39,Full framework,reasoning,0.23062299368041722
4,39,Full framework,verdict,0.21366906843945452
4,39,Full framework,rule alignment,0.24224286799370084
4,39,Full framework,total,0.2418646200934371
4,40,Full framework,citation,0.27302323678045876
4,40,Full framework,reasoning,0.23532391391906868
4,40,Full framework,verdict,0.23115378221959565
4,40,Full framework,rule alignment,0.24151307635345806
4,40,Full framework,total,0.24494404419642585
4,41,Full framework,citation,0.25371021062219967
4,41,Full framework,reasoning,0.2362672186630715
4,41,Full framework,verdict,0.21202491804895682
4,41,Full framework,rule alignment,0.2467418955510163
4,41,Full framework,total,0.23666232687691383
4,42,Full framework,citation,0.26699918919470583
4,42,Full framework,reasoning,0.23400331347832046
4,42,Full framework,verdict,0.20680039511788478
4,42,Full framework,rule alignment,0.24765075649022902
4,42,Full framework,total,0.23818104141968957
4,43,Full framework,citation,0.2777302575236463
4,43,Full framework,reasoning,0.22527575100439812
4,43,Full framework,verdict,0.21096645362670416
4,43,Full framework,rule alignment,0.24574999578261192
4,43,Full framework,total,0.23890690224542943
4,44,Full framework,citation,0.26901038729543164
4,44,Full framework,reasoning,0.23165037843141512
4,44,Full framework,verdict,0.20925637621797827
4,44,Full framework,rule alignment,0.23931247437560021
4,44,Full framework,total,0.23692429928289702
4,45,Full framework,citation,0.26638863490782133
4,45,Full framework,reasoning,0.24610179086094386
4,45,Full framework,verdict,0.2157880076778931
4,45,Full framework,rule alignment,0.2250542147363886
4,45,Full framework,total,0.2393855408519895
4,46,Full framework,citation,0.2494325112687487
4,46,Full framework,reasoning,0.22737906983379474
4,46,Full framework,verdict,0.20395011349905662
4,46,Full framework,rule alignment,0.24019827067499877
4,46,Full framework,total,0.2295990312770895
4,47,Full framework,citation,0.26144855154222557
4,47,Full framework,reasoning,0.2183612361752494
4,47,Full framework,verdict,0.20261194632554555
4,47,Full framework,rule alignment,0.2418906403683835
4,47,Full framework,total,0.2299016233931943
4,48,Full framework,citation,0.24470247369352935
4,48,Full framework,reasoning,0.24093875727893002
4,48,Full framework,verdict,0.19588966162115093
4,48,Full framework,rule alignment,0.23168142774642123
4,48,Full framework,total,0.22876594656163335
4,49,Full framework,citation,0.24448411209013524
4,49,Full framework,reasoning,0.23280396222292843
4,49,Full framework,verdict,0.19057322296526572
4,49,Full framework,rule alignment,0.2408548928525885
4,49,Full framework,total,0.22677650100124644
4,50,Full framework,citation,0.25407143825699474
4,50,Full framework,reasoning,0.22092838090661887
4,50,Full framework,verdict,0.20342353675319408
4,50,Full framework,rule alignment,0.23041562245152358
4,50,Full framework,total,0.22673538251483755
4,51,Full framework,citation,0.23624700135038632
4,51,Full framework,reasoning,0.22062249381673468
4,51,Full framework,verdict,0.19795765674437624
4,51,Full framework,rule alignment,0.2311797783727496
4,51,Full framework,total,0.220973868343261
4,52,Full framework,citation,0.24602529218215238
4,52,Full framework,reasoning,0.222529248190468
4,52,Full framework,verdict,0.20094358016496291
4,52,Full framework,rule alignment,0.22408722753044436
4,52,Full framework,total,0.2233184380500081
4,53,Full framework,citation,0.24504243964095837
4,53,Full framework,reasoning,0.215363304067408
4,53,Full framework,verdict,0.1906812635056162
4,53,Full framework,rule alignment,0.22125519936084875
4,53,Full framework,total,0.2177909568790358
4,54,Full framework,citation,0.24136224939863427
4,54,Full framework,reasoning,0.20510996772775522
4,54,Full framework,verdict,0.2044257723041462
4,54,Full framework,rule alignment,0.23534776583474254
4,54,Full framework,total,0.22004954891097017
4,55,Full framework,citation,0.24898365024112143
4,55,Full framework,reasoning,0.204508206476758
4,55,Full framework,verdict,0.2078342390125265
4,55,Full framework,rule alignment,0.21887483552952
4,55,Full framework,total,0.21933190136234337
4,56,Full framework,citation,0.2331435267788159
4,56,Full framework,reasoning,0.217647940660596
4,56,Full framework,verdict,0.1943623011772256
4,56,Full framework,rule alignment,0.22470024621003942
4,56,Full framework,total,0.21711088842919707
4,57,Full framework,citation,0.2257624610090443
4,57,Full framework,reasoning,0.20549539115866142
4,57,Full framework,verdict,0.1943236769394494
4,57,Full framework,rule alignment,0.21420840206221625
4,57,Full framework,total,0.20951183224716508
4,58,Full framework,citation,0.23411019327291022
4,58,Full framework,reasoning,0.19834668432020253
4,58,Full framework,verdict,0.1859268829800161
4,58,Full framework,rule alignment,0.2091856199553027
4,58,Full framework,total,0.20635039835035288
4,59,Full framework,citation,0.23315424580382757
4,59,Full framework,reasoning,0.20624951827325122
4,59,Full framework,verdict,0.16968228829145315
4,59,Full framework,rule alignment,0.21284141855547842
4,59,Full framework,total,0.20515227271689124
4,60,Full framework,citation,0.23518548479783266
4,60,Full framework,reasoning,0.20392124614438112
4,60,Full framework,verdict,0.17516588640311204
4,60,Full framework,rule alignment,0.22227971090000373
4,60,Full framework,total,0.20822015882355127
4,61,Full framework,citation,0.2275378828170763
4,61,Full framework,reasoning,0.20808471385066396
4,61,Full framework,verdict,0.17578813772287105
4,61,Full framework,rule alignment,0.2190460468931313
4,61,Full framework,total,0.20706612866881227
4,62,Full framework,citation,0.22473111761033562
4,62,Full framework,reasoning,0.20888128507617224
4,62,Full framework,verdict,0.17862650697990565
4,62,Full framework,rule alignment,0.21645216394255531
4,62,Full framework,total,0.20679422445892304
4,63,Full framework,citation,0.2163520607629824
4,63,Full framework,reasoning,0.1997533754695575
4,63,Full framework,verdict,0.17796019070730187
4,63,Full framework,rule alignment,0.20022139535296088
4,63,Full framework,total,0.1985483545790305
4,64,Full framework,citation,0.23116868983804023
4,64,Full framework,reasoning,0.1964485018964837
4,64,Full framework,verdict,0.1822572778891084
4,64,Full framework,rule alignment,0.20431252833713903
4,64,Full framework,total,0.20315354816816006
4,65,Full framework,citation,0.20310163346071042
4,65,Full framework,reasoning,0.2026155488431648
4,65,Full framework,verdict,0.16856120553838785
4,65,Full framework,rule alignment,0.1962516535174441
4,65,Full framework,total,0.19295070510621282
4,66,Full framework,citation,0.22834373714914113
4,66,Full framework,reasoning,0.20144385361646655
4,66,Full framework,verdict,0.1681697841832308
4,66,Full framework,rule alignment,0.19310355965714154
4,66,Full framework,total,0.19818224834946124
4,67,Full framework,citation,0.20584339679077254
4,67,Full framework,reasoning,0.1919370581144194
4,67,Full framework,verdict,0.1752365563181356
4,67,Full framework,rule alignment,0.20046426743603385
4,67,Full framework,total,0.19294395919875962
4,68,Full framework,citation,0.20720456470227652
4,68,Full framework,reasoning,0.1882411889801693
4,68,Full framework,verdict,0.18021920338348466
4,68,Full framework,rule alignment,0.2019304060089356
4,68,Full framework,total,0.19371437991727822
4,69,Full framework,citation,0.2017096459400551
4,69,Full framework,reasoning,0.1825538023039926
4,69,Full framework,verdict,0.1665768973045069
4,69,Full framework,rule alignment,0.19616109123013659
4,69,Full framework,total,0.1860699947483656
4,70,Full framework,citation,0.20556063995606866
4,70,Full framework,reasoning,0.1894826976123171
4,70,Full framework,verdict,0.16938372731841442
4,70,Full framework,rule alignment,0.19794409587266015
4,70,Full framework,total,0.19016972027684792
4,71,Full framework,citation,0.20617501428185367
4,71,Full framework,reasoning,0.18253907003638384
4,71,Full framework,verdict,0.17312447577188633
4,71,Full framework,rule alignment,0.19667593460327615
4,71,Full framework,total,0.1889217804450054
4,72,Full framework,citation,0.1943604071817682
4,72,Full framework,reasoning,0.18204576893340568
4,72,Full framework,verdict,0.15577841463526904
4,72,Full framework,rule alignment,0.18629177313861542
4,72,Full framework,total,0.1794067907620041
4,73,Full framework,citation,0.19277814598781376
4,73,Full framework,reasoning,0.1737382376458642
4,73,Full framework,verdict,0.16562586265990822
4,73,Full framework,rule alignment,0.18110936866939933
4,73,Full framework,total,0.1779443471895696
4,74,Full framework,citation,0.21588217962656284
4,74,Full framework,reasoning,0.18211820312023996
4,74,Full framework,verdict,0.1687721826285662
4,74,Full framework,rule alignment,0.1914277786565342
4,74,Full framework,total,0.18908460723116108
4,75,Full framework,citation,0.19920212313404298
4,75,Full framework,reasoning,0.19489407199775513
4,75,Full framework,verdict,0.16606148850731486
4,75,Full framework,rule alignment,0.1863203390618057
4,75,Full framework,total,0.18704819232202713
4,76,Full framework,citation,0.19511906915342758
4,76,Full framework,reasoning,0.17654165434184146
4,76,Full framework,verdict,0.15991269945923328
4,76,Full framework,rule alignment,0.18486776806482683
4,76,Full framework,total,0.17869399206868303
4,77,Full framework,citation,0.19472088411075775
4,77,Full framework,reasoning,0.17952369789942363
4,77,Full framework,verdict,0.16901757962191963
4,77,Full framework,rule alignment,0.18670891472236412
4,77,Full framework,total,0.18213350824746927
4,78,Full framework,citation,0.19355205339469678
4,78,Full framework,reasoning,0.1854791833087753
4,78,Full framework,verdict,0.16658441618675426
4,78,Full framework,rule alignment,0.1807901103360194
4,78,Full framework,total,0.18183589445519924
4,79,Full framework,citation,0.1965242856634213
4,79,Full framework,reasoning,0.1769353760591501
4,79,Full framework,verdict,0.177813703690963
4,79,Full framework,rule alignment,0.18683860398775498
4,79,Full framework,total,0.18403283095389208
4,80,Full framework,citation,0.20331571390092457
4,80,Full framework,reasoning,0.1639182538411698
4,80,Full framework,verdict,0.17426700229726658
4,80,Full framework,rule alignment,0.18944868033078374
4,80,Full framework,total,0.18146089126805548
4,81,Full framework,citation,0.19539061813046055
4,81,Full framework,reasoning,0.17148945433332666
4,81,Full framework,verdict,0.15633426967514705
4,81,Full framework,rule alignment,0.1852922049029513
4,81,Full framework,total,0.17643649923199017
4,82,Full framework,citation,0.17670777660921666
4,82,Full framework,reasoning,0.1755233731050338
4,82,Full framework,verdict,0.15873948059910944
4,82,Full framework,rule alignment,0.17733999016379276
4,82,Full framework,total,0.1719868242663502
4,83,Full framework,citation,0.20592011607191396
4,83,Full framework,reasoning,0.18395349457210258
4,83,Full framework,verdict,0.16352872553396505
4,83,Full framework,rule alignment,0.17391096039847592
4,83,Full framework,total,0.1823304508527957
4,84,Full framework,citation,0.18132028033595762
4,84,Full framework,reasoning,0.17108469203810817
4,84,Full framework,verdict,0.15767537211870883
4,84,Full framework,rule alignment,0.17876086971796507
4,84,Full framework,total,0.17182649466869207
4,85,Full framework,citation,0.1919981213551765
4,85,Full framework,reasoning,0.17972109116334692
4,85,Full framework,verdict,0.147940993144309
4,85,Full framework,rule alignment,0.17257750574445524
4,85,Full framework,total,0.1734166071227665
4,86,Full framework,citation,0.19548069444321375
4,86,Full framework,reasoning,0.1711959788317597
4,86,Full framework,verdict,0.14768107572374062
4,86,Full framework,rule alignment,0.16534906580378522
4,86,Full framework,total,0.17021904935202356
4,87,Full framework,citation,0.1728419241298022
4,87,Full framework,reasoning,0.1606987379155175
4,87,Full framework,verdict,0.15002931530808422
4,87,Full framework,rule alignment,0.1752161416849071
4,87,Full framework,total,0.1639706595711083
4,88,Full framework,citation,0.18766029730110323
4,88,Full framework,reasoning,0.17957878631893803
4,88,Full framework,verdict,0.16086074402351688
4,88,Full framework,rule alignment,0.16693106111170164
4,88,Full framework,total,0.17439010844917677
4,89,Full framework,citation,0.1893041560969173
4,89,Full framework,reasoning,0.17536210780590017
4,89,Full framework,verdict,0.1482127579916875
4,89,Full framework,rule alignment,0.16733792248721593
4,89,Full framework,total,0.17045544536136445
4,90,Full framework,citation,0.17617221366299426
4,90,Full framework,reasoning,0.16520742987487577
4,90,Full framework,verdict,0.14896033392960373
4,90,Full framework,rule alignment,0.18090802374814147
4,90,Full framework,total,0.16702697061024052
4,91,Full framework,citation,0.16381702240119933
4,91,Full framework,reasoning,0.16965027543250927
4,91,Full framework,verdict,0.15730521447419515
4,91,Full framework,rule alignment,0.17185647151713512
4,91,Full framework,total,0.16554693615202845
4,92,Full framework,citation,0.1897785049635654
4,92,Full framework,reasoning,0.15591152426547822
4,92,Full framework,verdict,0.15401285652620522
4,92,Full framework,rule alignment,0.16220115521422845
4,92,Full framework,total,0.1651615286949318
4,93,Full framework,citation,0.18444057239509745
4,93,Full framework,reasoning,0.16532133117149075
4,93,Full framework,verdict,0.15415474145154526
4,93,Full framework,rule alignment,0.16580685585026603
4,93,Full framework,total,0.16740659898316113
4,94,Full framework,citation,0.18792402043986478
4,94,Full framework,reasoning,0.16373639828142678
4,94,Full framework,verdict,0.1429031326467607
4,94,Full framework,rule alignment,0.16408514849861863
4,94,Full framework,total,0.16464473745580813
4,95,Full framework,citation,0.1581452940908052
4,95,Full framework,reasoning,0.15491851982911692
4,95,Full framework,verdict,0.1449243255446606
4,95,Full framework,rule alignment,0.16259667276145873
4,95,Full framework,total,0.15476229540989328
4,96,Full framework,citation,0.16263231150324256
4,96,Full framework,reasoning,0.1564365043101845
4,96,Full framework,verdict,0.13948579936375602
4,96,Full framework,rule alignment,0.1692261054249966
4,96,Full framework,total,0.15630570009480432
4,97,Full framework,citation,0.17678231817309398
4,97,Full framework,reasoning,0.1639579076444914
4,97,Full framework,verdict,0.15220049085160914
4,97,Full framework,rule alignment,0.1643631179178515
4,97,Full framework,total,0.16430569813309348
4,98,Full framework,citation,0.17176615138552012
4,98,Full framework,reasoning,0.15252081776125304
4,98,Full framework,verdict,0.14554778946844604
4,98,Full framework,rule alignment,0.1571317317238639
4,98,Full framework,total,0.15651107688664023
4,99,Full framework,citation,0.16552810698740913
4,99,Full framework,reasoning,0.15302027718935773
4,99,Full framework,verdict,0.1409716460559413
4,99,Full framework,rule alignment,0.17455254606551923
4,99,Full framework,total,0.15744153063074878
4,100,Full framework,citation,0.17914290853099418
4,100,Full framework,reasoning,0.14835106717372493
4,100,Full framework,verdict,0.13888495760278963
4,100,Full framework,rule alignment,0.16335080802403826
4,100,Full framework,total,0.1566824482903711
5,1,FedAvg,citation,0.6511713874255728
5,1,FedAvg,reasoning,0.5709841035697003
5,1,FedAvg,verdict,0.48241165897186555
5,1,FedAvg,rule alignment,0.6013829334135835
5,1,FedAvg,total,0.5749675793529864
5,2,FedAvg,citation,0.6566268067353059
5,2,FedAvg,reasoning,0.5497812423148045
5,2,FedAvg,verdict,0.47508990882583213
5,2,FedAvg,rule alignment,0.5869114231791477
5,2,FedAvg,total,0.5652458362205555
5,3,FedAvg,citation,0.6543999868705632
5,3,FedAvg,reasoning,0.5470873995399167
5,3,FedAvg,verdict,0.4663502919966933
5,3,FedAvg,rule alignment,0.572572663616633
5,3,FedAvg,total,0.5588283223021158
5,4,FedAvg,citation,0.6395761152078545
5,4,FedAvg,reasoning,0.5471141874090376
5,4,FedAvg,verdict,0.4721721060566156
5,4,FedAvg,rule alignment,0.5782887403123467
5,4,FedAvg,total,0.5577290596012981
5,5,FedAvg,citation,0.6260884101983497
5,5,FedAvg,reasoning,0.536860961770251
5,5,FedAvg,verdict,0.45779445601612423
5,5,FedAvg,rule alignment,0.5537176738595024
5,5,FedAvg,total,0.5427725398565942
5,6,FedAvg,citation,0.6219339358676587
5,6,FedAvg,reasoning,0.5340549964406907
5,6,FedAvg,verdict,0.4617096469706059
5,6,FedAvg,rule alignment,0.5613563610784555
5,6,FedAvg,total,0.5433986668574644
5,7,FedAvg,citation,0.6037904854056177
5,7,FedAvg,reasoning,0.5260942368053377
5,7,FedAvg,verdict,0.448079761753568
5,7,FedAvg,rule alignment,0.556736844193776
5,7,FedAvg,total,0.5321432016701529
5,8,FedAvg,citation,0.6038388022745873
5,8,FedAvg,reasoning,0.5152652800232531
5,8,FedAvg,verdict,0.44503673690837914
5,8,FedAvg,rule alignment,0.5449776062052204
5,8,FedAvg,total,0.5257939900437616
5,9,FedAvg,citation,0.5996514614505128
5,9,FedAvg,reasoning,0.5283730342047309
5,9,FedAvg,verdict,0.45120039738774914
5,9,FedAvg,rule alignment,0.5376262569121775
5,9,FedAvg,total,0.5287501263534202
5,10,FedAvg,citation,0.5900083872506718
5,10,FedAvg,reasoning,0.5030885352101018
5,10,FedAvg,verdict,0.4359785894661531
5,10,FedAvg,rule alignment,0.5279125697341027
5,10,FedAvg,total,0.5130058186890574
5,11,FedAvg,citation,0.5919985571821609
5,11,FedAvg,reasoning,0.49815929577024753
5,11,FedAvg,verdict,0.4417201979440421
5,11,FedAvg,rule alignment,0.5356298642403782
5,11,FedAvg,total,0.5150034503607007
5,12,FedAvg,citation,0.5751183908725713
5,12,FedAvg,reasoning,0.48892155187647396
5,12,FedAvg,verdict,0.44342846515766615
5,12,FedAvg,rule alignment,0.5147502895892032
5,12,FedAvg,total,0.5042632374883421
5,13,FedAvg,citation,0.5677847115853629
5,13,FedAvg,reasoning,0.4892093151386548
5,13,FedAvg,verdict,0.41883206222394925
5,13,FedAvg,rule alignment,0.5055655005688994
5,13,FedAvg,total,0.4945300881077043
5,14,FedAvg,citation,0.5738094832229723
5,14,FedAvg,reasoning,0.48773988926894385
5,14,FedAvg,verdict,0.4212461934973334
5,14,FedAvg,rule alignment,0.5048901617951154
5,14,FedAvg,total,0.49606391831978264
5,15,FedAvg,citation,0.5673184992034014
5,15,FedAvg,reasoning,0.47655764527321154
5,15,FedAvg,verdict,0.4135123360075775
5,15,FedAvg,rule alignment,0.5007534654203534
5,15,FedAvg,total,0.4883256954687788
5,16,FedAvg,citation,0.5593344602704308
5,16,FedAvg,reasoning,0.4576464712644179
5,16,FedAvg,verdict,0.4160294567837625
5,16,FedAvg,rule alignment,0.5012471656268811
5,16,FedAvg,total,0.4813843537682499
5,17,FedAvg,citation,0.555245284268504
5,17,FedAvg,reasoning,0.46798228304394346
5,17,FedAvg,verdict,0.41140275497806644
5,17,FedAvg,rule alignment,0.4889133833904826
5,17,FedAvg,total,0.47983937140292215
5,18,FedAvg,citation,0.541645717961662
5,18,FedAvg,reasoning,0.4690526340980188
5,18,FedAvg,verdict,0.41180226966322375
5,18,FedAvg,rule alignment,0.47875038476599263
5,18,FedAvg,total,0.4748278640888256
5,19,FedAvg,citation,0.5253807548467139
5,19,FedAvg,reasoning,0.44158858609775503
5,19,FedAvg,verdict,0.39157167710409013
5,19,FedAvg,rule alignment,0.4863299802641965
5,19,FedAvg,total,0.45898067986986685
5,20,FedAvg,citation,0.5265808343651586
5,20,FedAvg,reasoning,0.45020281172362087
5,20,FedAvg,verdict,0.3923052304961946
5,20,FedAvg,rule alignment,0.48748886460048724
5,20,FedAvg,total,0.462280132652522
5,21,FedAvg,citation,0.5108488036541253
5,21,FedAvg,reasoning,0.4474934264133069
5,21,FedAvg,verdict,0.3926810786158362
5,21,FedAvg,rule alignment,0.4763469277578213
5,21,FedAvg,total,0.4553998840430467
5,22,FedAvg,citation,0.5086670359640196
5,22,FedAvg,reasoning,0.4495819862889324
5,22,FedAvg,verdict,0.37067943043340096
5,22,FedAvg,rule alignment,0.4740642965332203
5,22,FedAvg,total,0.44952407179267895
5,23,FedAvg,citation,0.5039164991957052
5,23,FedAvg,reasoning,0.43582880013063247
5,23,FedAvg,verdict,0.3785422788339083
5,23,FedAvg,rule alignment,0.45222901190745995
5,23,FedAvg,total,0.4418091369280851
5,24,FedAvg,citation,0.5081059984376233
5,24,FedAvg,reasoning,0.4383717783807738
5,24,FedAvg,verdict,0.3667270911311425
5,24,FedAvg,rule alignment,0.46132210475548163
5,24,FedAvg,total,0.4424842268575199
5,25,FedAvg,citation,0.502659692078062
5,25,FedAvg,reasoning,0.4331687498229487
5,25,FedAvg,verdict,0.37338505146654016
5,25,FedAvg,rule alignment,0.45253763852838674
5,25,FedAvg,total,0.4394693385387125
5,26,FedAvg,citation,0.5024958056662485
5,26,FedAvg,reasoning,0.4273742081037164
5,26,FedAvg,verdict,0.3689105302374303
5,26,FedAvg,rule alignment,0.4401561104451487
5,26,FedAvg,total,0.4340950684960644
5,27,FedAvg,citation,0.4933466573442922
5,27,FedAvg,reasoning,0.41740113040403637
5,27,FedAvg,verdict,0.35854365640408303
5,27,FedAvg,rule alignment,0.43489487359033224
5,27,FedAvg,total,0.4251718922763712
5,28,FedAvg,citation,0.4760600655164716
5,28,FedAvg,reasoning,0.42341883699669813
5,28,FedAvg,verdict,0.3648005831224606
5,28,FedAvg,rule alignment,0.43877739148998784
5,28,FedAvg,total,0.42499629155674007
5,29,FedAvg,citation,0.48918779546285607
5,29,FedAvg,reasoning,0.4197532054311973
5,29,FedAvg,verdict,0.3492198002795782
5,29,FedAvg,rule alignment,0.43670639374388387
5,29,FedAvg,total,0.42286913931374454
5,30,FedAvg,citation,0.46311689706352305
5,30,FedAvg,reasoning,0.39529418720853104
5,30,FedAvg,verdict,0.34955873320031594
5,30,FedAvg,rule alignment,0.42635528878631695
5,30,FedAvg,total,0.40702822148578244
5,31,FedAvg,citation,0.4659760924767072
5,31,FedAvg,reasoning,0.41261189183907215
5,31,FedAvg,verdict,0.3489768129418049
5,31,FedAvg,rule alignment,0.4176060629174445
5,31,FedAvg,total,0.4110430064898386
5,32,FedAvg,citation,0.46346788379938825
5,32,FedAvg,reasoning,0.3941335377359399
5,32,FedAvg,verdict,0.34894792770437266
5,32,FedAvg,rule alignment,0.40745845142145065
5,32,FedAvg,total,0.40283570448101236
5,33,FedAvg,citation,0.4574229178748248
5,33,FedAvg,reasoning,0.38990670834787555
5,33,FedAvg,verdict,0.3445804830619705
5,33,FedAvg,rule alignment,0.41924024013429956
5,33,FedAvg,total,0.4013209107654214
5,34,FedAvg,citation,0.44845353768831986
5,34,FedAvg,reasoning,0.37736308100572113
5,34,FedAvg,verdict,0.3380031147859118
5,34,FedAvg,rule alignment,0.4042334754644496
5,34,FedAvg,total,0.3906697825131642
5,35,FedAvg,citation,0.4514146325092826
5,35,FedAvg,reasoning,0.38435077976930027
5,35,FedAvg,verdict,0.3257844937890419
5,35,FedAvg,rule alignment,0.41718684745394424
5,35,FedAvg,total,0.39304238499616007
5,36,FedAvg,citation,0.4450509954554082
5,36,FedAvg,reasoning,0.3815706273975664
5,36,FedAvg,verdict,0.3297639814759984
5,36,FedAvg,rule alignment,0.3932253323317698
5,36,FedAvg,total,0.3868199989184755
5,37,FedAvg,citation,0.42482167928467207
5,37,FedAvg,reasoning,0.37637150648526524
5,37,FedAvg,verdict,0.3241577124752869
5,37,FedAvg,rule alignment,0.39729284020847816
5,37,FedAvg,total,0.379614867927265
5,38,FedAvg,citation,0.4407201880263554
5,38,FedAvg,reasoning,0.3737854931533134
5,38,FedAvg,verdict,0.32310267708730805
5,38,FedAvg,rule alignment,0.389942631077865
5,38,FedAvg,total,0.38107989043998286
5,39,FedAvg,citation,0.43457021455276773
5,39,FedAvg,reasoning,0.3617347358424859
5,39,FedAvg,verdict,0.32444311982613927
5,39,FedAvg,rule alignment,0.36941689638687386
5,39,FedAvg,total,0.37215713362484726
5,40,FedAvg,citation,0.419228499143843
5,40,FedAvg,reasoning,0.36953954428840335
5,40,FedAvg,verdict,0.31878798426609734
5,40,FedAvg,rule alignment,0.38449062051602123
5,40,FedAvg,total,0.3722641082422103
5,41,FedAvg,citation,0.4169617438038211
5,41,FedAvg,reasoning,0.3717862978894322
5,41,FedAvg,verdict,0.31713530723593447
5,41,FedAvg,rule alignment,0.38221397827652287
5,41,FedAvg,total,0.37150294778207316
5,42,FedAvg,citation,0.41329337361951374
5,42,FedAvg,reasoning,0.359374357194417
5,42,FedAvg,verdict,0.3109338704547775
5,42,FedAvg,rule alignment,0.3803555177811636
5,42,FedAvg,total,0.3649402217331307
5,43,FedAvg,citation,0.4155679352174133
5,43,FedAvg,reasoning,0.35122810986328684
5,43,FedAvg,verdict,0.3061325601674588
5,43,FedAvg,rule alignment,0.36649214349337833
5,43,FedAvg,total,0.3590919855038798
5,44,FedAvg,citation,0.40765906451741163
5,44,FedAvg,reasoning,0.35332069310796427
5,44,FedAvg,verdict,0.30724368243647826
5,44,FedAvg,rule alignment,0.3645648184205689
5,44,FedAvg,total,0.35763485835497555
5,45,FedAvg,citation,0.38855883936572827
5,45,FedAvg,reasoning,0.33574308492145505
5,45,FedAvg,verdict,0.28960105676293685
5,45,FedAvg,rule alignment,0.3631100285975907
5,45,FedAvg,total,0.34288490522812093
5,46,FedAvg,citation,0.3898888500782317
5,46,FedAvg,reasoning,0.35134098441609324
5,46,FedAvg,verdict,0.30113993786412485
5,46,FedAvg,rule alignment,0.3527025330038152
5,46,FedAvg,total,0.34869999891118014
5,47,FedAvg,citation,0.3860835657363508
5,47,FedAvg,reasoning,0.34443710880627376
5,47,FedAvg,verdict,0.29521755723301335
5,47,FedAvg,rule alignment,0.3533310156006184
5,47,FedAvg,total,0.3443226165043468
5,48,FedAvg,citation,0.3954712071078773
5,48,FedAvg,reasoning,0.3310656475543303
5,48,FedAvg,verdict,0.30346582061616495
5,48,FedAvg,rule alignment,0.3427049053206664
5,48,FedAvg,total,0.3425949322614429
5,49,FedAvg,citation,0.3826574069549934
5,49,FedAvg,reasoning,0.33616613841472226
5,49,FedAvg,verdict,0.2951860374672138
5,49,FedAvg,rule alignment,0.3419503135781916
5,49,FedAvg,total,0.3387007653456068
5,50,FedAvg,citation,0.37579017826832656
5,50,FedAvg,reasoning,0.321772337055358
5,50,FedAvg,verdict,0.28829102532081413
5,50,FedAvg,rule alignment,0.3402529659461404
5,50,FedAvg,total,0.33060259520312063
5,51,FedAvg,citation,0.37313941427501246
5,51,FedAvg,reasoning,0.32479737369003664
5,51,FedAvg,verdict,0.29470034183044735
5,51,FedAvg,rule alignment,0.33301898164828597
5,51,FedAvg,total,0.33100294746303316
5,52,FedAvg,citation,0.3736522957039011
5,52,FedAvg,reasoning,0.3159954183219514
5,52,FedAvg,verdict,0.2903008828133176
5,52,FedAvg,rule alignment,0.3388544213686617
5,52,FedAvg,total,0.32855780439962246
5,53,FedAvg,citation,0.36932789809709704
5,53,FedAvg,reasoning,0.31180757041139034
5,53,FedAvg,verdict,0.2772177177367731
5,53,FedAvg,rule alignment,0.3432868921356684
5,53,FedAvg,total,0.32383605350901834
5,54,FedAvg,citation,0.37007697986528704
5,54,FedAvg,reasoning,0.3195162570643004
5,54,FedAvg,verdict,0.28976975426024626
5,54,FedAvg,rule alignment,0.32242080893943575
5,54,FedAvg,total,0.32530072243856056
5,55,FedAvg,citation,0.35525059773221523
5,55,FedAvg,reasoning,0.313701641679836
5,55,FedAvg,verdict,0.2786827121329132
5,55,FedAvg,rule alignment,0.3235225628005211
5,55,FedAvg,total,0.3172983325303371
5,56,FedAvg,citation,0.35627765666799577
5,56,FedAvg,reasoning,0.2984067867720695
5,56,FedAvg,verdict,0.27320988056953677
5,56,FedAvg,rule alignment,0.3168991651210307
5,56,FedAvg,total,0.3102737533652101
5,57,FedAvg,citation,0.35072130899156423
5,57,FedAvg,reasoning,0.303365310509549
5,57,FedAvg,verdict,0.2660335452173764
5,57,FedAvg,rule alignment,0.3070990782431755
5,57,FedAvg,total,0.306618122353735
5,58,FedAvg,citation,0.3513731077068534
5,58,FedAvg,reasoning,0.3061365589063226
5,58,FedAvg,verdict,0.2580352501985079
5,58,FedAvg,rule alignment,0.31110680989969836
5,58,FedAvg,total,0.3064144191281768
5,59,FedAvg,citation,0.347525234633851
5,59,FedAvg,reasoning,0.29465523737160026
5,59,FedAvg,verdict,0.2702281181700238
5,59,FedAvg,rule alignment,0.29969539815837265
5,59,FedAvg,total,0.3027739890441233
5,60,FedAvg,citation,0.34480873328005407
5,60,FedAvg,reasoning,0.30758436904213593
5,60,FedAvg,verdict,0.2583770086027729
5,60,FedAvg,rule alignment,0.3064391467086982
5,60,FedAvg,total,0.30435957552508713
5,61,FedAvg,citation,0.32754900347340765
5,61,FedAvg,reasoning,0.28680894252197936
5,61,FedAvg,verdict,0.24906402100036582
5,61,FedAvg,rule alignment,0.3066564148694356
5,61,FedAvg,total,0.2915272218489243
5,62,FedAvg,citation,0.3427238970259409
5,62,FedAvg,reasoning,0.27347037124181683
5,62,FedAvg,verdict,0.25237471017148017
5,62,FedAvg,rule alignment,0.31173845763285457
5,62,FedAvg,total,0.29316345469847127
5,63,FedAvg,citation,0.33445749111008966
5,63,FedAvg,reasoning,0.2876254927764638
5,63,FedAvg,verdict,0.27261193801642747
5,63,FedAvg,rule alignment,0.2992537122125088
5,63,FedAvg,total,0.29790574755707017
5,64,FedAvg,citation,0.3320459359738721
5,64,FedAvg,reasoning,0.2815572263410919
5,64,FedAvg,verdict,0.2562539114904097
5,64,FedAvg,rule alignment,0.2924155883429184
5,64,FedAvg,total,0.29002524743698166
5,65,FedAvg,citation,0.314705045619103
5,65,FedAvg,reasoning,0.28402427238244116
5,65,FedAvg,verdict,0.24793393237105682
5,65,FedAvg,rule alignment,0.3015018231667859
5,65,FedAvg,total,0.2861673908456295
5,66,FedAvg,citation,0.32450610478347874
5,66,FedAvg,reasoning,0.2905985433078288
5,66,FedAvg,verdict,0.25661087953435946
5,66,FedAvg,rule alignment,0.2846140312458029
5,66,FedAvg,total,0.2893816153209688
5,67,FedAvg,citation,0.3192973575654831
5,67,FedAvg,reasoning,0.2792241563653746
5,67,FedAvg,verdict,0.2366114702136563
5,67,FedAvg,rule alignment,0.27476104791947303
5,67,FedAvg,total,0.27769666343829186
5,68,FedAvg,citation,0.31177322442639877
5,68,FedAvg,reasoning,0.2815240045591888
5,68,FedAvg,verdict,0.24898882449275542
5,68,FedAvg,rule alignment,0.27765038490275934
5,68,FedAvg,total,0.28017779057809705
5,69,FedAvg,citation,0.303655058322032
5,69,FedAvg,reasoning,0.26154992031312174
5,69,FedAvg,verdict,0.24745342708692622
5,69,FedAvg,rule alignment,0.28396669682152653
5,69,FedAvg,total,0.27303543681048137
5,70,FedAvg,citation,0.30681474004718823
5,70,FedAvg,reasoning,0.2641254888750503
5,70,FedAvg,verdict,0.23570675847621028
5,70,FedAvg,rule alignment,0.2778492957779221
5,70,FedAvg,total,0.2704378804489491
5,71,FedAvg,citation,0.28878832499702045
5,71,FedAvg,reasoning,0.2602316445444115
5,71,FedAvg,verdict,0.24845187069177388
5,71,FedAvg,rule alignment,0.28492957881136405
5,71,FedAvg,total,0.2693654580477948
5,72,FedAvg,citation,0.2965069905123127
5,72,FedAvg,reasoning,0.26195040864910835
5,72,FedAvg,verdict,0.23323330614980722
5,72,FedAvg,rule alignment,0.2758689657442099
5,72,FedAvg,total,0.2661939899091045
5,73,FedAvg,citation,0.2996171532340376
5,73,FedAvg,reasoning,0.25815768066005046
5,73,FedAvg,verdict,0.23442726191482258
5,73,FedAvg,rule alignment,0.2704796691051467
5,73,FedAvg,total,0.26505434180625953
5,74,FedAvg,citation,0.2988742763797417
5,74,FedAvg,reasoning,0.25441855259571583
5,74,FedAvg,verdict,0.24864138529959048
5,74,FedAvg,rule alignment,0.27756124747958716
5,74,FedAvg,total,0.2687167306944652
5,75,FedAvg,citation,0.30414197685637795
5,75,FedAvg,reasoning,0.26081083426447554
5,75,FedAvg,verdict,0.22711965474026977
5,75,FedAvg,rule alignment,0.2591896718051662
5,75,FedAvg,total,0.26289659253953784
5,76,FedAvg,citation,0.2850180608125553
5,76,FedAvg,reasoning,0.24779570956441535
5,76,FedAvg,verdict,0.23038279093086575
5,76,FedAvg,rule alignment,0.2698502548247662
5,76,FedAvg,total,0.2571589767701331
5,77,FedAvg,citation,0.296401104085306
5,77,FedAvg,reasoning,0.254509975061883
5,77,FedAvg,verdict,0.22997626280249647
5,77,FedAvg,rule alignment,0.2619091061189701
5,77,FedAvg,total,0.2603291554643095
5,78,FedAvg,citation,0.2868760424671546
5,78,FedAvg,reasoning,0.23528364716118869
5,78,FedAvg,verdict,0.22861251289028064
5,78,FedAvg,rule alignment,0.24629348528287223
5,78,FedAvg,total,0.24871593004428988
5,79,FedAvg,citation,0.27903723560196975
5,79,FedAvg,reasoning,0.23989445079131114
5,79,FedAvg,verdict,0.22147630823382408
5,79,FedAvg,rule alignment,0.2569392952552235
5,79,FedAvg,total,0.2484845802473865
5,80,FedAvg,citation,0.2761062520867859
5,80,FedAvg,reasoning,0.25219929277847697
5,80,FedAvg,verdict,0.21937048737901424
5,80,FedAvg,rule alignment,0.25021387083728036
5,80,FedAvg,total,0.2495717468674492
5,81,FedAvg,citation,0.2711523976631004
5,81,FedAvg,reasoning,0.24983234544894398
5,81,FedAvg,verdict,0.21460976627981684
5,81,FedAvg,rule alignment,0.2514488079027875
5,81,FedAvg,total,0.24668000620097003
5,82,FedAvg,citation,0.26878374376139563
5,82,FedAvg,reasoning,0.23936380477345967
5,82,FedAvg,verdict,0.22059997850226065
5,82,FedAvg,rule alignment,0.2504607637799728
5,82,FedAvg,total,0.24424722475394656
5,83,FedAvg,citation,0.2628732466126946
5,83,FedAvg,reasoning,0.23704744168804717
5,83,FedAvg,verdict,0.22276040105590791
5,83,FedAvg,rule alignment,0.24468958220155412
5,83,FedAvg,total,0.24146056086387557
5,84,FedAvg,citation,0.27034174568335856
5,84,FedAvg,reasoning,0.2423347324355508
5,84,FedAvg,verdict,0.21530942270937664
5,84,FedAvg,rule alignment,0.2492971287231915
5,84,FedAvg,total,0.24397263757348736
5,85,FedAvg,citation,0.27786672459728984
5,85,FedAvg,reasoning,0.2367961570894569
5,85,FedAvg,verdict,0.20731633228151763
5,85,FedAvg,rule alignment,0.23694533490205275
5,85,FedAvg,total,0.23972367832694952
5,86,FedAvg,citation,0.25955239485585113
5,86,FedAvg,reasoning,0.22006017005096792
5,86,FedAvg,verdict,0.21376401598215442
5,86,FedAvg,rule alignment,0.25109700698662735
5,86,FedAvg,total,0.23456655512211724
5,87,FedAvg,citation,0.2622072843448688
5,87,FedAvg,reasoning,0.21813984229727346
5,87,FedAvg,verdict,0.2176225729891798
5,87,FedAvg,rule alignment,0.2382653390069399
5,87,FedAvg,total,0.23305248482408217
5,88,FedAvg,citation,0.26225511143059493
5,88,FedAvg,reasoning,0.23948426559576808
5,88,FedAvg,verdict,0.2115834106404549
5,88,FedAvg,rule alignment,0.24036407481494976
5,88,FedAvg,total,0.23837772515948286
5,89,FedAvg,citation,0.2639050528702075
5,89,FedAvg,reasoning,0.23356963618613782
5,89,FedAvg,verdict,0.21144463630655186
5,89,FedAvg,rule alignment,0.2328295897425513
5,89,FedAvg,total,0.23547423109854143
5,90,FedAvg,citation,0.25084305333425133
5,90,FedAvg,reasoning,0.227205777464073
5,90,FedAvg,verdict,0.22233980186493207
5,90,FedAvg,rule alignment,0.2418589351052329
5,90,FedAvg,total,0.2348292340600643
5,91,FedAvg,citation,0.253330804012007
5,91,FedAvg,reasoning,0.23139335823736418
5,91,FedAvg,verdict,0.20333093813354822
5,91,FedAvg,rule alignment,0.2380898608635544
5,91,FedAvg,total,0.23120141518030893
5,92,FedAvg,citation,0.24939590853530264
5,92,FedAvg,reasoning,0.22761481789952948
5,92,FedAvg,verdict,0.19187170237102089
5,92,FedAvg,rule alignment,0.2374874897139655
5,92,FedAvg,total,0.2260988460392328
5,93,FedAvg,citation,0.2402730514538139
5,93,FedAvg,reasoning,0.21976752494116536
5,93,FedAvg,verdict,0.20959667679137106
5,93,FedAvg,rule alignment,0.23510401667851313
5,93,FedAvg,total,0.22541849287934848
5,94,FedAvg,citation,0.2582701436925335
5,94,FedAvg,reasoning,0.21520447934931744
5,94,FedAvg,verdict,0.19129515903836583
5,94,FedAvg,rule alignment,0.24004632725589645
5,94,FedAvg,total,0.22496193493869932
5,95,FedAvg,citation,0.24440715697274387
5,95,FedAvg,reasoning,0.21261168465504493
5,95,FedAvg,verdict,0.1838201809003233
5,95,FedAvg,rule alignment,0.22265325380476592
5,95,FedAvg,total,0.21537099062573345
5,96,FedAvg,citation,0.23839277271579146
5,96,FedAvg,reasoning,0.21874592462341141
5,96,FedAvg,verdict,0.1924038962897166
5,96,FedAvg,rule alignment,0.225524517569873
5,96,FedAvg,total,0.21842784815237504
5,97,FedAvg,citation,0.242198203172866
5,97,FedAvg,reasoning,0.21414098283990102
5,97,FedAvg,verdict,0.202297327667405
5,97,FedAvg,rule alignment,0.21542126403023165
5,97,FedAvg,total,0.21845043036808437
5,98,FedAvg,citation,0.23510674150538602
5,98,FedAvg,reasoning,0.2318856856250051
5,98,FedAvg,verdict,0.186575378706822
5,98,FedAvg,rule alignment,0.23013863459602915
5,98,FedAvg,total,0.2210139626597594
5,99,FedAvg,citation,0.23533988261251118
5,99,FedAvg,reasoning,0.21731174714783486
5,99,FedAvg,verdict,0.18967386300817932
5,99,FedAvg,rule alignment,0.23317235656521001
5,99,FedAvg,total,0.21808143186256507
5,100,FedAvg,citation,0.23493661071164884
5,100,FedAvg,reasoning,0.20322547813026173
5,100,FedAvg,verdict,0.18466311359155693
5,100,FedAvg,rule alignment,0.22317976692078814
5,100,FedAvg,total,0.2105035278990376
5,1,FedLoRA,citation,0.5821333898121834
5,1,FedLoRA,reasoning,0.4976926593597397
5,1,FedLoRA,verdict,0.42375709861822636
5,1,FedLoRA,rule alignment,0.5273555488025009
5,1,FedLoRA,total,0.5062515296760246
5,2,FedLoRA,citation,0.5672159951297944
5,2,FedLoRA,reasoning,0.4811218096262538
5,2,FedLoRA,verdict,0.4249384916609534
5,2,FedLoRA,rule alignment,0.5057488197148262
5,2,FedLoRA,total,0.4935249285285283
5,3,FedLoRA,citation,0.5642677312583573
5,3,FedLoRA,reasoning,0.4869217495781679
5,3,FedLoRA,verdict,0.4159394031785731
5,3,FedLoRA,rule alignment,0.509915659049309
5,3,FedLoRA,total,0.4931114402925448
5,4,FedLoRA,citation,0.5563466350159408
5,4,FedLoRA,reasoning,0.4663949142633114
5,4,FedLoRA,verdict,0.4137813856674114
5,4,FedLoRA,rule alignment,0.4982712572077251
5,4,FedLoRA,total,0.4821047308913765
5,5,FedLoRA,citation,0.5483742482463922
5,5,FedLoRA,reasoning,0.4592457420141089
5,5,FedLoRA,verdict,0.4081858776064076
5,5,FedLoRA,rule alignment,0.48863906707304766
5,5,FedLoRA,total,0.4746415674820421
5,6,FedLoRA,citation,0.5366603944728244
5,6,FedLoRA,reasoning,0.4715162468763041
5,6,FedLoRA,verdict,0.389404468610266
5,6,FedLoRA,rule alignment,0.48908853415267617
5,6,FedLoRA,total,0.4707887966641991
5,7,FedLoRA,citation,0.5396954044155483
5,7,FedLoRA,reasoning,0.45364501286766545
5,7,FedLoRA,verdict,0.3976320756486912
5,7,FedLoRA,rule alignment,0.4735319822975568
5,7,FedLoRA,total,0.4651317703358709
5,8,FedLoRA,citation,0.5348890503551735
5,8,FedLoRA,reasoning,0.45707642282415384
5,8,FedLoRA,verdict,0.3927268071714442
5,8,FedLoRA,rule alignment,0.48345981099744734
5,8,FedLoRA,total,0.46571885342839003
5,9,FedLoRA,citation,0.5214732767031856
5,9,FedLoRA,reasoning,0.45009485689486656
5,9,FedLoRA,verdict,0.3806212940826164
5,9,FedLoRA,rule alignment,0.47039320633491977
5,9,FedLoRA,total,0.4546307410318944
5,10,FedLoRA,citation,0.5263819610876234
5,10,FedLoRA,reasoning,0.4453772680162605
5,10,FedLoRA,verdict,0.3843321866997421
5,10,FedLoRA,rule alignment,0.4753489113005455
5,10,FedLoRA,total,0.4563614996118286
5,11,FedLoRA,citation,0.5191173930738384
5,11,FedLoRA,reasoning,0.4451755214317299
5,11,FedLoRA,verdict,0.37791893691677203
5,11,FedLoRA,rule alignment,0.4617961487747281
5,11,FedLoRA,total,0.45017096868211715
5,12,FedLoRA,citation,0.500560282350633
5,12,FedLoRA,reasoning,0.4351476709358788
5,12,FedLoRA,verdict,0.37126937886050754
5,12,FedLoRA,rule alignment,0.44951716632931443
5,12,FedLoRA,total,0.4384051498494116
5,13,FedLoRA,citation,0.4937847740415092
5,13,FedLoRA,reasoning,0.41210870528247695
5,13,FedLoRA,verdict,0.37166995786498985
5,13,FedLoRA,rule alignment,0.4574329462598145
5,13,FedLoRA,total,0.4314828838133307
5,14,FedLoRA,citation,0.47965385142557826
5,14,FedLoRA,reasoning,0.42628560831875983
5,14,FedLoRA,verdict,0.36131947528723496
5,14,FedLoRA,rule alignment,0.4630698167842717
5,14,FedLoRA,total,0.4307429775306856
5,15,FedLoRA,citation,0.4956190602873664
5,15,FedLoRA,reasoning,0.41367744260642064
5,15,FedLoRA,verdict,0.36931098818478714
5,15,FedLoRA,rule alignment,0.44140127847508837
5,15,FedLoRA,total,0.4286160005949822
5,16,FedLoRA,citation,0.48846820347779724
5,16,FedLoRA,reasoning,0.40642242406053236
5,16,FedLoRA,verdict,0.3577516817523342
5,16,FedLoRA,rule alignment,0.4381768041395486
5,16,FedLoRA,total,0.4211170593536023
5,17,FedLoRA,citation,0.48542771914570904
5,17,FedLoRA,reasoning,0.38789807246726193
5,17,FedLoRA,verdict,0.34965264750792324
5,17,FedLoRA,rule alignment,0.4343875318274096
5,17,FedLoRA,total,0.4120170197690685
5,18,FedLoRA,citation,0.47255247929581173
5,18,FedLoRA,reasoning,0.41056194231926707
5,18,FedLoRA,verdict,0.351548001075725
5,18,FedLoRA,rule alignment,0.4236840386310327
5,18,FedLoRA,total,0.41393051051487084
5,19,FedLoRA,citation,0.4654008357476367
5,19,FedLoRA,reasoning,0.4070467700976119
5,19,FedLoRA,verdict,0.351178653180929
5,19,FedLoRA,rule alignment,0.4300615278161473
5,19,FedLoRA,total,0.4122712088246545
5,20,FedLoRA,citation,0.4625354005389644
5,20,FedLoRA,reasoning,0.3996668022136433
5,20,FedLoRA,verdict,0.33773712670013
5,20,FedLoRA,rule alignment,0.4269432285759889
5,20,FedLoRA,total,0.4053568181890643
5,21,FedLoRA,citation,0.4761432664484927
5,21,FedLoRA,reasoning,0.3913023873740719
5,21,FedLoRA,verdict,0.3385302081653257
5,21,FedLoRA,rule alignment,0.4220271955587937
5,21,FedLoRA,total,0.4054645239774349
5,22,FedLoRA,citation,0.46020549971968294
5,22,FedLoRA,reasoning,0.3977082504553183
5,22,FedLoRA,verdict,0.3344570973263309
5,22,FedLoRA,rule alignment,0.41353126810684937
5,22,FedLoRA,total,0.40068437801946877
5,23,FedLoRA,citation,0.4447844163124532
5,23,FedLoRA,reasoning,0.38180613493497056
5,23,FedLoRA,verdict,0.34078659223344365
5,23,FedLoRA,rule alignment,0.397005489634493
5,23,FedLoRA,total,0.39033569054386397
5,24,FedLoRA,citation,0.4384308587476202
5,24,FedLoRA,reasoning,0.3824695880614661
5,24,FedLoRA,verdict,0.3371838878821257
5,24,FedLoRA,rule alignment,0.4070037745669962
5,24,FedLoRA,total,0.39004531798927555
5,25,FedLoRA,citation,0.4293785356749389
5,25,FedLoRA,reasoning,0.36287616072668105
5,25,FedLoRA,verdict,0.3261767877060589
5,25,FedLoRA,rule alignment,0.3990306979921749
5,25,FedLoRA,total,0.3775578186616887
5,26,FedLoRA,citation,0.43716153156934306
5,26,FedLoRA,reasoning,0.38660436864486497
5,26,FedLoRA,verdict,0.3233430397444585
5,26,FedLoRA,rule alignment,0.3955472299436838
5,26,FedLoRA,total,0.38521689941064663
5,27,FedLoRA,citation,0.431630985270404
5,27,FedLoRA,reasoning,0.3659360578083112
5,27,FedLoRA,verdict,0.3190574096576596
5,27,FedLoRA,rule alignment,0.3761211069081406
5,27,FedLoRA,total,0.3726771374561374
5,28,FedLoRA,citation,0.41449389407301795
5,28,FedLoRA,reasoning,0.3511136146271275
5,28,FedLoRA,verdict,0.3158344209586123
5,28,FedLoRA,rule alignment,0.3876629995876026
5,28,FedLoRA,total,0.36544876306356633
5,29,FedLoRA,citation,0.43112517120572313
5,29,FedLoRA,reasoning,0.36863096563479353
5,29,FedLoRA,verdict,0.31828314720948275
5,29,FedLoRA,rule alignment,0.3718604936184291
5,29,FedLoRA,total,0.37231346801792536
5,30,FedLoRA,citation,0.4250608593819843
5,30,FedLoRA,reasoning,0.35581010303329735
5,30,FedLoRA,verdict,0.3069823151056653
5,30,FedLoRA,rule alignment,0.3815745437899137
5,30,FedLoRA,total,0.3660687332898843
5,31,FedLoRA,citation,0.3971884537965026
5,31,FedLoRA,reasoning,0.35945274790824366
5,31,FedLoRA,verdict,0.31300854387517374
5,31,FedLoRA,rule alignment,0.3765880216608819
5,31,FedLoRA,total,0.36070267812256857
5,32,FedLoRA,citation,0.4025910507785775
5,32,FedLoRA,reasoning,0.35395314604701705
5,32,FedLoRA,verdict,0.31029320196211135
5,32,FedLoRA,rule alignment,0.35538608593697846
5,32,FedLoRA,total,0.355484224186673
5,33,FedLoRA,citation,0.39021080322273327
5,33,FedLoRA,reasoning,0.3515492756538365
5,33,FedLoRA,verdict,0.2997902680526839
5,33,FedLoRA,rule alignment,0.3781601574681961
5,33,FedLoRA,total,0.3535970820086444
5,34,FedLoRA,citation,0.394831703007856
5,34,FedLoRA,reasoning,0.34298194020694744
5,34,FedLoRA,verdict,0.3004152524968236
5,34,FedLoRA,rule alignment,0.35597560214333673
5,34,FedLoRA,total,0.34790144136692147
5,35,FedLoRA,citation,0.38482692216084186
5,35,FedLoRA,reasoning,0.33077294205066254
5,35,FedLoRA,verdict,0.29730824700316905
5,35,FedLoRA,rule alignment,0.3619171398286093
5,35,FedLoRA,total,0.34214910287192335
5,36,FedLoRA,citation,0.38225342741876583
5,36,FedLoRA,reasoning,0.34994717308558365
5,36,FedLoRA,verdict,0.30513169751602204
5,36,FedLoRA,rule alignment,0.34858629775183697
5,36,FedLoRA,total,0.34654769270973945
5,37,FedLoRA,citation,0.3971531109243328
5,37,FedLoRA,reasoning,0.3380284497969511
5,37,FedLoRA,verdict,0.28450890449132
5,37,FedLoRA,rule alignment,0.3492561603050866
5,37,FedLoRA,total,0.3416752708540159
5,38,FedLoRA,citation,0.3752199315079535
5,38,FedLoRA,reasoning,0.33950404443733245
5,38,FedLoRA,verdict,0.28710566533004056
5,38,FedLoRA,rule alignment,0.340951687258117
5,38,FedLoRA,total,0.3356229499923217
5,39,FedLoRA,citation,0.3772860148167575
5,39,FedLoRA,reasoning,0.3227674150750325
5,39,FedLoRA,verdict,0.28616594917024796
5,39,FedLoRA,rule alignment,0.3445254592551916
5,39,FedLoRA,total,0.33159830737029944
5,40,FedLoRA,citation,0.3866088601953548
5,40,FedLoRA,reasoning,0.3261614457981433
5,40,FedLoRA,verdict,0.29335969357816016
5,40,FedLoRA,rule alignment,0.3407922896504151
5,40,FedLoRA,total,0.3359990301129048
5,41,FedLoRA,citation,0.36817139319471526
5,41,FedLoRA,reasoning,0.31678293757504516
5,41,FedLoRA,verdict,0.28509479420767303
5,41,FedLoRA,rule alignment,0.33238066416405604
5,41,FedLoRA,total,0.32482756095592186
5,42,FedLoRA,citation,0.37192028785504255
5,42,FedLoRA,reasoning,0.3158850508768077
5,42,FedLoRA,verdict,0.2729852228280635
5,42,FedLoRA,rule alignment,0.3180418446546016
5,42,FedLoRA,total,0.31960026186473917
5,43,FedLoRA,citation,0.3663986034560114
5,43,FedLoRA,reasoning,0.3095846112353005
5,43,FedLoRA,verdict,0.27082280944952436
5,43,FedLoRA,rule alignment,0.3242994608964716
5,43,FedLoRA,total,0.31704062877626843
5,44,FedLoRA,citation,0.34212399769593543
5,44,FedLoRA,reasoning,0.30333626877729003
5,44,FedLoRA,verdict,0.27510915043901646
5,44,FedLoRA,rule alignment,0.3240345549200838
5,44,FedLoRA,total,0.3101160786509417
5,45,FedLoRA,citation,0.34266727909979416
5,45,FedLoRA,reasoning,0.3035254042614201
5,45,FedLoRA,verdict,0.2790948931203107
5,45,FedLoRA,rule alignment,0.3088930415699531
5,45,FedLoRA,total,0.30827677264744285
5,46,FedLoRA,citation,0.345387071802045
5,46,FedLoRA,reasoning,0.30659680978508846
5,46,FedLoRA,verdict,0.2688107789514151
5,46,FedLoRA,rule alignment,0.30496148606494305
5,46,FedLoRA,total,0.30652080283688016
5,47,FedLoRA,citation,0.3478611266640156
5,47,FedLoRA,reasoning,0.3079040370099034
5,47,FedLoRA,verdict,0.27050029078516363
5,47,FedLoRA,rule alignment,0.3054631738372617
5,47,FedLoRA,total,0.3080542002327182
5,48,FedLoRA,citation,0.3315946594957728
5,48,FedLoRA,reasoning,0.3052912519406177
5,48,FedLoRA,verdict,0.26562982403956664
5,48,FedLoRA,rule alignment,0.3145928729725587
5,48,FedLoRA,total,0.3038120710605319
5,49,FedLoRA,citation,0.34314401934784056
5,49,FedLoRA,reasoning,0.2871783928049193
5,49,FedLoRA,verdict,0.2592226391593863
5,49,FedLoRA,rule alignment,0.31580248720421294
5,49,FedLoRA,total,0.2999056799091251
5,50,FedLoRA,citation,0.3262765507289492
5,50,FedLoRA,reasoning,0.2846993800599393
5,50,FedLoRA,verdict,0.26309895418500306
5,50,FedLoRA,rule alignment,0.3137643022172873
5,50,FedLoRA,total,0.2955065506899273
5,51,FedLoRA,citation,0.33713802146148064
5,51,FedLoRA,reasoning,0.2915728789556614
5,51,FedLoRA,verdict,0.25214852842954744
5,51,FedLoRA,rule alignment,0.3024891961474842
5,51,FedLoRA,total,0.29529134038895233
5,52,FedLoRA,citation,0.33107779955186784
5,52,FedLoRA,reasoning,0.2868444262262018
5,52,FedLoRA,verdict,0.25232697084514993
5,52,FedLoRA,rule alignment,0.30148131654142524
5,52,FedLoRA,total,0.29220078377540004
5,53,FedLoRA,citation,0.32966118806453937
5,53,FedLoRA,reasoning,0.29510970158399585
5,53,FedLoRA,verdict,0.24742606976387665
5,53,FedLoRA,rule alignment,0.31226068328759293
5,53,FedLoRA,total,0.29525686158982134
5,54,FedLoRA,citation,0.32192734394518063
5,54,FedLoRA,reasoning,0.2786563186181411
5,54,FedLoRA,verdict,0.25670806457343
5,54,FedLoRA,rule alignment,0.2966028074362195
5,54,FedLoRA,total,0.28757630920233884
5,55,FedLoRA,citation,0.3305880393329801
5,55,FedLoRA,reasoning,0.28760903749118905
5,55,FedLoRA,verdict,0.23644766706731435
5,55,FedLoRA,rule alignment,0.2910445551342797
5,55,FedLoRA,total,0.28625054887428625
5,56,FedLoRA,citation,0.30805515436863434
5,56,FedLoRA,reasoning,0.27456067983135657
5,56,FedLoRA,verdict,0.23640172206117363
5,56,FedLoRA,rule alignment,0.29725232014457104
5,56,FedLoRA,total,0.27793288708577313
5,57,FedLoRA,citation,0.3128691247855019
5,57,FedLoRA,reasoning,0.2702066916718875
5,57,FedLoRA,verdict,0.25200188452196776
5,57,FedLoRA,rule alignment,0.27362969231744005
5,57,FedLoRA,total,0.2770056982919217
5,58,FedLoRA,citation,0.29853313401702913
5,58,FedLoRA,reasoning,0.270789553608852
5,58,FedLoRA,verdict,0.23513463469065407
5,58,FedLoRA,rule alignment,0.2824205909130611
5,58,FedLoRA,total,0.2711379264421886
5,59,FedLoRA,citation,0.3070019257964937
5,59,FedLoRA,reasoning,0.2662036717884035
5,59,FedLoRA,verdict,0.2403618614628869
5,59,FedLoRA,rule alignment,0.26899509481422024
5,59,FedLoRA,total,0.27050106731421025
5,60,FedLoRA,citation,0.29907834420944507
5,60,FedLoRA,reasoning,0.2680042711848497
5,60,FedLoRA,verdict,0.2398235064024791
5,60,FedLoRA,rule alignment,0.2711777832874934
5,60,FedLoRA,total,0.2693623006659346
5,61,FedLoRA,citation,0.2961105119320221
5,61,FedLoRA,reasoning,0.2596473337090801
5,61,FedLoRA,verdict,0.23729705660848616
5,61,FedLoRA,rule alignment,0.26904962930672177
5,61,FedLoRA,total,0.2650560181091955
5,62,FedLoRA,citation,0.29110407156512924
5,62,FedLoRA,reasoning,0.26190469574990183
5,62,FedLoRA,verdict,0.2306303169936604
5,62,FedLoRA,rule alignment,0.26504366343295904
5,62,FedLoRA,total,0.26201373855125976
5,63,FedLoRA,citation,0.29344303468987254
5,63,FedLoRA,reasoning,0.2640648829984572
5,63,FedLoRA,verdict,0.22331507800720707
5,63,FedLoRA,rule alignment,0.2751221995573929
5,63,FedLoRA,total,0.26343343298528565
5,64,FedLoRA,citation,0.29484894744254203
5,64,FedLoRA,reasoning,0.24596708763504835
5,64,FedLoRA,verdict,0.2287517108194927
5,64,FedLoRA,rule alignment,0.264132939429388
5,64,FedLoRA,total,0.25751687874190077
5,65,FedLoRA,citation,0.28406503993529963
5,65,FedLoRA,reasoning,0.24223034650055025
5,65,FedLoRA,verdict,0.23770646170399637
5,65,FedLoRA,rule alignment,0.26335839852289206
5,65,FedLoRA,total,0.25578365906456746
5,66,FedLoRA,citation,0.2868708564040989
5,66,FedLoRA,reasoning,0.2551043204007914
5,66,FedLoRA,verdict,0.22283786547275428
5,66,FedLoRA,rule alignment,0.26755597200715975
5,66,FedLoRA,total,0.2574696709908827
5,67,FedLoRA,citation,0.279238882298973
5,67,FedLoRA,reasoning,0.25733723201065895
5,67,FedLoRA,verdict,0.22872513869108382
5,67,FedLoRA,rule alignment,0.26263953948572105
5,67,FedLoRA,total,0.2567200827478561
5,68,FedLoRA,citation,0.27912326324271924
5,68,FedLoRA,reasoning,0.2538964888071505
5,68,FedLoRA,verdict,0.23326709321765826
5,68,FedLoRA,rule alignment,0.26855057245714314
5,68,FedLoRA,total,0.25797665024866817
5,69,FedLoRA,citation,0.275246388542742
5,69,FedLoRA,reasoning,0.23406904579135318
5,69,FedLoRA,verdict,0.23180018096287755
5,69,FedLoRA,rule alignment,0.2457796989609828
5,69,FedLoRA,total,0.24613829590600741
5,70,FedLoRA,citation,0.27592267867518694
5,70,FedLoRA,reasoning,0.22777933556237692
5,70,FedLoRA,verdict,0.22207334225546638
5,70,FedLoRA,rule alignment,0.2535538446673046
5,70,FedLoRA,total,0.24354357483483732
5,71,FedLoRA,citation,0.276753624953944
5,71,FedLoRA,reasoning,0.2406760547022452
5,71,FedLoRA,verdict,0.2143298818401495
5,71,FedLoRA,rule alignment,0.25049106308934876
5,71,FedLoRA,total,0.2450719057270667
5,72,FedLoRA,citation,0.26569239057656374
5,72,FedLoRA,reasoning,0.23285175837845637
5,72,FedLoRA,verdict,0.2054791245574919
5,72,FedLoRA,rule alignment,0.26104079415928916
5,72,FedLoRA,total,0.23985656512890866
5,73,FedLoRA,citation,0.26824567984608355
5,73,FedLoRA,reasoning,0.2286160704145269
5,73,FedLoRA,verdict,0.20466140551498102
5,73,FedLoRA,rule alignment,0.23966585261709825
5,73,FedLoRA,total,0.23474476298804386
5,74,FedLoRA,citation,0.2698839464752822
5,74,FedLoRA,reasoning,0.22938491613313913
5,74,FedLoRA,verdict,0.21743044980109863
5,74,FedLoRA,rule alignment,0.23675813768196322
5,74,FedLoRA,total,0.23799570144542959
5,75,FedLoRA,citation,0.25513525367801726
5,75,FedLoRA,reasoning,0.22876813163963886
5,75,FedLoRA,verdict,0.21997975804511236
5,75,FedLoRA,rule alignment,0.24501060195883184
5,75,FedLoRA,total,0.23641131281444044
5,76,FedLoRA,citation,0.2616385249807555
5,76,FedLoRA,reasoning,0.22907274535019514
5,76,FedLoRA,verdict,0.21115220683841174
5,76,FedLoRA,rule alignment,0.24331539765226326
5,76,FedLoRA,total,0.235582586090303
5,77,FedLoRA,citation,0.26278704222422283
5,77,FedLoRA,reasoning,0.22391195627796387
5,77,FedLoRA,verdict,0.20456814584985555
5,77,FedLoRA,rule alignment,0.22757572623864222
5,77,FedLoRA,total,0.22952752914963723
5,78,FedLoRA,citation,0.2402822884751815
5,78,FedLoRA,reasoning,0.22533899930513102
5,78,FedLoRA,verdict,0.21064884435687403
5,78,FedLoRA,rule alignment,0.2329614729250864
5,78,FedLoRA,total,0.22692677758457047
5,79,FedLoRA,citation,0.24540067815519093
5,79,FedLoRA,reasoning,0.21251794981747354
5,79,FedLoRA,verdict,0.19669684797159048
5,79,FedLoRA,rule alignment,0.22888502417723905
5,79,FedLoRA,total,0.2200567713123852
5,80,FedLoRA,citation,0.2665585490961329
5,80,FedLoRA,reasoning,0.23322202775624523
5,80,FedLoRA,verdict,0.1986359469659514
5,80,FedLoRA,rule alignment,0.22929064750661748
5,80,FedLoRA,total,0.23212336184371815
5,81,FedLoRA,citation,0.2433326050894627
5,81,FedLoRA,reasoning,0.22610521155877347
5,81,FedLoRA,verdict,0.18993274805645521
5,81,FedLoRA,rule alignment,0.2334749846075231
5,81,FedLoRA,total,0.22284289867561613
5,82,FedLoRA,citation,0.24106269081681436
5,82,FedLoRA,reasoning,0.21248308681281428
5,82,FedLoRA,verdict,0.1928965380026179
5,82,FedLoRA,rule alignment,0.2306349399192456
5,82,FedLoRA,total,0.2183617212325515
5,83,FedLoRA,citation,0.2483133514368004
5,83,FedLoRA,reasoning,0.2157603535029289
5,83,FedLoRA,verdict,0.1957504438947634
5,83,FedLoRA,rule alignment,0.2233988237279879
5,83,FedLoRA,total,0.2204238196293672
5,84,FedLoRA,citation,0.23416861385172555
5,84,FedLoRA,reasoning,0.22360640881641947
5,84,FedLoRA,verdict,0.19982866847987846
5,84,FedLoRA,rule alignment,0.23152825910850894
5,84,FedLoRA,total,0.22188689504952863
5,85,FedLoRA,citation,0.22984583031375283
5,85,FedLoRA,reasoning,0.20833826926015941
5,85,FedLoRA,verdict,0.19282098835118205
5,85,FedLoRA,rule alignment,0.21275770058046314
5,85,FedLoRA,total,0.21071972556037416
5,86,FedLoRA,citation,0.24106111748684805
5,86,FedLoRA,reasoning,0.21392103382239683
5,86,FedLoRA,verdict,0.2023892375383343
5,86,FedLoRA,rule alignment,0.20779515432398488
5,86,FedLoRA,total,0.21659792976781161
5,87,FedLoRA,citation,0.2182566262049475
5,87,FedLoRA,reasoning,0.19838033429867122
5,87,FedLoRA,verdict,0.1939103215713768
5,87,FedLoRA,rule alignment,0.21683204655323088
5,87,FedLoRA,total,0.2059222465443286
5,88,FedLoRA,citation,0.23842444597040535
5,88,FedLoRA,reasoning,0.20065087617389687
5,88,FedLoRA,verdict,0.19334707179246785
5,88,FedLoRA,rule alignment,0.216585648647722
5,88,FedLoRA,total,0.21145527202243178
5,89,FedLoRA,citation,0.23844614069584325
5,89,FedLoRA,reasoning,0.20987683860690215
5,89,FedLoRA,verdict,0.18836000437310674
5,89,FedLoRA,rule alignment,0.20519323037080445
5,89,FedLoRA,total,0.21070323392346904
5,90,FedLoRA,citation,0.23899598508828068
5,90,FedLoRA,reasoning,0.2070789710822555
5,90,FedLoRA,verdict,0.18355276857003705
5,90,FedLoRA,rule alignment,0.20745290811852385
5,90,FedLoRA,total,0.20925146136296086
5,91,FedLoRA,citation,0.23420499713773846
5,91,FedLoRA,reasoning,0.19950700800500143
5,91,FedLoRA,verdict,0.196438115641006
5,91,FedLoRA,rule alignment,0.21589104988801014
5,91,FedLoRA,total,0.21069109057378857
5,92,FedLoRA,citation,0.2244650592623304
5,92,FedLoRA,reasoning,0.19981840732929723
5,92,FedLoRA,verdict,0.18776380637382906
5,92,FedLoRA,rule alignment,0.2111083585330694
5,92,FedLoRA,total,0.20522441031444294
5,93,FedLoRA,citation,0.23562805478811436
5,93,FedLoRA,reasoning,0.20592547893774335
5,93,FedLoRA,verdict,0.18281257174700816
5,93,FedLoRA,rule alignment,0.2133919950176013
5,93,FedLoRA,total,0.2090661993186239
5,94,FedLoRA,citation,0.2122560706726562
5,94,FedLoRA,reasoning,0.20736619039999013
5,94,FedLoRA,verdict,0.18640270018134517
5,94,FedLoRA,rule alignment,0.20458553465214013
5,94,FedLoRA,total,0.2027916567639254
5,95,FedLoRA,citation,0.21649298215044582
5,95,FedLoRA,reasoning,0.20896159247558677
5,95,FedLoRA,verdict,0.17061067877850328
5,95,FedLoRA,rule alignment,0.20241482000535374
5,95,FedLoRA,total,0.19994735697598404
5,96,FedLoRA,citation,0.2207289130448998
5,96,FedLoRA,reasoning,0.20656056107508955
5,96,FedLoRA,verdict,0.17834157719675545
5,96,FedLoRA,rule alignment,0.1945197436106107
5,96,FedLoRA,total,0.20063973960506282
5,97,FedLoRA,citation,0.21857800298371388
5,97,FedLoRA,reasoning,0.2025004892801619
5,97,FedLoRA,verdict,0.16900713190261923
5,97,FedLoRA,rule alignment,0.2058579888316808
5,97,FedLoRA,total,0.198818028271968
5,98,FedLoRA,citation,0.20008046705795335
5,98,FedLoRA,reasoning,0.19513322280428616
5,98,FedLoRA,verdict,0.16748364988899309
5,98,FedLoRA,rule alignment,0.19654480627918833
5,98,FedLoRA,total,0.18973995733386012
5,99,FedLoRA,citation,0.22058833597853134
5,99,FedLoRA,reasoning,0.19696218571293023
5,99,FedLoRA,verdict,0.1751892568758632
5,99,FedLoRA,rule alignment,0.2069193084177875
5,99,FedLoRA,total,0.1994169156110352
5,100,FedLoRA,citation,0.22509578508725941
5,100,FedLoRA,reasoning,0.1884382729401901
5,100,FedLoRA,verdict,0.18039668867412612
5,100,FedLoRA,rule alignment,0.19365307136330356
5,100,FedLoRA,total,0.19663521459506414
5,1,Conflict-aware,citation,0.4607334918480654
5,1,Conflict-aware,reasoning,0.3998564310738604
5,1,Conflict-aware,verdict,0.350034136115701
5,1,Conflict-aware,rule alignment,0.40608103019746644
5,1,Conflict-aware,total,0.403865042352593
5,2,Conflict-aware,citation,0.4497373075738536
5,2,Conflict-aware,reasoning,0.38789689347950834
5,2,Conflict-aware,verdict,0.3514993100618785
5,2,Conflict-aware,rule alignment,0.4080604335009403
5,2,Conflict-aware,total,0.3982903091529736
5,3,Conflict-aware,citation,0.4372961364620527
5,3,Conflict-aware,reasoning,0.3902091748028381
5,3,Conflict-aware,verdict,0.337575018889295
5,3,Conflict-aware,rule alignment,0.3987997136266716
5,3,Conflict-aware,total,0.3905404840040227
5,4,Conflict-aware,citation,0.43141629395725783
5,4,Conflict-aware,reasoning,0.3721230100172301
5,4,Conflict-aware,verdict,0.34437311408373567
5,4,Conflict-aware,rule alignment,0.40360664796312523
5,4,Conflict-aware,total,0.3863055846080425
5,5,Conflict-aware,citation,0.43614106136693875
5,5,Conflict-aware,reasoning,0.384468855184475
5,5,Conflict-aware,verdict,0.32257136167339756
5,5,Conflict-aware,rule alignment,0.3954991983595732
5,5,Conflict-aware,total,0.3841186019873412
5,6,Conflict-aware,citation,0.4181119185023974
5,6,Conflict-aware,reasoning,0.3727119827882962
5,6,Conflict-aware,verdict,0.32612313521411845
5,6,Conflict-aware,rule alignment,0.3997161240556832
5,6,Conflict-aware,total,0.37781558307675445
5,7,Conflict-aware,citation,0.43259708773451294
5,7,Conflict-aware,reasoning,0.37255973477252075
5,7,Conflict-aware,verdict,0.3159857496583133
5,7,Conflict-aware,rule alignment,0.38004141889618287
5,7,Conflict-aware,total,0.37492191355919935
5,8,Conflict-aware,citation,0.42284153061651136
5,8,Conflict-aware,reasoning,0.3676428433354332
5,8,Conflict-aware,verdict,0.31653197580646425
5,8,Conflict-aware,rule alignment,0.3798393724952088
5,8,Conflict-aware,total,0.3711041041054156
5,9,Conflict-aware,citation,0.41736732635716245
5,9,Conflict-aware,reasoning,0.3765913795730599
5,9,Conflict-aware,verdict,0.3255134483251448
5,9,Conflict-aware,rule alignment,0.3864748268487541
5,9,Conflict-aware,total,0.3759925729122456
5,10,Conflict-aware,citation,0.4230093645156128
5,10,Conflict-aware,reasoning,0.36380110822776246
5,10,Conflict-aware,verdict,0.30971836115101925
5,10,Conflict-aware,rule alignment,0.36907994368685293
5,10,Conflict-aware,total,0.36613825262235733
5,11,Conflict-aware,citation,0.39821671395496905
5,11,Conflict-aware,reasoning,0.3489578075898608
5,11,Conflict-aware,verdict,0.3067760721612472
5,11,Conflict-aware,rule alignment,0.36738087337241493
5,11,Conflict-aware,total,0.35441171348049527
5,12,Conflict-aware,citation,0.4052292967750911
5,12,Conflict-aware,reasoning,0.3435280999654613
5,12,Conflict-aware,verdict,0.31645399148005043
5,12,Conflict-aware,rule alignment,0.37461696508398806
5,12,Conflict-aware,total,0.3584026450702214
5,13,Conflict-aware,citation,0.39951768037843766
5,13,Conflict-aware,reasoning,0.33587024114825914
5,13,Conflict-aware,verdict,0.30981429800423055
5,13,Conflict-aware,rule alignment,0.3684302290541599
5,13,Conflict-aware,total,0.3517801127509768
5,14,Conflict-aware,citation,0.3918816181453441
5,14,Conflict-aware,reasoning,0.34503541871611776
5,14,Conflict-aware,verdict,0.3028657312976285
5,14,Conflict-aware,rule alignment,0.359575658856022
5,14,Conflict-aware,total,0.34911259474678286
5,15,Conflict-aware,citation,0.3973959580929373
5,15,Conflict-aware,reasoning,0.3287295031426916
5,15,Conflict-aware,verdict,0.2927497646490139
5,15,Conflict-aware,rule alignment,0.3435170248281218
5,15,Conflict-aware,total,0.33985868659391966
5,16,Conflict-aware,citation,0.393373834715925
5,16,Conflict-aware,reasoning,0.33942618431317667
5,16,Conflict-aware,verdict,0.28161992606061187
5,16,Conflict-aware,rule alignment,0.3516043852240134
5,16,Conflict-aware,total,0.34089717253288987
5,17,Conflict-aware,citation,0.38025637305786564
5,17,Conflict-aware,reasoning,0.3304427644791583
5,17,Conflict-aware,verdict,0.2886194126393167
5,17,Conflict-aware,rule alignment,0.35190210590914706
5,17,Conflict-aware,total,0.3367321969498725
5,18,Conflict-aware,citation,0.3843960750613559
5,18,Conflict-aware,reasoning,0.32649578294923426
5,18,Conflict-aware,verdict,0.2983946386060298
5,18,Conflict-aware,rule alignment,0.3379904461836731
5,18,Conflict-aware,total,0.3362445025383513
5,19,Conflict-aware,citation,0.3703329411449211
5,19,Conflict-aware,reasoning,0.3110110894974027
5,19,Conflict-aware,verdict,0.28820828777402036
5,19,Conflict-aware,rule alignment,0.34184066864782714
5,19,Conflict-aware,total,0.32630676780852164
5,20,Conflict-aware,citation,0.36500773510247647
5,20,Conflict-aware,reasoning,0.3291751972253227
5,20,Conflict-aware,verdict,0.28219901923290625
5,20,Conflict-aware,rule alignment,0.326688832341426
5,20,Conflict-aware,total,0.3258920142197277
5,21,Conflict-aware,citation,0.36031805126541194
5,21,Conflict-aware,reasoning,0.31898373386960693
5,21,Conflict-aware,verdict,0.28283747919440116
5,21,Conflict-aware,rule alignment,0.33575060778609733
5,21,Conflict-aware,total,0.32363412433305483
5,22,Conflict-aware,citation,0.3586609699313393
5,22,Conflict-aware,reasoning,0.3262214477217088
5,22,Conflict-aware,verdict,0.2910013037188325
5,22,Conflict-aware,rule alignment,0.3357791608628743
5,22,Conflict-aware,total,0.3274378349016304
5,23,Conflict-aware,citation,0.35033877829838533
5,23,Conflict-aware,reasoning,0.31369010727719443
5,23,Conflict-aware,verdict,0.2801290643798939
5,23,Conflict-aware,rule alignment,0.3239442283424985
5,23,Conflict-aware,total,0.3165128385212278
5,24,Conflict-aware,citation,0.3430698351941196
5,24,Conflict-aware,reasoning,0.29641764407924376
5,24,Conflict-aware,verdict,0.2836321497996861
5,24,Conflict-aware,rule alignment,0.3126683923653774
5,24,Conflict-aware,total,0.30813446794530003
5,25,Conflict-aware,citation,0.3543873933651947
5,25,Conflict-aware,reasoning,0.3083064164910127
5,25,Conflict-aware,verdict,0.27886801318649873
5,25,Conflict-aware,rule alignment,0.32576098512380014
5,25,Conflict-aware,total,0.31595797360998723
5,26,Conflict-aware,citation,0.3483728066880372
5,26,Conflict-aware,reasoning,0.3127923463361903
5,26,Conflict-aware,verdict,0.2860051855351671
5,26,Conflict-aware,rule alignment,0.32436032849995006
5,26,Conflict-aware,total,0.3173042676566482
5,27,Conflict-aware,citation,0.34110666763907765
5,27,Conflict-aware,reasoning,0.30890844924637934
5,27,Conflict-aware,verdict,0.2660694895506408
5,27,Conflict-aware,rule alignment,0.3019018176280512
5,27,Conflict-aware,total,0.3048469375969537
5,28,Conflict-aware,citation,0.3444918732628864
5,28,Conflict-aware,reasoning,0.2907155013818271
5,28,Conflict-aware,verdict,0.2556621504624914
5,28,Conflict-aware,rule alignment,0.3110312697651073
5,28,Conflict-aware,total,0.29945941029891404
5,29,Conflict-aware,citation,0.33373570614895687
5,29,Conflict-aware,reasoning,0.28611163559447117
5,29,Conflict-aware,verdict,0.262768324315886
5,29,Conflict-aware,rule alignment,0.3156252365485606
5,29,Conflict-aware,total,0.29808454560426423
5,30,Conflict-aware,citation,0.3227094575970401
5,30,Conflict-aware,reasoning,0.2969989299993531
5,30,Conflict-aware,verdict,0.2633157628505285
5,30,Conflict-aware,rule alignment,0.30001344382859124
5,30,Conflict-aware,total,0.2956086728774163
5,31,Conflict-aware,citation,0.3285349330791945
5,31,Conflict-aware,reasoning,0.28444051170020257
5,31,Conflict-aware,verdict,0.2527133272958565
5,31,Conflict-aware,rule alignment,0.2998437920492853
5,31,Conflict-aware,total,0.2906129770136806
5,32,Conflict-aware,citation,0.3246848942050979
5,32,Conflict-aware,reasoning,0.27772192077034646
5,32,Conflict-aware,verdict,0.23811718420912065
5,32,Conflict-aware,rule alignment,0.29803886713845634
5,32,Conflict-aware,total,0.28362486926234987
5,33,Conflict-aware,citation,0.3115276488309114
5,33,Conflict-aware,reasoning,0.26615317495516116
5,33,Conflict-aware,verdict,0.2578359129924627
5,33,Conflict-aware,rule alignment,0.2991254833498256
5,33,Conflict-aware,total,0.282011939612357
5,34,Conflict-aware,citation,0.32004367446139076
5,34,Conflict-aware,reasoning,0.27820594597310433
5,34,Conflict-aware,verdict,0.2548276463914693
5,34,Conflict-aware,rule alignment,0.29414262060913937
5,34,Conflict-aware,total,0.2860081381269742
5,35,Conflict-aware,citation,0.31584082780047534
5,35,Conflict-aware,reasoning,0.28081532812550114
5,35,Conflict-aware,verdict,0.2574971524841559
5,35,Conflict-aware,rule alignment,0.29826143094278834
5,35,Conflict-aware,total,0.2872313796973658
5,36,Conflict-aware,citation,0.32399302135717795
5,36,Conflict-aware,reasoning,0.2711964234316456
5,36,Conflict-aware,verdict,0.24736783791814992
5,36,Conflict-aware,rule alignment,0.2905623152474827
5,36,Conflict-aware,total,0.28231160489782214
5,37,Conflict-aware,citation,0.31426892515849225
5,37,Conflict-aware,reasoning,0.265646153116472
5,37,Conflict-aware,verdict,0.24823150619844836
5,37,Conflict-aware,rule alignment,0.28374131100150124
5,37,Conflict-aware,total,0.27706721597447703
5,38,Conflict-aware,citation,0.31103638449592313
5,38,Conflict-aware,reasoning,0.2608662989401081
5,38,Conflict-aware,verdict,0.23822199679916786
5,38,Conflict-aware,rule alignment,0.2814201719442232
5,38,Conflict-aware,total,0.27185851939464983
5,39,Conflict-aware,citation,0.31049118769946016
5,39,Conflict-aware,reasoning,0.27604778598186025
5,39,Conflict-aware,verdict,0.23884822834801378
5,39,Conflict-aware,rule alignment,0.28347996354928073
5,39,Conflict-aware,total,0.2768451825162827
5,40,Conflict-aware,citation,0.30313613379509563
5,40,Conflict-aware,reasoning,0.2723620683757482
5,40,Conflict-aware,verdict,0.2357623388936283
5,40,Conflict-aware,rule alignment,0.2708572951822557
5,40,Conflict-aware,total,0.2706046977213566
5,41,Conflict-aware,citation,0.2946104079710459
5,41,Conflict-aware,reasoning,0.2650064855783319
5,41,Conflict-aware,verdict,0.2297299741520258
5,41,Conflict-aware,rule alignment,0.26875569742545286
5,41,Conflict-aware,total,0.26433818068935805
5,42,Conflict-aware,citation,0.2946380747641148
5,42,Conflict-aware,reasoning,0.2653951791292022
5,42,Conflict-aware,verdict,0.23013983094881033
5,42,Conflict-aware,rule alignment,0.2788047752837991
5,42,Conflict-aware,total,0.26657398522375175
5,43,Conflict-aware,citation,0.30613980772551924
5,43,Conflict-aware,reasoning,0.2582025936857279
5,43,Conflict-aware,verdict,0.23887461127611845
5,43,Conflict-aware,rule alignment,0.26654164316201423
5,43,Conflict-aware,total,0.26702271148853063
5,44,Conflict-aware,citation,0.28744025504445403
5,44,Conflict-aware,reasoning,0.25382468894351445
5,44,Conflict-aware,verdict,0.22993932923235616
5,44,Conflict-aware,rule alignment,0.28194648452164106
5,44,Conflict-aware,total,0.2618815996565851
5,45,Conflict-aware,citation,0.30136666218129415
5,45,Conflict-aware,reasoning,0.2653151797273732
5,45,Conflict-aware,verdict,0.22525430039891645
5,45,Conflict-aware,rule alignment,0.26824507690116167
5,45,Conflict-aware,total,0.2648988099434969
5,46,Conflict-aware,citation,0.2786297639164994
5,46,Conflict-aware,reasoning,0.25318454184381106
5,46,Conflict-aware,verdict,0.2230465327178471
5,46,Conflict-aware,rule alignment,0.2705746427721425
5,46,Conflict-aware,total,0.25548936526615845
5,47,Conflict-aware,citation,0.28114904921422684
5,47,Conflict-aware,reasoning,0.2597167800247538
5,47,Conflict-aware,verdict,0.2202089014691676
5,47,Conflict-aware,rule alignment,0.26531155539428686
5,47,Conflict-aware,total,0.25631683275713213
5,48,Conflict-aware,citation,0.27811890756419233
5,48,Conflict-aware,reasoning,0.2418099808196154
5,48,Conflict-aware,verdict,0.21983306891210352
5,48,Conflict-aware,rule alignment,0.2750452144447357
5,48,Conflict-aware,total,0.2520400312539057
5,49,Conflict-aware,citation,0.2816353551312397
5,49,Conflict-aware,reasoning,0.252559000228529
5,49,Conflict-aware,verdict,0.2233056220055817
5,49,Conflict-aware,rule alignment,0.25807807800963867
5,49,Conflict-aware,total,0.25361855995469174
5,50,Conflict-aware,citation,0.2709711133944153
5,50,Conflict-aware,reasoning,0.24025287964062358
5,50,Conflict-aware,verdict,0.2166463014456013
5,50,Conflict-aware,rule alignment,0.26565946336650853
5,50,Conflict-aware,total,0.24711211027549293
5,51,Conflict-aware,citation,0.2625154388598764
5,51,Conflict-aware,reasoning,0.23355409206011363
5,51,Conflict-aware,verdict,0.20986596869623395
5,51,Conflict-aware,rule alignment,0.2544434074652601
5,51,Conflict-aware,total,0.2390502610001137
5,52,Conflict-aware,citation,0.2655482598273292
5,52,Conflict-aware,reasoning,0.23227970419990054
5,52,Conflict-aware,verdict,0.20130610277405486
5,52,Conflict-aware,rule alignment,0.25728022371025916
5,52,Conflict-aware,total,0.23785354665236802
5,53,Conflict-aware,citation,0.2551961259173209
5,53,Conflict-aware,reasoning,0.23956990890428864
5,53,Conflict-aware,verdict,0.2017720355507246
5,53,Conflict-aware,rule alignment,0.2453664079112034
5,53,Conflict-aware,total,0.23518629462053864
5,54,Conflict-aware,citation,0.25567040197465796
5,54,Conflict-aware,reasoning,0.23109934846836058
5,54,Conflict-aware,verdict,0.2049913445307031
5,54,Conflict-aware,rule alignment,0.239136474977041
5,54,Conflict-aware,total,0.23232253616225662
5,55,Conflict-aware,citation,0.2570830427889658
5,55,Conflict-aware,reasoning,0.23270240426465624
5,55,Conflict-aware,verdict,0.20154954502666156
5,55,Conflict-aware,rule alignment,0.24041943085696482
5,55,Conflict-aware,total,0.2325527544046967
5,56,Conflict-aware,citation,0.24706544462940316
5,56,Conflict-aware,reasoning,0.2292560329230829
5,56,Conflict-aware,verdict,0.20463523597053224
5,56,Conflict-aware,rule alignment,0.23049981472158923
5,56,Conflict-aware,total,0.22780194297122655
5,57,Conflict-aware,citation,0.2634490675244045
5,57,Conflict-aware,reasoning,0.22808066648214542
5,57,Conflict-aware,verdict,0.20340612403100028
5,57,Conflict-aware,rule alignment,0.22820438518900368
5,57,Conflict-aware,total,0.23077887487129556
5,58,Conflict-aware,citation,0.26004333309930977
5,58,Conflict-aware,reasoning,0.22339562223549356
5,58,Conflict-aware,verdict,0.20478254954255606
5,58,Conflict-aware,rule alignment,0.23211088995313345
5,58,Conflict-aware,total,0.22964733532174122
5,59,Conflict-aware,citation,0.2553342072371178
5,59,Conflict-aware,reasoning,0.2214073856563985
5,59,Conflict-aware,verdict,0.2014775153348342
5,59,Conflict-aware,rule alignment,0.23568663595421033
5,59,Conflict-aware,total,0.22776247353074963
5,60,Conflict-aware,citation,0.25831592626395755
5,60,Conflict-aware,reasoning,0.21983846990277436
5,60,Conflict-aware,verdict,0.21258394922266685
5,60,Conflict-aware,rule alignment,0.23237232078361095
5,60,Conflict-aware,total,0.23015097399921058
5,61,Conflict-aware,citation,0.26038738969200226
5,61,Conflict-aware,reasoning,0.2206480620346852
5,61,Conflict-aware,verdict,0.19611052849184843
5,61,Conflict-aware,rule alignment,0.22565388455129265
5,61,Conflict-aware,total,0.22544967506662678
5,62,Conflict-aware,citation,0.2439204039908378
5,62,Conflict-aware,reasoning,0.22335863530794237
5,62,Conflict-aware,verdict,0.20131945660988812
5,62,Conflict-aware,rule alignment,0.22066634762909118
5,62,Conflict-aware,total,0.22245082526838245
5,63,Conflict-aware,citation,0.232183921858038
5,63,Conflict-aware,reasoning,0.21185748951185185
5,63,Conflict-aware,verdict,0.19493914578194504
5,63,Conflict-aware,rule alignment,0.21867521585130884
5,63,Conflict-aware,total,0.2140730569338131
5,64,Conflict-aware,citation,0.23874277143529307
5,64,Conflict-aware,reasoning,0.21427874530646504
5,64,Conflict-aware,verdict,0.19106916670665067
5,64,Conflict-aware,rule alignment,0.22104200459952159
5,64,Conflict-aware,total,0.21594500904732977
5,65,Conflict-aware,citation,0.24517421840619164
5,65,Conflict-aware,reasoning,0.21569097225345235
5,65,Conflict-aware,verdict,0.19791662891543418
5,65,Conflict-aware,rule alignment,0.23043532171782613
5,65,Conflict-aware,total,0.2215670678500074
5,66,Conflict-aware,citation,0.24392436449581387
5,66,Conflict-aware,reasoning,0.20399096230495228
5,66,Conflict-aware,verdict,0.17908956014576313
5,66,Conflict-aware,rule alignment,0.21566138059862539
5,66,Conflict-aware,total,0.21008304597160501
5,67,Conflict-aware,citation,0.23124106520505175
5,67,Conflict-aware,reasoning,0.21392789182229544
5,67,Conflict-aware,verdict,0.19355440876957947
5,67,Conflict-aware,rule alignment,0.22219424025116669
5,67,Conflict-aware,total,0.21481608409057978
5,68,Conflict-aware,citation,0.24356522823658375
5,68,Conflict-aware,reasoning,0.20796678117253953
5,68,Conflict-aware,verdict,0.1910272375376495
5,68,Conflict-aware,rule alignment,0.22160111885970435
5,68,Conflict-aware,total,0.21535837456726104
5,69,Conflict-aware,citation,0.22423947787080495
5,69,Conflict-aware,reasoning,0.21015930661049625
5,69,Conflict-aware,verdict,0.17164285618700176
5,69,Conflict-aware,rule alignment,0.21534190943290316
5,69,Conflict-aware,total,0.2050867573841812
5,70,Conflict-aware,citation,0.23374386754160026
5,70,Conflict-aware,reasoning,0.19891230955617728
5,70,Conflict-aware,verdict,0.18269049868354534
5,70,Conflict-aware,rule alignment,0.215239092014835
5,70,Conflict-aware,total,0.2068301028261066
5,71,Conflict-aware,citation,0.225792623847511
5,71,Conflict-aware,reasoning,0.21078722868822672
5,71,Conflict-aware,verdict,0.18275124410307017
5,71,Conflict-aware,rule alignment,0.21161816523106783
5,71,Conflict-aware,total,0.20769576864032688
5,72,Conflict-aware,citation,0.2235632216975443
5,72,Conflict-aware,reasoning,0.20557754337114623
5,72,Conflict-aware,verdict,0.1802304365631458
5,72,Conflict-aware,rule alignment,0.20081084235898555
5,72,Conflict-aware,total,0.2027838460483135
5,73,Conflict-aware,citation,0.22452814042110653
5,73,Conflict-aware,reasoning,0.200719849920669
5,73,Conflict-aware,verdict,0.18742267383417402
5,73,Conflict-aware,rule alignment,0.2175355993849698
5,73,Conflict-aware,total,0.2067107784170148
5,74,Conflict-aware,citation,0.2199537738167331
5,74,Conflict-aware,reasoning,0.18988436982113532
5,74,Conflict-aware,verdict,0.1890997696308036
5,74,Conflict-aware,rule alignment,0.19193741041103418
5,74,Conflict-aware,total,0.1976161788904316
5,75,Conflict-aware,citation,0.215081486894789
5,75,Conflict-aware,reasoning,0.1890781471865786
5,75,Conflict-aware,verdict,0.18567395695969838
5,75,Conflict-aware,rule alignment,0.199901988860743
5,75,Conflict-aware,total,0.19689270289174401
5,76,Conflict-aware,citation,0.22417298040270303
5,76,Conflict-aware,reasoning,0.18367513368509428
5,76,Conflict-aware,verdict,0.18289474100028835
5,76,Conflict-aware,rule alignment,0.1942699166817126
5,76,Conflict-aware,total,0.19572345379261866
5,77,Conflict-aware,citation,0.2211997270503364
5,77,Conflict-aware,reasoning,0.19713042984447907
5,77,Conflict-aware,verdict,0.17713891545045518
5,77,Conflict-aware,rule alignment,0.2076061759152627
5,77,Conflict-aware,total,0.20024502476159414
5,78,Conflict-aware,citation,0.215738480903047
5,78,Conflict-aware,reasoning,0.18598484319075115
5,78,Conflict-aware,verdict,0.16430061542031987
5,78,Conflict-aware,rule alignment,0.1976379046508232
5,78,Conflict-aware,total,0.1903328079682317
5,79,Conflict-aware,citation,0.21761267900292663
5,79,Conflict-aware,reasoning,0.19182812538387234
5,79,Conflict-aware,verdict,0.17474337024663025
5,79,Conflict-aware,rule alignment,0.20100772825457155
5,79,Conflict-aware,total,0.19583899557846524
5,80,Conflict-aware,citation,0.20277458585145086
5,80,Conflict-aware,reasoning,0.20010736584927832
5,80,Conflict-aware,verdict,0.16882224284760966
5,80,Conflict-aware,rule alignment,0.19197521929350814
5,80,Conflict-aware,total,0.19132646078825027
5,81,Conflict-aware,citation,0.2037293150992873
5,81,Conflict-aware,reasoning,0.20352810194241303
5,81,Conflict-aware,verdict,0.17679159424783156
5,81,Conflict-aware,rule alignment,0.19115849840636207
5,81,Conflict-aware,total,0.19442035760077603
5,82,Conflict-aware,citation,0.19964949550652442
5,82,Conflict-aware,reasoning,0.18835381141628632
5,82,Conflict-aware,verdict,0.17260538695598526
5,82,Conflict-aware,rule alignment,0.20065451344305615
5,82,Conflict-aware,total,0.18970076672912456
5,83,Conflict-aware,citation,0.2010667063850642
5,83,Conflict-aware,reasoning,0.17921490735672949
5,83,Conflict-aware,verdict,0.17307633368549327
5,83,Conflict-aware,rule alignment,0.18138458276480923
5,83,Conflict-aware,total,0.18357714877762005
5,84,Conflict-aware,citation,0.20580716252241985
5,84,Conflict-aware,reasoning,0.18645166263367857
5,84,Conflict-aware,verdict,0.15541832101008218
5,84,Conflict-aware,rule alignment,0.18395487753351314
5,84,Conflict-aware,total,0.1830328451799317
5,85,Conflict-aware,citation,0.2044772297031688
5,85,Conflict-aware,reasoning,0.1863809637800939
5,85,Conflict-aware,verdict,0.1518400594942871
5,85,Conflict-aware,rule alignment,0.18870123658438806
5,85,Conflict-aware,total,0.18273385875026976
5,86,Conflict-aware,citation,0.20531308633851417
5,86,Conflict-aware,reasoning,0.18097581281765743
5,86,Conflict-aware,verdict,0.1694198112310222
5,86,Conflict-aware,rule alignment,0.19153336999499027
5,86,Conflict-aware,total,0.1862826422366794
5,87,Conflict-aware,citation,0.2060009873464955
5,87,Conflict-aware,reasoning,0.1885327762983933
5,87,Conflict-aware,verdict,0.17333834083075603
5,87,Conflict-aware,rule alignment,0.19813229682571745
5,87,Conflict-aware,total,0.19102112429897436
5,88,Conflict-aware,citation,0.19702056618904226
5,88,Conflict-aware,reasoning,0.1750226446266629
5,88,Conflict-aware,verdict,0.15747522467997416
5,88,Conflict-aware,rule alignment,0.19100146525513165
5,88,Conflict-aware,total,0.17933103415627932
5,89,Conflict-aware,citation,0.18419673931677422
5,89,Conflict-aware,reasoning,0.1762638488530399
5,89,Conflict-aware,verdict,0.16437850322704897
5,89,Conflict-aware,rule alignment,0.18039445887553357
5,89,Conflict-aware,total,0.17610185706697445
5,90,Conflict-aware,citation,0.18235755030795414
5,90,Conflict-aware,reasoning,0.17022284485352734
5,90,Conflict-aware,verdict,0.15011747238122752
5,90,Conflict-aware,rule alignment,0.18493200543483013
5,90,Conflict-aware,total,0.17117201021531964
5,91,Conflict-aware,citation,0.20666470655615396
5,91,Conflict-aware,reasoning,0.1799897191583461
5,91,Conflict-aware,verdict,0.17071556058755533
5,91,Conflict-aware,rule alignment,0.18080605122970791
5,91,Conflict-aware,total,0.18450319277937272
5,92,Conflict-aware,citation,0.1901762958240146
5,92,Conflict-aware,reasoning,0.1755188016445899
5,92,Conflict-aware,verdict,0.16246969034890807
5,92,Conflict-aware,rule alignment,0.18121516741151067
5,92,Conflict-aware,total,0.17706017051890977
5,93,Conflict-aware,citation,0.19595357869991772
5,93,Conflict-aware,reasoning,0.17660214631509477
5,93,Conflict-aware,verdict,0.15562219318010528
5,93,Conflict-aware,rule alignment,0.18001947584044303
5,93,Conflict-aware,total,0.1768784820326228
5,94,Conflict-aware,citation,0.18118098669379534
5,94,Conflict-aware,reasoning,0.16917003066480876
5,94,Conflict-aware,verdict,0.17246556632958426
5,94,Conflict-aware,rule alignment,0.1738355459100271
5,94,Conflict-aware,total,0.17392975663729296
5,95,Conflict-aware,citation,0.18565360175811907
5,95,Conflict-aware,reasoning,0.1669236722483211
5,95,Conflict-aware,verdict,0.15639495996406658
5,95,Conflict-aware,rule alignment,0.17152738032402318
5,95,Conflict-aware,total,0.1698947181698474
5,96,Conflict-aware,citation,0.1900802373133231
5,96,Conflict-aware,reasoning,0.1739264709274762
5,96,Conflict-aware,verdict,0.16774476178773196
5,96,Conflict-aware,rule alignment,0.17215610294764844
5,96,Conflict-aware,total,0.1760654116430363
5,97,Conflict-aware,citation,0.19120785018098602
5,97,Conflict-aware,reasoning,0.16775963246937622
5,97,Conflict-aware,verdict,0.16011507799783897
5,97,Conflict-aware,rule alignment,0.1740673138141343
5,97,Conflict-aware,total,0.17297208454834595
5,98,Conflict-aware,citation,0.18846312207145458
5,98,Conflict-aware,reasoning,0.16780768747596383
5,98,Conflict-aware,verdict,0.1556182616281924
5,98,Conflict-aware,rule alignment,0.16146977487484182
5,98,Conflict-aware,total,0.16865660714266925
5,99,Conflict-aware,citation,0.1726580514448897
5,99,Conflict-aware,reasoning,0.176749537275552
5,99,Conflict-aware,verdict,0.15615858826039022
5,99,Conflict-aware,rule alignment,0.165391682588578
5,99,Conflict-aware,total,0.16830735762670118
5,100,Conflict-aware,citation,0.1739828683575937
5,100,Conflict-aware,reasoning,0.16367674819872913
5,100,Conflict-aware,verdict,0.16341891811107997
5,100,Conflict-aware,rule alignment,0.17938692452262608
5,100,Conflict-aware,total,0.16933085598131237
5,1,Full framework,citation,0.41035310840281686
5,1,Full framework,reasoning,0.3546978017135296
5,1,Full framework,verdict,0.3049408937878252
5,1,Full framework,rule alignment,0.3661578021891613
5,1,Full framework,total,0.35846440149955167
5,2,Full framework,citation,0.4073955500316072
5,2,Full framework,reasoning,0.3472176589426515
5,2,Full framework,verdict,0.2945206150366217
5,2,Full framework,rule alignment,0.36248181440910043
5,2,Full framework,total,0.3521407018316728
5,3,Full framework,citation,0.39944129013875024
5,3,Full framework,reasoning,0.33133099227708784
5,3,Full framework,verdict,0.3100066178181774
5,3,Full framework,rule alignment,0.3534130807771997
5,3,Full framework,total,0.34744389082779814
5,4,Full framework,citation,0.38954680810929804
5,4,Full framework,reasoning,0.32953924204276874
5,4,Full framework,verdict,0.2916990565452543
5,4,Full framework,rule alignment,0.3493724717222822
5,4,Full framework,total,0.3390477331209252
5,5,Full framework,citation,0.386895490178197
5,5,Full framework,reasoning,0.33827210403999425
5,5,Full framework,verdict,0.2945626960705155
5,5,Full framework,rule alignment,0.3543941621830557
5,5,Full framework,total,0.34272501021078755
5,6,Full framework,citation,0.37829070676723625
5,6,Full framework,reasoning,0.3220520368764559
5,6,Full framework,verdict,0.2941629590626124
5,6,Full framework,rule alignment,0.3525788963317286
5,6,Full framework,total,0.3352448067867447
5,7,Full framework,citation,0.37680546523291697
5,7,Full framework,reasoning,0.3403903751845156
5,7,Full framework,verdict,0.2965903514712129
5,7,Full framework,rule alignment,0.34957027991014156
5,7,Full framework,total,0.34038012271341545
5,8,Full framework,citation,0.3759034250300425
5,8,Full framework,reasoning,0.3254716089856665
5,8,Full framework,verdict,0.2988369875352266
5,8,Full framework,rule alignment,0.3340898852538983
5,8,Full framework,total,0.3331445628877969
5,9,Full framework,citation,0.3799494459694885
5,9,Full framework,reasoning,0.3370294542794469
5,9,Full framework,verdict,0.28528475433487777
5,9,Full framework,rule alignment,0.32167649843573065
5,9,Full framework,total,0.33175268604707175
5,10,Full framework,citation,0.371046923804046
5,10,Full framework,reasoning,0.3193927368927049
5,10,Full framework,verdict,0.2767909980082269
5,10,Full framework,rule alignment,0.3380748743798818
5,10,Full framework,total,0.3253922763968561
5,11,Full framework,citation,0.3678265014553522
5,11,Full framework,reasoning,0.3100727913978123
5,11,Full framework,verdict,0.27818740126664104
5,11,Full framework,rule alignment,0.3228643008709619
5,11,Full framework,total,0.3190981732740344
5,12,Full framework,citation,0.36488463852618014
5,12,Full framework,reasoning,0.3045959170587011
5,12,Full framework,verdict,0.26950796294862805
5,12,Full framework,rule alignment,0.3138860802177093
5,12,Full framework,total,0.31275414152985426
5,13,Full framework,citation,0.35970169526496854
5,13,Full framework,reasoning,0.3046228794096656
5,13,Full framework,verdict,0.27378176763616713
5,13,Full framework,rule alignment,0.31176765186691985
5,13,Full framework,total,0.3121112599215676
5,14,Full framework,citation,0.3561629408907761
5,14,Full framework,reasoning,0.31860025811965553
5,14,Full framework,verdict,0.26938268984961844
5,14,Full framework,rule alignment,0.32400921461668064
5,14,Full framework,total,0.3167683280443314
5,15,Full framework,citation,0.33736833831425284
5,15,Full framework,reasoning,0.2983091630380001
5,15,Full framework,verdict,0.2665951387921089
5,15,Full framework,rule alignment,0.31474503219135813
5,15,Full framework,total,0.3034326246262621
5,16,Full framework,citation,0.34129110018293857
5,16,Full framework,reasoning,0.3131460978720237
5,16,Full framework,verdict,0.2637633924921305
5,16,Full framework,rule alignment,0.3266165740582093
5,16,Full framework,total,0.31053076734201623
5,17,Full framework,citation,0.3417249068421629
5,17,Full framework,reasoning,0.29988493593469356
5,17,Full framework,verdict,0.2592728812247153
5,17,Full framework,rule alignment,0.31968045470008555
5,17,Full framework,total,0.30415101873714473
5,18,Full framework,citation,0.33702383209047543
5,18,Full framework,reasoning,0.28930202359021406
5,18,Full framework,verdict,0.26766588945880704
5,18,Full framework,rule alignment,0.3123205158605079
5,18,Full framework,total,0.30042714063648646
5,19,Full framework,citation,0.33392287936437176
5,19,Full framework,reasoning,0.29018719384748004
5,19,Full framework,verdict,0.2692011818498014
5,19,Full framework,rule alignment,0.30726167605575555
5,19,Full framework,total,0.29928950866893844
5,20,Full framework,citation,0.33372232180042255
5,20,Full framework,reasoning,0.2815663913726084
5,20,Full framework,verdict,0.26406053003695695
5,20,Full framework,rule alignment,0.29815599795129566
5,20,Full framework,total,0.29354682996138654
5,21,Full framework,citation,0.3340699327826568
5,21,Full framework,reasoning,0.2903351226466948
5,21,Full framework,verdict,0.25940866838808035
5,21,Full framework,rule alignment,0.3003105445439126
5,21,Full framework,total,0.29553229599547526
5,22,Full framework,citation,0.32949469184375824
5,22,Full framework,reasoning,0.2882210241108061
5,22,Full framework,verdict,0.2471939953428308
5,22,Full framework,rule alignment,0.28805084361663125
5,22,Full framework,total,0.28824864775321535
5,23,Full framework,citation,0.33028873283647076
5,23,Full framework,reasoning,0.26843777894601545
5,23,Full framework,verdict,0.24245948267195042
5,23,Full framework,rule alignment,0.2965020814266916
5,23,Full framework,total,0.2830188038462482
5,24,Full framework,citation,0.3199455039200775
5,24,Full framework,reasoning,0.28973221340498617
5,24,Full framework,verdict,0.24786854838565447
5,24,Full framework,rule alignment,0.28344617834270663
5,24,Full framework,total,0.28556241276647015
5,25,Full framework,citation,0.3171207337453132
5,25,Full framework,reasoning,0.2735201635787549
5,25,Full framework,verdict,0.24678697432060123
5,25,Full framework,rule alignment,0.28409629804559233
5,25,Full framework,total,0.2798522356992236
5,26,Full framework,citation,0.31725342026977277
5,26,Full framework,reasoning,0.26880773193015695
5,26,Full framework,verdict,0.24277495790915285
5,26,Full framework,rule alignment,0.2898436729535767
5,26,Full framework,total,0.2786181487144938
5,27,Full framework,citation,0.31852459955443235
5,27,Full framework,reasoning,0.26990421307493073
5,27,Full framework,verdict,0.25142665737607434
5,27,Full framework,rule alignment,0.28883133663242244
5,27,Full framework,total,0.2812253454815904
5,28,Full framework,citation,0.30861630033793075
5,28,Full framework,reasoning,0.2641287199466514
5,28,Full framework,verdict,0.2421034781792004
5,28,Full framework,rule alignment,0.2664128075866878
5,28,Full framework,total,0.27020112213061576
5,29,Full framework,citation,0.2933888817835717
5,29,Full framework,reasoning,0.2605417317183479
5,29,Full framework,verdict,0.22595343611070595
5,29,Full framework,rule alignment,0.2969487366665318
5,29,Full framework,total,0.2673878463223801
5,30,Full framework,citation,0.29377504972861884
5,30,Full framework,reasoning,0.2699607485416979
5,30,Full framework,verdict,0.24279535021406612
5,30,Full framework,rule alignment,0.2712462802631649
5,30,Full framework,total,0.2693800806008136
5,31,Full framework,citation,0.2831831125183262
5,31,Full framework,reasoning,0.2612316561615447
5,31,Full framework,verdict,0.24655122028991022
5,31,Full framework,rule alignment,0.2704857936909648
5,31,Full framework,total,0.2649002387887155
5,32,Full framework,citation,0.2975775019384982
5,32,Full framework,reasoning,0.2616262049916099
5,32,Full framework,verdict,0.22658755603116976
5,32,Full framework,rule alignment,0.25451794723494175
5,32,Full framework,total,0.2604327154368883
5,33,Full framework,citation,0.2867254774137408
5,33,Full framework,reasoning,0.26590838135046335
5,33,Full framework,verdict,0.23762810708742244
5,33,Full framework,rule alignment,0.2615123145070799
5,33,Full framework,total,0.2631633734318458
5,34,Full framework,citation,0.3099720043271791
5,34,Full framework,reasoning,0.25842125510117664
5,34,Full framework,verdict,0.23314959710349284
5,34,Full framework,rule alignment,0.2632368720146421
5,34,Full framework,total,0.2659541512909494
5,35,Full framework,citation,0.28600328574921635
5,35,Full framework,reasoning,0.25525888710822286
5,35,Full framework,verdict,0.22548167215489062
5,35,Full framework,rule alignment,0.26658828160640713
5,35,Full framework,total,0.25776656192977504
5,36,Full framework,citation,0.28331656637344993
5,36,Full framework,reasoning,0.24672899130470893
5,36,Full framework,verdict,0.21576379362435968
5,36,Full framework,rule alignment,0.24753168153425076
5,36,Full framework,total,0.24829512369771523
5,37,Full framework,citation,0.26777764396723847
5,37,Full framework,reasoning,0.2547079757884431
5,37,Full framework,verdict,0.22553552527530527
5,37,Full framework,rule alignment,0.2591918619564917
5,37,Full framework,total,0.2515790574384672
5,38,Full framework,citation,0.26927027113369256
5,38,Full framework,reasoning,0.25476344519728206
5,38,Full framework,verdict,0.21851294413797037
5,38,Full framework,rule alignment,0.2667668493102733
5,38,Full framework,total,0.251728207239155
5,39,Full framework,citation,0.27214526476466766
5,39,Full framework,reasoning,0.23454146834590084
5,39,Full framework,verdict,0.2178157222747765
5,39,Full framework,rule alignment,0.2603982463248931
5,39,Full framework,total,0.24493233652860993
5,40,Full framework,citation,0.26872860748443583
5,40,Full framework,reasoning,0.2307253771674338
5,40,Full framework,verdict,0.2133180346518209
5,40,Full framework,rule alignment,0.25754531059082797
5,40,Full framework,total,0.2412383358024599
5,41,Full framework,citation,0.260910619431788
5,41,Full framework,reasoning,0.232590721615647
5,41,Full framework,verdict,0.22006191275532117
5,41,Full framework,rule alignment,0.26020852801113087
5,41,Full framework,total,0.24206205513369758
5,42,Full framework,citation,0.2524236708751243
5,42,Full framework,reasoning,0.23960923178323212
5,42,Full framework,verdict,0.2161018994524117
5,42,Full framework,rule alignment,0.24161132552098996
5,42,Full framework,total,0.2373364272210516
5,43,Full framework,citation,0.2751912697774307
5,43,Full framework,reasoning,0.23250778175564288
5,43,Full framework,verdict,0.2058495049734853
5,43,Full framework,rule alignment,0.23642263960919235
5,43,Full framework,total,0.23729705613626034
5,44,Full framework,citation,0.2550552239645634
5,44,Full framework,reasoning,0.2272836226665675
5,44,Full framework,verdict,0.2138986150550843
5,44,Full framework,rule alignment,0.252618180267547
5,44,Full framework,total,0.2359471826083916
5,45,Full framework,citation,0.2487892102429984
5,45,Full framework,reasoning,0.2314485858459937
5,45,Full framework,verdict,0.20936232822588893
5,45,Full framework,rule alignment,0.23861562972527833
5,45,Full framework,total,0.23169558631607562
5,46,Full framework,citation,0.268171544108917
5,46,Full framework,reasoning,0.2334000509794133
5,46,Full framework,verdict,0.2013445942550746
5,46,Full framework,rule alignment,0.23869876341137322
5,46,Full framework,total,0.23513880256709654
5,47,Full framework,citation,0.25009147490928274
5,47,Full framework,reasoning,0.22006698765793206
5,47,Full framework,verdict,0.2071651091041231
5,47,Full framework,rule alignment,0.2237576042073691
5,47,Full framework,total,0.2250857631422049
5,48,Full framework,citation,0.2548988312830894
5,48,Full framework,reasoning,0.21623445866065213
5,48,Full framework,verdict,0.21918416191555284
5,48,Full framework,rule alignment,0.2394378635437459
5,48,Full framework,total,0.23127865860660538
5,49,Full framework,citation,0.2501809979939145
5,49,Full framework,reasoning,0.23522981712038663
5,49,Full framework,verdict,0.20013241211463756
5,49,Full framework,rule alignment,0.22495934145361562
5,49,Full framework,total,0.22813916595397712
5,50,Full framework,citation,0.25809447599664964
5,50,Full framework,reasoning,0.22382450900445186
5,50,Full framework,verdict,0.20357857298156898
5,50,Full framework,rule alignment,0.21685216870456153
5,50,Full framework,total,0.22593604868680253
5,51,Full framework,citation,0.24591428050412162
5,51,Full framework,reasoning,0.22081165762557875
5,51,Full framework,verdict,0.20992379789276447
5,51,Full framework,rule alignment,0.2321866704719129
5,51,Full framework,total,0.22664035098127772
5,52,Full framework,citation,0.25058679635534997
5,52,Full framework,reasoning,0.20661774722738746
5,52,Full framework,verdict,0.19888819788724368
5,52,Full framework,rule alignment,0.22338807402050334
5,52,Full framework,total,0.2190316875329653
5,53,Full framework,citation,0.23860813290971317
5,53,Full framework,reasoning,0.2262052028886016
5,53,Full framework,verdict,0.2028650022079235
5,53,Full framework,rule alignment,0.22148052746561397
5,53,Full framework,total,0.22252595013911242
5,54,Full framework,citation,0.2396359944247638
5,54,Full framework,reasoning,0.22246963595373287
5,54,Full framework,verdict,0.19282620638003964
5,54,Full framework,rule alignment,0.2183079510917003
5,54,Full framework,total,0.2185180312056608
5,55,Full framework,citation,0.24305798786100566
5,55,Full framework,reasoning,0.19889627830376738
5,55,Full framework,verdict,0.1961627068959809
5,55,Full framework,rule alignment,0.20866401927492356
5,55,Full framework,total,0.21120686103536157
5,56,Full framework,citation,0.23428893418303462
5,56,Full framework,reasoning,0.2202535917844872
5,56,Full framework,verdict,0.18672753416097307
5,56,Full framework,rule alignment,0.22449630532286494
5,56,Full framework,total,0.21622945568592106
5,57,Full framework,citation,0.2243780749055521
5,57,Full framework,reasoning,0.21000483273782922
5,57,Full framework,verdict,0.18760634361412387
5,57,Full framework,rule alignment,0.20579674190171338
5,57,Full framework,total,0.20715690283161045
5,58,Full framework,citation,0.23218438240879807
5,58,Full framework,reasoning,0.20876870718089977
5,58,Full framework,verdict,0.18458441639026482
5,58,Full framework,rule alignment,0.21692425195842732
5,58,Full framework,total,0.21020766224572113
5,59,Full framework,citation,0.23051172760099897
5,59,Full framework,reasoning,0.20871108321975898
5,59,Full framework,verdict,0.18553092113100705
5,59,Full framework,rule alignment,0.21280439482476202
5,59,Full framework,total,0.2091848661138816
5,60,Full framework,citation,0.22567180554872174
5,60,Full framework,reasoning,0.21522837374742526
5,60,Full framework,verdict,0.1840607608084049
5,60,Full framework,rule alignment,0.2110362156496344
5,60,Full framework,total,0.2092088968434361
5,61,Full framework,citation,0.22729362189948246
5,61,Full framework,reasoning,0.20283467901222324
5,61,Full framework,verdict,0.19537702482069766
5,61,Full framework,rule alignment,0.19964992220992323
5,61,Full framework,total,0.20644804982569664
5,62,Full framework,citation,0.21948013907506866
5,62,Full framework,reasoning,0.18931607845213796
5,62,Full framework,verdict,0.18342936280441366
5,62,Full framework,rule alignment,0.20133783572172348
5,62,Full framework,total,0.1977897661498567
5,63,Full framework,citation,0.21221920203506459
5,63,Full framework,reasoning,0.2061228303048971
5,63,Full framework,verdict,0.18122546397637998
5,63,Full framework,rule alignment,0.2072479972758778
5,63,Full framework,total,0.20164761504950582
5,64,Full framework,citation,0.20576913968235375
5,64,Full framework,reasoning,0.18203236211556467
5,64,Full framework,verdict,0.18535876139400112
5,64,Full framework,rule alignment,0.1992512601003857
5,64,Full framework,total,0.19224193592383526
5,65,Full framework,citation,0.22480706726124575
5,65,Full framework,reasoning,0.19427591548367187
5,65,Full framework,verdict,0.17001807970235938
5,65,Full framework,rule alignment,0.1940904153076719
5,65,Full framework,total,0.19580714444753722
5,66,Full framework,citation,0.22287842610190428
5,66,Full framework,reasoning,0.20323817643318573
5,66,Full framework,verdict,0.19178755614177484
5,66,Full framework,rule alignment,0.2015639054001127
5,66,Full framework,total,0.20495072957089802
5,67,Full framework,citation,0.20322854508075586
5,67,Full framework,reasoning,0.18944863108370047
5,67,Full framework,verdict,0.16587442179432377
5,67,Full framework,rule alignment,0.19429568421869453
5,67,Full framework,total,0.18796946788761895
5,68,Full framework,citation,0.20768739680264486
5,68,Full framework,reasoning,0.18647637408156584
5,68,Full framework,verdict,0.17159631142854576
5,68,Full framework,rule alignment,0.1969825212287177
5,68,Full framework,total,0.19016034352801092
5,69,Full framework,citation,0.2089476053301823
5,69,Full framework,reasoning,0.19914137772321452
5,69,Full framework,verdict,0.16760365819961787
5,69,Full framework,rule alignment,0.19665894133436568
5,69,Full framework,total,0.19321201746628755
5,70,Full framework,citation,0.2046986234333038
5,70,Full framework,reasoning,0.18751797214116786
5,70,Full framework,verdict,0.16921139899278997
5,70,Full framework,rule alignment,0.18743219654736856
5,70,Full framework,total,0.1872193365583475
5,71,Full framework,citation,0.21214020238160136
5,71,Full framework,reasoning,0.1814815628200036
5,71,Full framework,verdict,0.1824334964795288
5,71,Full framework,rule alignment,0.18608216461055277
5,71,Full framework,total,0.19030432648339415
5,72,Full framework,citation,0.20330565389573146
5,72,Full framework,reasoning,0.1862431647742053
5,72,Full framework,verdict,0.17769671649973742
5,72,Full framework,rule alignment,0.18693504901851277
5,72,Full framework,total,0.18851055183483134
5,73,Full framework,citation,0.21534786356803773
5,73,Full framework,reasoning,0.18092444191920926
5,73,Full framework,verdict,0.1667330599765698
5,73,Full framework,rule alignment,0.18496313978675474
5,73,Full framework,total,0.1867901914192656
5,74,Full framework,citation,0.20283244725518104
5,74,Full framework,reasoning,0.17578578849966664
5,74,Full framework,verdict,0.16787331241399128
5,74,Full framework,rule alignment,0.18373630441218
5,74,Full framework,total,0.18215943734962908
5,75,Full framework,citation,0.17808912843042474
5,75,Full framework,reasoning,0.17866490351544403
5,75,Full framework,verdict,0.15449309912862239
5,75,Full framework,rule alignment,0.19048754920210678
5,75,Full framework,total,0.17484253778481634
5,76,Full framework,citation,0.20532409034929452
5,76,Full framework,reasoning,0.17694458615026673
5,76,Full framework,verdict,0.16668562990512667
5,76,Full framework,rule alignment,0.1941514617606901
5,76,Full framework,total,0.18491609826082334
5,77,Full framework,citation,0.1963838610654194
5,77,Full framework,reasoning,0.18255364029966492
5,77,Full framework,verdict,0.15849518595217083
5,77,Full framework,rule alignment,0.19230521865583977
5,77,Full framework,total,0.18194689757546498
5,78,Full framework,citation,0.19627047615589885
5,78,Full framework,reasoning,0.17142506404748112
5,78,Full framework,verdict,0.16474833876207604
5,78,Full framework,rule alignment,0.20073855947058944
5,78,Full framework,total,0.18182993483785595
5,79,Full framework,citation,0.1975983390781132
5,79,Full framework,reasoning,0.1878753591795789
5,79,Full framework,verdict,0.16359752066850397
5,79,Full framework,rule alignment,0.18259755241259062
5,79,Full framework,total,0.1831810831730461
5,80,Full framework,citation,0.19265692808869167
5,80,Full framework,reasoning,0.19816283434340093
5,80,Full framework,verdict,0.15648173375099414
5,80,Full framework,rule alignment,0.18261529384887798
5,80,Full framework,total,0.18325657453271732
5,81,Full framework,citation,0.17438980775041166
5,81,Full framework,reasoning,0.16297559434597886
5,81,Full framework,verdict,0.16011009840253748
5,81,Full framework,rule alignment,0.17519699006084338
5,81,Full framework,total,0.1675570528541996
5,82,Full framework,citation,0.18822021693711552
5,82,Full framework,reasoning,0.18214148894983292
5,82,Full framework,verdict,0.16562175027466006
5,82,Full framework,rule alignment,0.18021358854392489
5,82,Full framework,total,0.17914565619667874
5,83,Full framework,citation,0.1918476337093081
5,83,Full framework,reasoning,0.17842363821715132
5,83,Full framework,verdict,0.15966569341112127
5,83,Full framework,rule alignment,0.18204329160152447
5,83,Full framework,total,0.17781408156555764
5,84,Full framework,citation,0.18520219393683912
5,84,Full framework,reasoning,0.17404120390295427
5,84,Full framework,verdict,0.15624710042565257
5,84,Full framework,rule alignment,0.18767206972091244
5,84,Full framework,total,0.17510909870569172
5,85,Full framework,citation,0.19048714625986254
5,85,Full framework,reasoning,0.1798029988216104
5,85,Full framework,verdict,0.1372606992262481
5,85,Full framework,rule alignment,0.1696922040527496
5,85,Full framework,total,0.1698163018285607
5,86,Full framework,citation,0.1831759637459585
5,86,Full framework,reasoning,0.16601070256866077
5,86,Full framework,verdict,0.16037016452834535
5,86,Full framework,rule alignment,0.1649579679173672
5,86,Full framework,total,0.16868133642264763
5,87,Full framework,citation,0.18404864291429354
5,87,Full framework,reasoning,0.17384068307638165
5,87,Full framework,verdict,0.157765983796669
5,87,Full framework,rule alignment,0.16404286569500162
5,87,Full framework,total,0.17041443473965545
5,88,Full framework,citation,0.18432788745128084
5,88,Full framework,reasoning,0.17028213591454242
5,88,Full framework,verdict,0.15117138709111627
5,88,Full framework,rule alignment,0.1692111472392879
5,88,Full framework,total,0.1688016888578196
5,89,Full framework,citation,0.18781879597705878
5,89,Full framework,reasoning,0.16448171771574938
5,89,Full framework,verdict,0.1499024074929495
5,89,Full framework,rule alignment,0.17788338689479014
5,89,Full framework,total,0.16935149356118492
5,90,Full framework,citation,0.17775847992221375
5,90,Full framework,reasoning,0.16578580528899578
5,90,Full framework,verdict,0.15202472541643483
5,90,Full framework,rule alignment,0.1628929758291402
5,90,Full framework,total,0.16476013808718892
5,91,Full framework,citation,0.17474404428155374
5,91,Full framework,reasoning,0.1604947475481162
5,91,Full framework,verdict,0.14284285820363585
5,91,Full framework,rule alignment,0.17315845515225925
5,91,Full framework,total,0.16217684091618412
5,92,Full framework,citation,0.16955176295372706
5,92,Full framework,reasoning,0.15968949741435184
5,92,Full framework,verdict,0.14688170808287127
5,92,Full framework,rule alignment,0.17012507943887045
5,92,Full framework,total,0.16104023287122923
5,93,Full framework,citation,0.1746015117044255
5,93,Full framework,reasoning,0.16124014145610271
5,93,Full framework,verdict,0.1475790829974744
5,93,Full framework,rule alignment,0.1706712493609232
5,93,Full framework,total,0.16305144098449043
5,94,Full framework,citation,0.16844414400874863
5,94,Full framework,reasoning,0.1656208243744846
5,94,Full framework,verdict,0.14563080737141415
5,94,Full framework,rule alignment,0.16422646456433757
5,94,Full framework,total,0.16105027807025363
5,95,Full framework,citation,0.18167457414883342
5,95,Full framework,reasoning,0.1498599868135653
5,95,Full framework,verdict,0.1461114067291901
5,95,Full framework,rule alignment,0.16473066431396335
5,95,Full framework,total,0.15985062412636813
5,96,Full framework,citation,0.17137734155618473
5,96,Full framework,reasoning,0.16037999052486598
5,96,Full framework,verdict,0.13848321221515617
5,96,Full framework,rule alignment,0.16197271944879302
5,96,Full framework,total,0.15797367949005361
5,97,Full framework,citation,0.16823168447061917
5,97,Full framework,reasoning,0.16520419342489628
5,97,Full framework,verdict,0.15906615995277293
5,97,Full framework,rule alignment,0.15812194406621963
5,97,Full framework,total,0.16301010794656084
5,98,Full framework,citation,0.16859012177376886
5,98,Full framework,reasoning,0.15853409137877325
5,98,Full framework,verdict,0.1455429181911383
5,98,Full framework,rule alignment,0.16591378127777526
5,98,Full framework,total,0.15927624366041382
5,99,Full framework,citation,0.16913381227016003
5,99,Full framework,reasoning,0.14599007319378102
5,99,Full framework,verdict,0.1431035409902915
5,99,Full framework,rule alignment,0.16916263293273476
5,99,Full framework,total,0.15568888685979415
5,100,Full framework,citation,0.15672327313014553
5,100,Full framework,reasoning,0.1664120676508256
5,100,Full framework,verdict,0.14947226872625355
5,100,Full framework,rule alignment,0.14703825519563235
5,100,Full framework,total,0.15588015679847395
