seed,round,method,legal_accuracy,client_drift,cumulative_communication_mb
1,1,FedAvg,0.537145917322553,0.3686109031416887,23.37719733822284
1,2,FedAvg,0.5418627042933367,0.36308312742075766,46.11370653129985
1,3,FedAvg,0.5395590872885462,0.3485594827305663,69.65232507983717
1,4,FedAvg,0.5382492778065527,0.34401542885468295,91.27165539734142
1,5,FedAvg,0.55018294056717,0.3378315504268882,113.98101011100043
1,6,FedAvg,0.5589235617899475,0.3354298069803452,136.4425465735383
1,7,FedAvg,0.5590976990618292,0.3264933663790867,159.0886561913738
1,8,FedAvg,0.5607332695073601,0.3213062585446296,183.3774362969292
1,9,FedAvg,0.5649542213204742,0.3168354728040047,206.68727171096427
1,10,FedAvg,0.5672013722249812,0.30805698722837227,229.18744440949496
1,11,FedAvg,0.5695722503683122,0.30506976267750774,252.94002517887284
1,12,FedAvg,0.569386005130037,0.29700580912429136,276.04055584421053
1,13,FedAvg,0.5782472518956777,0.2928952018522918,298.5792344702347
1,14,FedAvg,0.5770385514434162,0.28796712337817604,321.79311390033257
1,15,FedAvg,0.5860132568787124,0.27938919224701664,344.85791534568153
1,16,FedAvg,0.5907582839466712,0.27302876489276434,366.9557126035728
1,17,FedAvg,0.5896669522470168,0.27831483254478834,390.5543131057105
1,18,FedAvg,0.5892506329488298,0.2674194269594754,412.67559527406956
1,19,FedAvg,0.5955528074675029,0.2633673270956626,436.61829781033634
1,20,FedAvg,0.5889034313256536,0.2618459320821065,460.4459591007784
1,21,FedAvg,0.6003063001228808,0.2558787695758575,482.69593590189737
1,22,FedAvg,0.5998765757667688,0.24830256498763442,507.9882796583047
1,23,FedAvg,0.5986191408992251,0.24698598322881843,527.9304333760016
1,24,FedAvg,0.6066964376567923,0.23562038959394918,551.2104034507307
1,25,FedAvg,0.6076160580209827,0.23696784284612032,575.2114127881995
1,26,FedAvg,0.6052503055587286,0.23171525116351857,598.2993953338239
1,27,FedAvg,0.6132593351124567,0.22841384577053603,620.9752486618981
1,28,FedAvg,0.6085810017422221,0.21981396302628234,643.8504157556259
1,29,FedAvg,0.612219287216605,0.22212596337680482,666.0893130522957
1,30,FedAvg,0.6111816632794048,0.21326029272627556,688.89423516475
1,31,FedAvg,0.6138221581362066,0.21039704434356615,711.4385461801768
1,32,FedAvg,0.6133052002620593,0.20485194193019368,735.4602590381938
1,33,FedAvg,0.6140847836180884,0.20640920860802414,757.4799889949555
1,34,FedAvg,0.6232146047415213,0.19640991760694498,783.9110638191339
1,35,FedAvg,0.6258363226959004,0.2007820464692567,805.7184112572305
1,36,FedAvg,0.6221023624547137,0.19261946987204745,829.246712168835
1,37,FedAvg,0.628715846657954,0.19907619494281992,851.2181437002614
1,38,FedAvg,0.6254418317215874,0.19224738723933332,874.2806461701364
1,39,FedAvg,0.6284508268255784,0.18961951219457757,897.9978133198812
1,40,FedAvg,0.6277820857976905,0.1878638837215257,918.3255350205253
1,41,FedAvg,0.6282528426708343,0.18823363631272114,943.2554520296128
1,42,FedAvg,0.6258044872973121,0.17926372355241627,964.2245725537888
1,43,FedAvg,0.6277591490990073,0.1836317484273065,989.7777390928966
1,44,FedAvg,0.6327345150960676,0.1714898339733022,1012.4412573828491
1,45,FedAvg,0.6369906660145933,0.17060601982123103,1035.692416596101
1,46,FedAvg,0.6323626634489653,0.1720057737531733,1057.3229441007172
1,47,FedAvg,0.6303994016810888,0.16126894236762906,1080.6986337803366
1,48,FedAvg,0.638125019307529,0.16644431140292432,1104.1023633587688
1,49,FedAvg,0.6348253895498295,0.16019157246817742,1126.5372612817487
1,50,FedAvg,0.6378350637842327,0.15839913081676096,1151.5283669790397
1,51,FedAvg,0.64666766989206,0.15269844458574103,1173.8794022762545
1,52,FedAvg,0.6421558865311362,0.15089519621479872,1196.2067542827076
1,53,FedAvg,0.6346776377647001,0.14738927611762415,1218.5010652186104
1,54,FedAvg,0.6386142719458952,0.14912456368245977,1240.922914701648
1,55,FedAvg,0.6423142660647315,0.14811054175459293,1265.1947697862902
1,56,FedAvg,0.6400881132269759,0.1477059533419634,1287.778454421743
1,57,FedAvg,0.6426177721886116,0.14220521383341445,1308.0618480789622
1,58,FedAvg,0.6485549948698497,0.13818313158329892,1334.2823406347827
1,59,FedAvg,0.6456601644832877,0.13735505795396175,1356.4464509755094
1,60,FedAvg,0.6459349763681602,0.1346255106136569,1382.7065123388097
1,61,FedAvg,0.6449431498784022,0.13039317405508463,1403.5634743591136
1,62,FedAvg,0.6486366906499988,0.13713317348936008,1425.8855989886688
1,63,FedAvg,0.6389283023070271,0.1330292767001808,1449.5913978123144
1,64,FedAvg,0.642902537420198,0.13062559729948206,1471.2232171778178
1,65,FedAvg,0.6527192597869114,0.1319787525853849,1495.2276984687678
1,66,FedAvg,0.6469826302510554,0.12511413270911617,1519.0180769723372
1,67,FedAvg,0.6470724587678931,0.12592302660684687,1541.8168973482493
1,68,FedAvg,0.646979735989229,0.12325113596873193,1563.1007500658695
1,69,FedAvg,0.649354814138193,0.1187095149289492,1587.8872668371107
1,70,FedAvg,0.6458613643382841,0.12409549661957044,1610.6489243028498
1,71,FedAvg,0.64769296268357,0.11931303845042183,1632.4500039185289
1,72,FedAvg,0.6507956983233301,0.11686524932159403,1656.7604098735815
1,73,FedAvg,0.6581163967005335,0.10894415566445449,1680.1073060313206
1,74,FedAvg,0.6544624908347202,0.11121278963900816,1701.5087825241187
1,75,FedAvg,0.6510758284621452,0.11436004006050528,1725.5252496650555
1,76,FedAvg,0.6541179907445839,0.11128264313325734,1747.3651464895913
1,77,FedAvg,0.6483979317840446,0.10951705882990026,1771.5352689935823
1,78,FedAvg,0.6535209879573434,0.10920423175701123,1793.4407554352874
1,79,FedAvg,0.6534357237537755,0.10812723972726178,1818.3669826450516
1,80,FedAvg,0.6459524372697285,0.10808300040690794,1841.1643670262017
1,81,FedAvg,0.6478608289815728,0.10479058487524308,1861.9096775212192
1,82,FedAvg,0.6422314266257518,0.10031989268102506,1887.0260842955015
1,83,FedAvg,0.6547422889050161,0.10104357024486912,1908.3953990528098
1,84,FedAvg,0.6536750584244204,0.09998016460527133,1931.5768632995018
1,85,FedAvg,0.648562193701813,0.10010911375969776,1954.5834539502912
1,86,FedAvg,0.6594134303103744,0.10221640530062787,1977.052052769203
1,87,FedAvg,0.654049816823359,0.09778434726625686,2001.5020189012207
1,88,FedAvg,0.6561215357486706,0.0990101896239819,2024.1006012876103
1,89,FedAvg,0.6552828530891819,0.09425436270506878,2046.8293703109427
1,90,FedAvg,0.6545775937849474,0.09803663743775747,2070.3623123218636
1,91,FedAvg,0.6532886980199119,0.09227365715819236,2094.6821171150964
1,92,FedAvg,0.6629029607806664,0.09270579079912379,2116.6437939616785
1,93,FedAvg,0.665555571256159,0.09355538254110424,2138.739445948508
1,94,FedAvg,0.6575978572630102,0.09172122937826158,2161.5129879557367
1,95,FedAvg,0.6540861902931138,0.08682755648586288,2184.2036445390586
1,96,FedAvg,0.6560435658533686,0.09439884850615325,2208.8958972740324
1,97,FedAvg,0.650567166003196,0.09318996054434259,2231.118721950168
1,98,FedAvg,0.655491442492356,0.08855990799643583,2253.7602889769846
1,99,FedAvg,0.6640516587919584,0.08977439631221594,2275.7012344871423
1,100,FedAvg,0.6492284753334928,0.0876929269541734,2299.9696264965974
1,1,FedProx,0.5345136078166477,0.34487989988769574,22.599672910521463
1,2,FedProx,0.5378398868046266,0.34172565753403966,45.629050900767574
1,3,FedProx,0.5448232843076762,0.33589157126839675,69.62320731036517
1,4,FedProx,0.5515082114605553,0.31970791038234225,91.55006728173757
1,5,FedProx,0.5552795106277422,0.3213027126101866,115.25333245341815
1,6,FedProx,0.5560456115627808,0.3189604785170061,138.35846594204554
1,7,FedProx,0.5602137782149569,0.3041755941460616,159.85838255958345
1,8,FedProx,0.563727600418608,0.29807666786057296,184.4728507429701
1,9,FedProx,0.5719524572708046,0.2988048927467196,206.63892339769788
1,10,FedProx,0.5713046374356131,0.29277912146548446,230.1230252062052
1,11,FedProx,0.5669131690453132,0.2866756942300353,252.69760970764085
1,12,FedProx,0.5815383942866696,0.27913992765368906,274.34622234561135
1,13,FedProx,0.587982623636434,0.2782191452356437,297.7954390742679
1,14,FedProx,0.5819124885069902,0.27171047345912747,321.2398311618289
1,15,FedProx,0.5883035470633812,0.2704852148405505,344.965123395319
1,16,FedProx,0.5959064135983132,0.26594868223778245,365.7163241450263
1,17,FedProx,0.6025562111601958,0.2651567657949634,391.33712881859145
1,18,FedProx,0.5962551419819965,0.25318207601587606,417.63489349756185
1,19,FedProx,0.5997511696477021,0.25480463859013064,436.9416229161636
1,20,FedProx,0.5994850434287534,0.24097730121869732,459.5978827538118
1,21,FedProx,0.6051317425046027,0.2428578444002706,483.27327362052
1,22,FedProx,0.6166759899159527,0.23510669930196929,507.2328603009381
1,23,FedProx,0.61236242671377,0.23263669718149976,528.2653475162853
1,24,FedProx,0.6160692919762909,0.23017453578843572,553.1049342473826
1,25,FedProx,0.6091127766351255,0.22508106539401493,576.31764647727
1,26,FedProx,0.6164885361143679,0.22344526153192373,597.7489054601683
1,27,FedProx,0.6207716132846576,0.21895509518962203,620.6053022442574
1,28,FedProx,0.6232842978836765,0.2127859008271487,644.3155652971873
1,29,FedProx,0.6225591958322254,0.20918100380845914,666.45771790114
1,30,FedProx,0.6279397419527608,0.20793329166990984,689.8005075772414
1,31,FedProx,0.6311160817806348,0.20159513174544963,711.7317702557674
1,32,FedProx,0.6256364415344439,0.2058695380015681,736.0824542812538
1,33,FedProx,0.6291348409814645,0.19505348594937738,759.4694797822154
1,34,FedProx,0.6298961863263914,0.1927284900088756,782.7555589960316
1,35,FedProx,0.6384208840535476,0.18985274382453016,805.5208155550979
1,36,FedProx,0.6323270710347747,0.18620854037157517,827.8717190900014
1,37,FedProx,0.635055217109201,0.18540029660064478,850.544367487321
1,38,FedProx,0.6310054812138123,0.17648046542291096,875.6451895344219
1,39,FedProx,0.6385544222494705,0.18055369080412945,896.7202929106228
1,40,FedProx,0.6428968525604697,0.17448921632253053,921.3557295665751
1,41,FedProx,0.6348930584649588,0.17373273712558032,943.8727879660389
1,42,FedProx,0.6366922258932699,0.16896543666300326,965.628992941993
1,43,FedProx,0.6395914508885546,0.16334750305898887,989.0329482177261
1,44,FedProx,0.6499992050769867,0.16516487436095453,1011.8420243602689
1,45,FedProx,0.6416228611442636,0.1631741281418752,1033.9552247153263
1,46,FedProx,0.6414528604094235,0.16205239871297622,1059.5085199363657
1,47,FedProx,0.6560808297316365,0.16128213602756872,1082.4151931578497
1,48,FedProx,0.6486031749554081,0.152121929711508,1103.3913004551102
1,49,FedProx,0.650005714226911,0.15681210838422188,1127.3615195202071
1,50,FedProx,0.6551213716409084,0.15225477795325057,1149.58356794221
1,51,FedProx,0.6523075803012478,0.1500218520097757,1173.4858682316246
1,52,FedProx,0.6464799029876815,0.14667851295507625,1197.364588259003
1,53,FedProx,0.6466890481052348,0.14303853472036493,1219.0392298326979
1,54,FedProx,0.6499840040722225,0.14328127759571718,1242.704268562231
1,55,FedProx,0.6512946043619443,0.1395944240852288,1265.7644710860297
1,56,FedProx,0.6516172663833636,0.13708705435166382,1288.0346143524096
1,57,FedProx,0.6541751298746277,0.13637008442514834,1312.5097904425227
1,58,FedProx,0.6537850996716842,0.14160487821418033,1332.9279583722935
1,59,FedProx,0.6603385475328373,0.13570923899623585,1357.145178585634
1,60,FedProx,0.6604072174889156,0.13213598508373245,1379.8886113417216
1,61,FedProx,0.6514417438665053,0.13436226880217825,1401.7998126504087
1,62,FedProx,0.6643651237050395,0.12719469109599912,1425.3331201528915
1,63,FedProx,0.6612905698288597,0.12656304117739287,1449.770903533061
1,64,FedProx,0.656235377187743,0.12391810715038731,1472.586637995708
1,65,FedProx,0.6502624700681352,0.1223157709764459,1494.640009921525
1,66,FedProx,0.6548991016790868,0.12037067676900066,1519.3532908046072
1,67,FedProx,0.6599482312877272,0.11506552962448952,1542.713294138551
1,68,FedProx,0.6622183000234835,0.12428092357068102,1563.679591706649
1,69,FedProx,0.6584379438476546,0.11809675799022468,1587.6106547549364
1,70,FedProx,0.6565257014333583,0.11505710000576459,1609.2258096243547
1,71,FedProx,0.6632241353701858,0.1144318189665979,1633.2282259689136
1,72,FedProx,0.6599781538160345,0.11476888455719338,1655.5411073619748
1,73,FedProx,0.6633902512602124,0.10819427629484045,1678.7098872952204
1,74,FedProx,0.65736050276378,0.10896653365029223,1703.1728307221008
1,75,FedProx,0.6679130624244665,0.10909576166745269,1723.5797682442283
1,76,FedProx,0.6604951378752264,0.11440907063602186,1748.5257955219383
1,77,FedProx,0.6603979463769327,0.10554164695205331,1772.600992159752
1,78,FedProx,0.6621363592752056,0.10900092025043773,1793.985989703005
1,79,FedProx,0.6623058887329464,0.10374410300012672,1816.3367973873442
1,80,FedProx,0.6610009487651145,0.10390680015312158,1839.171201148799
1,81,FedProx,0.6642422828899207,0.10685354975671905,1863.83569864774
1,82,FedProx,0.6622601600318538,0.09628187979153852,1887.1249341351574
1,83,FedProx,0.6645787768024198,0.10219513380221414,1909.9812452804574
1,84,FedProx,0.6710775417310704,0.1052579238088109,1932.611398704159
1,85,FedProx,0.664882514814566,0.09719787000218683,1955.5586075604215
1,86,FedProx,0.6647332557351522,0.09830051262274941,1977.5727561099054
1,87,FedProx,0.665013143590713,0.09321755955659777,2002.2543244368235
1,88,FedProx,0.6673033310673168,0.09716568611075396,2025.2302419289108
1,89,FedProx,0.6610264596241183,0.0986907176553074,2046.8930445609667
1,90,FedProx,0.6650716173199589,0.08698330055279224,2070.279957662211
1,91,FedProx,0.6648919430260811,0.09474589155755553,2092.399839433526
1,92,FedProx,0.6616702801463097,0.09059411238210975,2115.857580521878
1,93,FedProx,0.6697681229141861,0.0951012549743602,2138.92356873598
1,94,FedProx,0.6649737995006172,0.09187784205882833,2162.9376559502966
1,95,FedProx,0.6677927914215996,0.09003921052552251,2185.35878238208
1,96,FedProx,0.6672560656954143,0.08622998741578773,2208.854128486933
1,97,FedProx,0.6613594086295691,0.0849381882830488,2229.4544147068464
1,98,FedProx,0.6626394456308331,0.08410677980160959,2253.802499351888
1,99,FedProx,0.6665297455706537,0.08073872548110914,2276.7749834570045
1,100,FedProx,0.6584952453823005,0.08135680866307583,2298.223962263379
1,1,SCAFFOLD,0.5384294283495649,0.31720892417653457,24.649238294684235
1,2,SCAFFOLD,0.5375034028393454,0.30693383974736393,50.26872474135669
1,3,SCAFFOLD,0.5428809965958632,0.2988980921532536,77.01566902409543
1,4,SCAFFOLD,0.5486813849521371,0.29786887271314055,101.45001719259885
1,5,SCAFFOLD,0.5557228969954779,0.292938432352793,127.39824201680815
1,6,SCAFFOLD,0.5639672124424281,0.28894752320924083,154.1346874874617
1,7,SCAFFOLD,0.5637893325972654,0.28456993262855806,177.163880825706
1,8,SCAFFOLD,0.5645019113316432,0.2788228926759549,204.84548955478317
1,9,SCAFFOLD,0.5765202233830287,0.2793128877400478,230.5249416941579
1,10,SCAFFOLD,0.5886792545614582,0.2683611083126984,254.70680617516845
1,11,SCAFFOLD,0.5916265105101794,0.2561755595434662,279.7892281613255
1,12,SCAFFOLD,0.5881909834028062,0.2608463030854353,305.37758289632507
1,13,SCAFFOLD,0.595705759370358,0.2515646044848582,333.23900378819656
1,14,SCAFFOLD,0.6013484392237054,0.2515282946480387,358.7346200110598
1,15,SCAFFOLD,0.6056363702114516,0.24154635143216452,382.24515528796655
1,16,SCAFFOLD,0.6062259937455986,0.24653665760289847,409.216308993439
1,17,SCAFFOLD,0.6087815888815045,0.2304359203311803,433.66534322711635
1,18,SCAFFOLD,0.6013131974173683,0.23350696830620102,458.1203804000656
1,19,SCAFFOLD,0.6115908882988043,0.23142190919636968,485.51560734530744
1,20,SCAFFOLD,0.6175664529966335,0.22876745999665268,510.2232284949669
1,21,SCAFFOLD,0.6156999724215048,0.22509131351139686,535.6938010328139
1,22,SCAFFOLD,0.6223984407221017,0.2160258611822195,562.3103325072583
1,23,SCAFFOLD,0.6267450415930073,0.21201369141169663,585.8132432187418
1,24,SCAFFOLD,0.6251463968198061,0.2066568012655444,613.5204075136664
1,25,SCAFFOLD,0.6263070743883726,0.2085401457154819,636.9037521240685
1,26,SCAFFOLD,0.6320562177919515,0.20892919763583678,661.5699544321391
1,27,SCAFFOLD,0.6344308773541422,0.20706414276571605,687.5875967666384
1,28,SCAFFOLD,0.6338702337203964,0.1997903985419579,714.3181159557807
1,29,SCAFFOLD,0.6380255752563745,0.19029896561351503,740.5346994531476
1,30,SCAFFOLD,0.6366965170316222,0.18534182049601572,765.9429076606207
1,31,SCAFFOLD,0.6425499139428815,0.1865324364926622,790.1123988412384
1,32,SCAFFOLD,0.6362571034832276,0.18014574594124505,813.751610071122
1,33,SCAFFOLD,0.6424709782386601,0.1826389872404833,840.2137940339411
1,34,SCAFFOLD,0.6381612437463892,0.1807677745932833,865.3250684490513
1,35,SCAFFOLD,0.6444237886648304,0.17947917275954411,891.286562347841
1,36,SCAFFOLD,0.6381390548228126,0.17546973890691092,918.0257208008644
1,37,SCAFFOLD,0.6555758829407738,0.16818733925153884,945.075421007574
1,38,SCAFFOLD,0.6447912622247922,0.17122412248382404,968.9293800653785
1,39,SCAFFOLD,0.6532787496339396,0.16849014587172848,993.5375693465261
1,40,SCAFFOLD,0.6488300127970031,0.16707480152702867,1020.6366686520669
1,41,SCAFFOLD,0.649240738064168,0.1607902938949304,1044.843615031088
1,42,SCAFFOLD,0.651983948585641,0.15917830267622782,1070.4411322959504
1,43,SCAFFOLD,0.652249500120424,0.16223481865080325,1096.0369432879393
1,44,SCAFFOLD,0.6604856572050523,0.1521817891376475,1120.8355438608778
1,45,SCAFFOLD,0.6599363341927411,0.15378022118357995,1147.839038167904
1,46,SCAFFOLD,0.6627012496308413,0.14818484309805688,1174.3007068173686
1,47,SCAFFOLD,0.6661275228794625,0.14830131613262051,1201.2362353472106
1,48,SCAFFOLD,0.6616080967203373,0.14426155072787622,1223.8087776959562
1,49,SCAFFOLD,0.659355600248681,0.14105557200067365,1251.6948296615392
1,50,SCAFFOLD,0.6625063955543087,0.14515608730782126,1275.3641061449682
1,51,SCAFFOLD,0.6653804437330432,0.14007276357455195,1300.941975548394
1,52,SCAFFOLD,0.6618693351425833,0.1390928294115801,1325.2320812926064
1,53,SCAFFOLD,0.6586857455529519,0.13194564195678182,1351.5518845513488
1,54,SCAFFOLD,0.6611632456155428,0.13246819814590724,1379.0747106228343
1,55,SCAFFOLD,0.6663096591510527,0.13626422382502598,1403.4319939677544
1,56,SCAFFOLD,0.6606991699683769,0.1323750946659077,1429.536389237506
1,57,SCAFFOLD,0.6650055748790717,0.12630881131287205,1451.4061562102079
1,58,SCAFFOLD,0.6619841903985666,0.12704944562879836,1479.2076036769256
1,59,SCAFFOLD,0.6637878574416504,0.12237590166323875,1505.2009662956468
1,60,SCAFFOLD,0.6677284442034904,0.12673932940883256,1530.74411933542
1,61,SCAFFOLD,0.6694574615792143,0.12002524719417654,1553.8881037501749
1,62,SCAFFOLD,0.6674231814037137,0.11839827577342665,1579.713249469353
1,63,SCAFFOLD,0.6661898759981899,0.12004019604344458,1605.4739632875903
1,64,SCAFFOLD,0.6722921789175745,0.11940795785979706,1631.90832860335
1,65,SCAFFOLD,0.6684003433112029,0.11603072913491765,1658.1040286069901
1,66,SCAFFOLD,0.6659638782323272,0.1155455959400131,1683.4059890332253
1,67,SCAFFOLD,0.6698203922069011,0.11991737725823509,1707.6039663010122
1,68,SCAFFOLD,0.6727805466357031,0.11595738631339954,1733.1193811281494
1,69,SCAFFOLD,0.6747407604981758,0.1134889989336891,1760.5531014620915
1,70,SCAFFOLD,0.6720753900566967,0.11134100023791293,1785.2880513654056
1,71,SCAFFOLD,0.6721515520815605,0.10583042671465785,1811.2777630724877
1,72,SCAFFOLD,0.6736368965845988,0.10338849251534005,1835.3056112771021
1,73,SCAFFOLD,0.66797488626035,0.11491166820312204,1860.9464281948863
1,74,SCAFFOLD,0.6704338997526391,0.10238451610942628,1885.910992145676
1,75,SCAFFOLD,0.674108515984163,0.10531456685083665,1912.2879621144757
1,76,SCAFFOLD,0.6656757217737154,0.10587326821474033,1938.094257177268
1,77,SCAFFOLD,0.6753089049773475,0.1009031005880068,1962.6706565709944
1,78,SCAFFOLD,0.6753191208621634,0.09842901807269003,1990.043614744905
1,79,SCAFFOLD,0.6654163874439253,0.0981798214979549,2012.834709061231
1,80,SCAFFOLD,0.6755598790169741,0.09912166066647654,2039.2882815114776
1,81,SCAFFOLD,0.672607235989947,0.09546274355784547,2065.333009239377
1,82,SCAFFOLD,0.6773800230147237,0.09489772206238678,2089.984490684766
1,83,SCAFFOLD,0.674708055741957,0.09144328952053145,2117.153782733632
1,84,SCAFFOLD,0.6761059423727,0.09059388402987738,2142.4153474163177
1,85,SCAFFOLD,0.6726548554470251,0.09649004104434164,2167.590457602628
1,86,SCAFFOLD,0.6722930301736095,0.09444043110926571,2192.3856009894726
1,87,SCAFFOLD,0.6735901245458658,0.09114946248865985,2218.0343640997526
1,88,SCAFFOLD,0.6782702778065651,0.08763236660737247,2243.644278515857
1,89,SCAFFOLD,0.6778452019660778,0.08851343131378012,2270.695403564509
1,90,SCAFFOLD,0.6770016775018072,0.08837917464997506,2295.4800672441775
1,91,SCAFFOLD,0.6689299061898082,0.08991579840725589,2321.284013881656
1,92,SCAFFOLD,0.676993010846848,0.08566832468213387,2344.9715308680115
1,93,SCAFFOLD,0.6789052744562902,0.08862921687827174,2372.6422494384533
1,94,SCAFFOLD,0.6734692043924778,0.08425336062965387,2396.341838357641
1,95,SCAFFOLD,0.6741320725732265,0.08963274536100145,2422.522716463607
1,96,SCAFFOLD,0.6804161013766138,0.08334633833064657,2447.0902264476176
1,97,SCAFFOLD,0.6681265249738336,0.08280083195997386,2474.7678345166128
1,98,SCAFFOLD,0.6704548342099375,0.08282469010094784,2498.687812242114
1,99,SCAFFOLD,0.6711206875326927,0.08145725407521354,2524.85660186497
1,100,SCAFFOLD,0.6797077470465044,0.08172607620263662,2550.5806742555037
1,1,FedNova,0.5398905951334728,0.32351353832978896,21.24637214024278
1,2,FedNova,0.5418561954450536,0.32079315258997526,46.30065575201006
1,3,FedNova,0.5397932245537685,0.3117268987080887,71.16905524634811
1,4,FedNova,0.5523500296227095,0.30983648744803777,93.69767829676726
1,5,FedNova,0.5550673243796193,0.2997179958087298,118.38384717816471
1,6,FedNova,0.5576823271284965,0.29974659657659125,140.27067430030067
1,7,FedNova,0.5676938646504864,0.2954501918458771,164.38766532137538
1,8,FedNova,0.5656657224792183,0.2847488825278837,187.17533040489204
1,9,FedNova,0.5772088536665326,0.28452493829214043,211.1228159098158
1,10,FedNova,0.5768895893108363,0.27484643142667214,236.82156739948428
1,11,FedNova,0.5797480854783299,0.2719556193255387,257.88012458139065
1,12,FedNova,0.580420119634628,0.26526481325296924,282.10161921853324
1,13,FedNova,0.5883003908149073,0.25972226404672566,305.2028174163399
1,14,FedNova,0.5958255557974764,0.2585454146512321,328.0600286847654
1,15,FedNova,0.594468967962216,0.25135828491496853,353.3545170299929
1,16,FedNova,0.5928053859824733,0.2495828978114546,375.44755175729904
1,17,FedNova,0.6064539099646404,0.24432503842531392,400.4335853123999
1,18,FedNova,0.5990159778042116,0.23877657617642645,425.04013673149933
1,19,FedNova,0.6040428841396164,0.23747804500076827,447.06052458536743
1,20,FedNova,0.6056232587262862,0.22926612173163174,469.77103237120144
1,21,FedNova,0.6157324746390587,0.2286573984030734,492.20536451660297
1,22,FedNova,0.6140519152873913,0.22647315800706277,516.8255413766476
1,23,FedNova,0.6107063914632005,0.2162457145875158,541.6677741787128
1,24,FedNova,0.6260046470336278,0.21765520769953065,562.7008632635907
1,25,FedNova,0.6163919769822893,0.2133313191994487,587.6153359287399
1,26,FedNova,0.6247097609890984,0.21067026160102947,611.1575761544116
1,27,FedNova,0.6262370987154405,0.20946773429451152,636.6247627385609
1,28,FedNova,0.6294547111343866,0.20508953345827205,656.6927820234132
1,29,FedNova,0.6302302774379744,0.19805465413425255,681.8237376478438
1,30,FedNova,0.623966588349705,0.19549370131734936,706.4722665711448
1,31,FedNova,0.6383717916511729,0.19130391298703214,729.0231706413907
1,32,FedNova,0.6324005518502672,0.19048313366019062,751.1063076497526
1,33,FedNova,0.6374064306771177,0.19302218772673377,777.0212654923143
1,34,FedNova,0.6405974877906434,0.18187357048703587,797.3833140679984
1,35,FedNova,0.6385908100888229,0.18301732149859812,823.6942631720507
1,36,FedNova,0.6403341935932817,0.18151771182164692,845.4010132346893
1,37,FedNova,0.6406366059523225,0.17271116007106707,871.0639614771239
1,38,FedNova,0.6420552945757507,0.17116180782443963,891.5578639491154
1,39,FedNova,0.6465663596998177,0.1735458070148447,917.2705873158787
1,40,FedNova,0.6401055726033452,0.169809450544789,939.9866257645087
1,41,FedNova,0.6437453040628978,0.16409366280287,963.1623984524371
1,42,FedNova,0.6475206691946107,0.16376203553098148,986.3913866024565
1,43,FedNova,0.6526465765611199,0.16166241780949633,1010.6265729151233
1,44,FedNova,0.6487933287586587,0.159886853650817,1035.5073160820675
1,45,FedNova,0.6535845785045237,0.1518963375400284,1056.7636652654862
1,46,FedNova,0.6554773597765264,0.15557283661521018,1081.5889184410632
1,47,FedNova,0.6565383704359461,0.1531613963044218,1103.5904569587606
1,48,FedNova,0.6531486875305504,0.1515391446185456,1128.616457459176
1,49,FedNova,0.6571515927536173,0.14231585154506365,1152.3095446640243
1,50,FedNova,0.6541613790618311,0.14361589086883905,1175.4729843911018
1,51,FedNova,0.6631613603277876,0.14431884037273782,1197.618805988957
1,52,FedNova,0.6588015272138618,0.14376721194841346,1220.8226212914935
1,53,FedNova,0.6568105084943854,0.1386564564645794,1245.2946120266072
1,54,FedNova,0.6527902460985713,0.13595644783124455,1269.1750724498127
1,55,FedNova,0.6597276273376086,0.1387986108095975,1292.4814995033737
1,56,FedNova,0.6635423906006108,0.13611773723106327,1315.7931241780198
1,57,FedNova,0.6616372021558555,0.13649302323441181,1338.2515326230068
1,58,FedNova,0.6586441760976344,0.13062559232184162,1363.8359110286337
1,59,FedNova,0.6564352593131436,0.12873981562706027,1386.1268958018202
1,60,FedNova,0.6576010609075843,0.13008081006096353,1410.4926182783163
1,61,FedNova,0.6575721960170434,0.12507084624710407,1432.8563267442564
1,62,FedNova,0.6561543098496229,0.1263911037571802,1457.6906398644246
1,63,FedNova,0.6641930493452255,0.12206708253056535,1480.9469519556988
1,64,FedNova,0.6611928892694853,0.11508737475687936,1503.7450704327687
1,65,FedNova,0.6688431380789306,0.11718040289007771,1527.8177557906397
1,66,FedNova,0.6594123011491391,0.12224327943031592,1550.109323343107
1,67,FedNova,0.6634150305742914,0.11356492307835245,1574.1132558738448
1,68,FedNova,0.6688395668031671,0.1114795844659568,1596.7779450348369
1,69,FedNova,0.6565463349913172,0.10872866516517311,1622.857282190179
1,70,FedNova,0.6604706377769225,0.11514990005546377,1644.4119371194965
1,71,FedNova,0.6628017253271683,0.10979669650899938,1668.1595005696618
1,72,FedNova,0.6573004559365332,0.1074116783132315,1691.9829271910078
1,73,FedNova,0.6606771505784672,0.11114988378482378,1715.8149951402295
1,74,FedNova,0.6667796248998294,0.1096778087288651,1739.540111934121
1,75,FedNova,0.6638729551859274,0.10754927009751444,1760.9893112558086
1,76,FedNova,0.669426416696342,0.1030674723440224,1786.6568500495644
1,77,FedNova,0.6702378975833195,0.1042409132701182,1809.9953351019003
1,78,FedNova,0.6741479454394489,0.10019258200525039,1834.2752006202977
1,79,FedNova,0.6634773264968352,0.10083939003088703,1856.3504505981477
1,80,FedNova,0.6700287118647509,0.10036457255049105,1881.2749349332503
1,81,FedNova,0.672299994812308,0.09957207729015734,1903.1609829082292
1,82,FedNova,0.6690586245614965,0.08657856947752052,1926.9131530403433
1,83,FedNova,0.6728968847132702,0.09781051800746665,1950.449911823742
1,84,FedNova,0.6652478863158731,0.09534662829996939,1974.3268947070285
1,85,FedNova,0.662520660854312,0.0966318182547561,1997.0143232775301
1,86,FedNova,0.6655301828555252,0.09330720309054137,2020.8583799340693
1,87,FedNova,0.6675486241488884,0.09504206783928851,2044.0580727888696
1,88,FedNova,0.6686421446923336,0.08960460741206838,2068.5806154617026
1,89,FedNova,0.6676479248838671,0.08976556935112426,2092.476608928444
1,90,FedNova,0.6725470329775425,0.09239665671687257,2114.6644225594296
1,91,FedNova,0.6719391814189726,0.0913271104375638,2137.1621192571506
1,92,FedNova,0.6688513250070378,0.08920774310885121,2160.738730202638
1,93,FedNova,0.670362099226518,0.08923966524703705,2184.2782468420187
1,94,FedNova,0.6785790096220161,0.08566671165517939,2209.6112670385482
1,95,FedNova,0.6700882023154722,0.08575058060865791,2232.269725580842
1,96,FedNova,0.6738668469994212,0.08405859771485347,2255.523030397503
1,97,FedNova,0.669305284971683,0.08212073581687492,2279.587661553135
1,98,FedNova,0.6681489355139467,0.08873663588713451,2302.289087460055
1,99,FedNova,0.6701977672887915,0.08892058957933047,2327.2692679888814
1,100,FedNova,0.672254320199655,0.08226217677643662,2348.7373500568124
1,1,FedLoRA,0.5434928687604392,0.28906700813879793,4.417239829078651
1,2,FedLoRA,0.5513448897601223,0.28138926844999895,8.420971091052996
1,3,FedLoRA,0.5557884383729689,0.27375260967851356,12.117524221976046
1,4,FedLoRA,0.5598772166283207,0.2758225176455935,16.450515345435278
1,5,FedLoRA,0.5643101956437225,0.2709702947352438,20.451079167040795
1,6,FedLoRA,0.5759429595181927,0.25905329621693546,24.60643768807048
1,7,FedLoRA,0.5811499115669003,0.25821297859972614,28.680462516512712
1,8,FedLoRA,0.5909208718811904,0.2522931017926711,32.87267260607065
1,9,FedLoRA,0.5812200309735437,0.2503224923367941,37.024303032405726
1,10,FedLoRA,0.5930264951548623,0.24377996765843507,41.2584438049658
1,11,FedLoRA,0.590507881000879,0.23840774976837673,44.9471203660466
1,12,FedLoRA,0.5946395849184299,0.23648586826411427,49.47664065105385
1,13,FedLoRA,0.6041692490534376,0.22899447715426297,53.466867393164016
1,14,FedLoRA,0.6067063772626979,0.23019248620311739,57.68203501369348
1,15,FedLoRA,0.614888365386308,0.2299551627963224,61.63494858094442
1,16,FedLoRA,0.6105083170105582,0.2164301569933081,65.52827293497495
1,17,FedLoRA,0.619526256603327,0.2192789575663574,69.74404992896484
1,18,FedLoRA,0.6205887159993284,0.20859169731511287,73.86980927918715
1,19,FedLoRA,0.6269668648828918,0.2105570602632324,77.85764226461315
1,20,FedLoRA,0.6216154255931643,0.20538332475988072,81.92868234435993
1,21,FedLoRA,0.6294635443505529,0.20203942104665784,86.21565187399466
1,22,FedLoRA,0.6366294649622412,0.19994359724477254,90.26449304322446
1,23,FedLoRA,0.630434283577323,0.1955471473152764,94.19366341017397
1,24,FedLoRA,0.6332079641307635,0.19016603299090265,98.48998115636148
1,25,FedLoRA,0.6399361877134543,0.19531025962192938,102.74444891743526
1,26,FedLoRA,0.6342949527456672,0.19102672526396466,106.54031074114113
1,27,FedLoRA,0.6444002694668813,0.1848022561544622,110.83618103872804
1,28,FedLoRA,0.6479822619011865,0.1800488624672727,114.86610490236836
1,29,FedLoRA,0.6524419244687576,0.17493760551742252,118.83824684621918
1,30,FedLoRA,0.6410922273779748,0.17786219424001323,122.83236135440629
1,31,FedLoRA,0.6495408184507342,0.1710618468142735,127.04632993064871
1,32,FedLoRA,0.6502157276607787,0.1724358370037194,131.1376086503246
1,33,FedLoRA,0.6519225609906383,0.1697303027002744,135.29124064951642
1,34,FedLoRA,0.6519315537647186,0.1621557996509809,139.48006920533703
1,35,FedLoRA,0.6581446351035242,0.1649906862276327,143.6123409657537
1,36,FedLoRA,0.6628388724595351,0.16193671002582924,147.67337324213713
1,37,FedLoRA,0.6522118131535498,0.15403414671915427,151.7396717011355
1,38,FedLoRA,0.6654472135361161,0.16290429526924866,155.88255493206506
1,39,FedLoRA,0.6575945169009846,0.1519327619005676,159.54017141351648
1,40,FedLoRA,0.6639486280693778,0.15292811274601553,164.09119340615817
1,41,FedLoRA,0.6667394317727683,0.1517490934928672,168.2155563309629
1,42,FedLoRA,0.6618788233129556,0.15037451984392763,172.54795953809165
1,43,FedLoRA,0.6656903970253052,0.14172818645411547,176.23094871827692
1,44,FedLoRA,0.6600854009013103,0.14746739367428732,180.31917142178315
1,45,FedLoRA,0.6680622779253071,0.13720307740684679,184.50010453943003
1,46,FedLoRA,0.6684191458919987,0.13696843269373396,188.85576531003014
1,47,FedLoRA,0.6729738430482433,0.13614096617781868,193.00772883143154
1,48,FedLoRA,0.6674930122101349,0.13461541434212781,196.5379793563808
1,49,FedLoRA,0.6744170790046305,0.13348059267314805,201.32446205829905
1,50,FedLoRA,0.6803230648830123,0.1381985985788533,205.04684240791966
1,51,FedLoRA,0.6777157785544139,0.12333431072933586,209.32829865043186
1,52,FedLoRA,0.6737608048991872,0.12865264979573215,213.0008699906388
1,53,FedLoRA,0.677993131785008,0.1205393078682105,217.4388982868214
1,54,FedLoRA,0.6689871594521902,0.12547773975501428,221.55588983574188
1,55,FedLoRA,0.6814894497062133,0.12140992122987708,225.50350411995439
1,56,FedLoRA,0.6785891198850914,0.12753268615632674,229.51030561106828
1,57,FedLoRA,0.6734123681531637,0.12461871925238796,233.7828599108911
1,58,FedLoRA,0.6800820433187117,0.1205732422402539,238.24717055012275
1,59,FedLoRA,0.6648973797003497,0.11916675329888606,241.98472265447123
1,60,FedLoRA,0.6825962509725059,0.11952516253769377,246.16225790704513
1,61,FedLoRA,0.6824772831910122,0.11172238435916702,250.25173996679362
1,62,FedLoRA,0.6804793916895947,0.11282357482650517,253.99336561787803
1,63,FedLoRA,0.6813789121316222,0.11146051123010212,258.3259171742362
1,64,FedLoRA,0.6740218245101254,0.10956038091844385,262.42469050229477
1,65,FedLoRA,0.6818566093142745,0.10902951062496262,266.4823123061304
1,66,FedLoRA,0.6746105336404559,0.1082955529924575,270.66645523338394
1,67,FedLoRA,0.6770508418239081,0.10329196813796519,274.7044625939262
1,68,FedLoRA,0.6843585460750576,0.10591832390723868,278.76655912897803
1,69,FedLoRA,0.6794760346652284,0.10502881828869691,282.89409720239115
1,70,FedLoRA,0.6856965832471101,0.10364027505359143,286.95509811257693
1,71,FedLoRA,0.6783761089280977,0.09982583205250442,291.24964334032205
1,72,FedLoRA,0.6861650919426509,0.10142114903098529,295.15732960469944
1,73,FedLoRA,0.6875239426643418,0.09957774436998659,299.2983611554673
1,74,FedLoRA,0.6845947422025022,0.09481862670020787,303.2393186271689
1,75,FedLoRA,0.682675613542181,0.09545762938109127,307.33187459572275
1,76,FedLoRA,0.6828572432977401,0.09522664548589199,311.6821590769855
1,77,FedLoRA,0.6833014009536998,0.09537255651734741,315.95491032519806
1,78,FedLoRA,0.683966807445366,0.09539923116886709,319.7036079397811
1,79,FedLoRA,0.6843692694131375,0.1023267962246999,323.81093908754605
1,80,FedLoRA,0.6801707596604374,0.09389365822408408,327.91952659331236
1,81,FedLoRA,0.6843385032898875,0.09507129374452375,332.00186484402195
1,82,FedLoRA,0.6875499085627954,0.0944301093637353,336.4278244181545
1,83,FedLoRA,0.6852598652104619,0.08539280523853013,340.6446157215097
1,84,FedLoRA,0.688169104395803,0.09065754158996203,344.28663469191673
1,85,FedLoRA,0.6891655446408466,0.09002957616133421,348.5751268963919
1,86,FedLoRA,0.6907329796932246,0.09642489811811403,352.0952719536025
1,87,FedLoRA,0.6858525285510951,0.08572065271276408,356.4225252722962
1,88,FedLoRA,0.6814041413897298,0.08559552321541679,360.9814644310096
1,89,FedLoRA,0.6950684957672851,0.08222886604094443,365.03733451049305
1,90,FedLoRA,0.6898038914318179,0.08514723041544635,368.9419950895523
1,91,FedLoRA,0.6735781079127153,0.08963361617621685,373.2381347769717
1,92,FedLoRA,0.6845793897315869,0.08148118914612233,377.14534686595033
1,93,FedLoRA,0.6949024021977587,0.08377738880638036,381.22683278284603
1,94,FedLoRA,0.6826683671883611,0.08314102014675148,385.37392027107984
1,95,FedLoRA,0.69022354731174,0.07962332753275556,389.46376123401586
1,96,FedLoRA,0.6817335055054045,0.07976840127551278,393.8016315133164
1,97,FedLoRA,0.686962782554063,0.07849696676773492,397.5185805526572
1,98,FedLoRA,0.690752056886132,0.07883111119435914,401.73028075041833
1,99,FedLoRA,0.6893520830046191,0.07763961920097955,405.78072063642304
1,100,FedLoRA,0.6892538595588205,0.08228679290979181,410.0275125017648
1,1,Conflict-aware,0.5481643365685401,0.2460585843151044,4.049703711913028
1,2,Conflict-aware,0.5509726569474309,0.23790219190791587,8.945615314523517
1,3,Conflict-aware,0.563852806215863,0.23764078545462353,13.415348761693807
1,4,Conflict-aware,0.5733823575542362,0.23295871377238248,18.07977830393896
1,5,Conflict-aware,0.5747975983819207,0.2319391513006181,22.672752993422332
1,6,Conflict-aware,0.5845220683188075,0.2301501002531249,26.692700700540033
1,7,Conflict-aware,0.5830099420935401,0.2213823625701866,31.1117804533857
1,8,Conflict-aware,0.5907545706609445,0.21571806455320564,36.31523119159758
1,9,Conflict-aware,0.59510495388745,0.2230206899074324,40.563858181213504
1,10,Conflict-aware,0.6044662762226461,0.2100776416997918,44.883612356324015
1,11,Conflict-aware,0.5975647875884683,0.21092947828376205,49.946444769287424
1,12,Conflict-aware,0.6053478759535682,0.20632756838854416,53.88781800170872
1,13,Conflict-aware,0.6105127687273529,0.201623366922247,58.59596664787571
1,14,Conflict-aware,0.621756426755509,0.19722870577467694,62.7757216450745
1,15,Conflict-aware,0.6175995137986557,0.19628689387336,67.40175317472107
1,16,Conflict-aware,0.6251568499266876,0.1925261087595538,71.9385485211928
1,17,Conflict-aware,0.6227726785556466,0.19057342493653628,76.5709663521806
1,18,Conflict-aware,0.6351267184936963,0.18306804501812005,81.22053969038743
1,19,Conflict-aware,0.6380333693222887,0.18678781438128653,85.95171912464396
1,20,Conflict-aware,0.636530695470941,0.1833165469363217,90.25270532197885
1,21,Conflict-aware,0.6384688774292364,0.18301131883169447,94.50060489227208
1,22,Conflict-aware,0.6506137518319292,0.17622848133067873,99.2160482875249
1,23,Conflict-aware,0.6494854543224392,0.16490630755197336,103.49403075874505
1,24,Conflict-aware,0.6522587256905245,0.1713309295699434,108.00070501441844
1,25,Conflict-aware,0.654714236680751,0.16581788936476,112.0723162047211
1,26,Conflict-aware,0.655404101455837,0.17439182539341913,117.00344831112822
1,27,Conflict-aware,0.6584503568704481,0.16224364657511617,121.58420921921204
1,28,Conflict-aware,0.6626149174159285,0.16073975259618695,126.28642821643348
1,29,Conflict-aware,0.664854980318611,0.16345019885228065,130.511241401332
1,30,Conflict-aware,0.661094421799684,0.15797291039802366,134.89917950648316
1,31,Conflict-aware,0.6682031845974318,0.15413075218496475,139.8676226314126
1,32,Conflict-aware,0.6683445784078953,0.14719287730866618,144.2578481147417
1,33,Conflict-aware,0.6720100396011888,0.148530574399765,148.54578215514786
1,34,Conflict-aware,0.6688377396324733,0.1454194161130993,152.99212827800022
1,35,Conflict-aware,0.6708480473250371,0.1458316619567554,157.2743099660102
1,36,Conflict-aware,0.676722269397589,0.14391588767656635,161.9124097156784
1,37,Conflict-aware,0.6695047126156338,0.14715661224848697,166.3250466716484
1,38,Conflict-aware,0.6840526769071791,0.13600208494966398,170.8324668693957
1,39,Conflict-aware,0.6754640477775888,0.13418579166946396,175.42073771716974
1,40,Conflict-aware,0.6729774096959341,0.13106740117614676,179.7600835078754
1,41,Conflict-aware,0.6837265391894519,0.13383169742045986,184.49280076052213
1,42,Conflict-aware,0.6832451234496958,0.13503354070614623,188.94215196072346
1,43,Conflict-aware,0.6836913149964705,0.12783213571907198,193.40308259051602
1,44,Conflict-aware,0.687152838487046,0.12579423825030842,197.95898690134078
1,45,Conflict-aware,0.6862878931112188,0.13122027354488827,202.32963058778293
1,46,Conflict-aware,0.682955692612626,0.125883923506432,207.09848579254017
1,47,Conflict-aware,0.6848472045296702,0.12440615555589446,211.39490768474184
1,48,Conflict-aware,0.6882559724149444,0.12549226714877534,216.12966241460566
1,49,Conflict-aware,0.6954931786003395,0.11707898377865067,220.48356795246275
1,50,Conflict-aware,0.6968539480660177,0.11873167613925102,225.15119637538103
1,51,Conflict-aware,0.6916013065415728,0.11318353382487908,230.10278036365975
1,52,Conflict-aware,0.6948136800602295,0.10907281714285273,233.98504986388195
1,53,Conflict-aware,0.6919191003170204,0.1139633029502296,238.44292270213083
1,54,Conflict-aware,0.6948970860007398,0.1122441611652319,243.2513518752475
1,55,Conflict-aware,0.691591774767766,0.11244266210423116,247.57792690815015
1,56,Conflict-aware,0.6958793228813683,0.10551150997359489,252.02419340272724
1,57,Conflict-aware,0.6925302146559589,0.10806620088094683,256.4454428179454
1,58,Conflict-aware,0.6954595935070539,0.11086767668092165,261.0385612306917
1,59,Conflict-aware,0.7042812985150838,0.10754099915817296,265.31472998231516
1,60,Conflict-aware,0.6966527874754795,0.10830484053270313,270.2305290690163
1,61,Conflict-aware,0.7003850558592893,0.10643985775235643,274.5294532269983
1,62,Conflict-aware,0.6938377596288074,0.10148565990558654,278.7758521958829
1,63,Conflict-aware,0.694942652381504,0.10053233205702282,283.49574289132744
1,64,Conflict-aware,0.6978695954967602,0.10099703005425516,288.17723125818543
1,65,Conflict-aware,0.6967761692053812,0.09635145457027708,292.4147597991158
1,66,Conflict-aware,0.7070555839123247,0.09856763593911967,297.0669084500875
1,67,Conflict-aware,0.6980132796053362,0.09449747226933519,301.51725573240435
1,68,Conflict-aware,0.7004772567518904,0.09418297227869313,306.1100256821676
1,69,Conflict-aware,0.7098414960488199,0.0926699701520467,310.25838838770807
1,70,Conflict-aware,0.7061659954171128,0.0892802891394521,314.8364613232383
1,71,Conflict-aware,0.7016646265572595,0.09376972511732778,319.68426220844236
1,72,Conflict-aware,0.6970507723290259,0.09412834348762661,324.05654978891323
1,73,Conflict-aware,0.7075147843538422,0.09052464322047671,328.42980841359525
1,74,Conflict-aware,0.7040438861688215,0.08869170014295079,333.0801455532328
1,75,Conflict-aware,0.7053709273087304,0.08867804180540546,337.58691166849667
1,76,Conflict-aware,0.7079437081658374,0.0873129874371397,341.9613295736994
1,77,Conflict-aware,0.7061779584612736,0.08670217251003556,346.65235458878857
1,78,Conflict-aware,0.705176204662608,0.08483061481403532,350.79962645427406
1,79,Conflict-aware,0.707763400144962,0.09008878706679783,355.3442233221376
1,80,Conflict-aware,0.7034727342097202,0.08529426761309468,359.79111184766543
1,81,Conflict-aware,0.6972205092120047,0.08604362378863102,364.45683400485586
1,82,Conflict-aware,0.7062535360355151,0.08995435803679859,369.46389009620924
1,83,Conflict-aware,0.7030611113467422,0.07761594743043254,373.8940737425068
1,84,Conflict-aware,0.7080896582404536,0.08467918713830883,377.9921714468583
1,85,Conflict-aware,0.7080059844976324,0.08159546148425367,382.3305434275985
1,86,Conflict-aware,0.7034478944237263,0.08556477642683685,387.03079723449815
1,87,Conflict-aware,0.7078046611005472,0.0841347606332583,391.35334286782853
1,88,Conflict-aware,0.7020962411361359,0.0791069328276496,395.9269694441487
1,89,Conflict-aware,0.7058587665856898,0.0796858496915386,400.4476189441734
1,90,Conflict-aware,0.7072710199592662,0.08245610888075589,405.1976469225378
1,91,Conflict-aware,0.7028542986125546,0.08027722170390718,409.3878666319214
1,92,Conflict-aware,0.7031117989478656,0.0725321704926046,414.09854911054373
1,93,Conflict-aware,0.7068327534855346,0.07859795448126261,418.6834771975107
1,94,Conflict-aware,0.6998355659718174,0.0737639488540388,422.909774478208
1,95,Conflict-aware,0.7092340264400393,0.07771729924843572,427.2494301154065
1,96,Conflict-aware,0.7078512509467899,0.07887193314330994,431.76389929735035
1,97,Conflict-aware,0.7040205771690237,0.07314807095354967,436.72856477240094
1,98,Conflict-aware,0.6994645107514659,0.07853335152975582,441.22277400056345
1,99,Conflict-aware,0.7108439322430481,0.07370774348361697,445.6983181877679
1,100,Conflict-aware,0.7145355825226062,0.07381818873524898,449.99176437912894
1,1,Full framework,0.5416387802499196,0.23170970702808866,4.902745235211316
1,2,Full framework,0.5601301553677474,0.2191603291820652,9.605477449007902
1,3,Full framework,0.5633872462115157,0.2239429256996293,14.755970461322182
1,4,Full framework,0.5700853606543069,0.21825599840987212,19.562100573709703
1,5,Full framework,0.5820210518469782,0.21614712347454978,24.59763866686539
1,6,Full framework,0.5837000322978336,0.20610413661564328,29.67201093044676
1,7,Full framework,0.5899289920648298,0.20479461783047975,34.480703346135186
1,8,Full framework,0.5930946903567075,0.20819084814304686,39.45056895188109
1,9,Full framework,0.5941110675082834,0.19458563652888033,44.18693358344877
1,10,Full framework,0.6102661877174594,0.1977284009504884,49.0422165271154
1,11,Full framework,0.6092107616443345,0.1942914607767969,53.906785384339166
1,12,Full framework,0.6214008857797635,0.19478342674641386,59.00372903921494
1,13,Full framework,0.6218194750282994,0.1890490896726841,63.76141509935899
1,14,Full framework,0.6201591311490232,0.19060328370744103,68.66100503649537
1,15,Full framework,0.6249221497098962,0.18222664475895353,73.43411309785873
1,16,Full framework,0.643379601778869,0.1777608847482008,78.81806519022513
1,17,Full framework,0.6384926775424868,0.17692385088149037,83.27693421941946
1,18,Full framework,0.6393782754880045,0.1709571918974977,88.27503987914476
1,19,Full framework,0.6440577832915809,0.1724280858722354,93.12061449246787
1,20,Full framework,0.6569332120286415,0.16890105751954945,98.12768235142309
1,21,Full framework,0.6564843822118634,0.1668133556698758,103.18627905772662
1,22,Full framework,0.6534641701117211,0.15688130299745998,107.72412573895775
1,23,Full framework,0.6594664922502282,0.16058233482915008,112.79039070078969
1,24,Full framework,0.6571226103418285,0.16027134305293475,117.58806458253285
1,25,Full framework,0.6614199782766291,0.14909098514242286,122.21198409035108
1,26,Full framework,0.6718046357379993,0.15506295052021274,127.38256449464056
1,27,Full framework,0.6755985986573834,0.15197102440476795,132.45926992111572
1,28,Full framework,0.6697076791271181,0.15049437263708193,136.95188133890107
1,29,Full framework,0.6761843598472228,0.1484651481204963,142.1636299170281
1,30,Full framework,0.6866582326257576,0.1452946716818268,146.90500561987807
1,31,Full framework,0.6774548009684684,0.13901230411629964,151.71350167872734
1,32,Full framework,0.6807906976852051,0.1387220320232525,156.91753710047016
1,33,Full framework,0.6862710141157689,0.14444057256576515,162.07830510485826
1,34,Full framework,0.6831211590671236,0.13700999042545006,166.5051851955698
1,35,Full framework,0.6805976413036672,0.13106362830107182,171.60320637181437
1,36,Full framework,0.6861805380214772,0.13882890410730916,176.39961074042995
1,37,Full framework,0.6826040249519878,0.1320630522267687,181.2004877813419
1,38,Full framework,0.6857434326982954,0.13034229044425458,186.44269858103465
1,39,Full framework,0.6884010352878063,0.1253027320358812,191.1224718041261
1,40,Full framework,0.6920661419872858,0.12718252965957408,196.05500301891786
1,41,Full framework,0.6988114271520921,0.11899695465968724,200.7532810651015
1,42,Full framework,0.7039139288837704,0.1275847612758747,205.82296330019645
1,43,Full framework,0.6976883444323838,0.11838635486446634,210.60228537964096
1,44,Full framework,0.7043589391929337,0.11747124313703225,215.40074280505846
1,45,Full framework,0.7010837085903827,0.12007838242989281,220.64463322011414
1,46,Full framework,0.7068588168640241,0.1169691571896578,225.35831529930257
1,47,Full framework,0.7035625038653992,0.11573480012703405,230.0108796841715
1,48,Full framework,0.7075071490892573,0.11036500024374321,235.10876248478345
1,49,Full framework,0.70062970030516,0.11454926396164562,239.9381752496857
1,50,Full framework,0.6981523110612847,0.11280587491671791,244.9120149847125
1,51,Full framework,0.7034374327016392,0.10564650858750971,249.74523212259948
1,52,Full framework,0.7037099722162142,0.10854804700554525,254.9516685096383
1,53,Full framework,0.7014640028686541,0.10785029542324691,259.77205174661003
1,54,Full framework,0.7137058334996811,0.1057983438695111,264.530143615276
1,55,Full framework,0.7083582133153694,0.10131538900792486,269.1588365337428
1,56,Full framework,0.7080456207504776,0.1069974549687205,274.58214081006736
1,57,Full framework,0.7031582505782599,0.10399901235032083,279.3214840132411
1,58,Full framework,0.7056296394299598,0.10087610698599274,284.03484006339033
1,59,Full framework,0.7153218115648985,0.09706705934918101,289.2550404708573
1,60,Full framework,0.7079913081851884,0.09554520477113994,294.43070065856455
1,61,Full framework,0.7075852732981046,0.09646675605362309,298.9387668675295
1,62,Full framework,0.7148907624313237,0.09784297392426057,303.8126871845975
1,63,Full framework,0.7170217913837501,0.09475676393453802,308.58855058048636
1,64,Full framework,0.7195500320137632,0.09743706231838968,313.1819008596546
1,65,Full framework,0.7053290675898073,0.09371415226284419,318.81670665506346
1,66,Full framework,0.7184112593799705,0.09557519288025818,323.77744101158027
1,67,Full framework,0.7168036491678267,0.0971754400962039,328.42724837906917
1,68,Full framework,0.7179657130309589,0.09212524501062819,332.83621226399157
1,69,Full framework,0.713252500211977,0.09101534466460186,338.40697057618115
1,70,Full framework,0.7120012157664202,0.08992508336349704,343.073225619707
1,71,Full framework,0.7189330484224036,0.09643387394588165,347.90639734391925
1,72,Full framework,0.7191461963506507,0.08617831004791375,352.83673995315274
1,73,Full framework,0.7175638874196288,0.08717914635294036,357.810937466111
1,74,Full framework,0.7090002808792899,0.08653334341058423,362.6114031656666
1,75,Full framework,0.7154852952084749,0.08872784611689612,367.7120629652883
1,76,Full framework,0.7135354142445385,0.08619746799718425,372.42697714471393
1,77,Full framework,0.7153727073923927,0.07900753442515342,377.66525722979327
1,78,Full framework,0.7221429570322153,0.08408616639803917,382.2506246658288
1,79,Full framework,0.7168886890414609,0.08741821621035886,387.2692125117558
1,80,Full framework,0.7263048796836228,0.08708218425917116,392.10290035066316
1,81,Full framework,0.7139863996544844,0.08392442849568016,396.6305505823554
1,82,Full framework,0.719793462240467,0.0818007047556122,401.7743363479755
1,83,Full framework,0.7248583148713142,0.07937005541698411,406.8128780460358
1,84,Full framework,0.7196644146227462,0.07582895134786376,411.4587615878292
1,85,Full framework,0.7207036898810696,0.08328008317923093,416.19296564622255
1,86,Full framework,0.7176362473452537,0.07609587964778246,421.2855983470191
1,87,Full framework,0.7163399071023927,0.08033744742595036,426.0369445719957
1,88,Full framework,0.7202491523315331,0.07509768562328716,431.214316962611
1,89,Full framework,0.7208404524182918,0.07710206299089506,436.05321308102367
1,90,Full framework,0.7199961746208814,0.07627926846673601,440.97432312664955
1,91,Full framework,0.7230458851559832,0.07666555678598068,445.57317191831453
1,92,Full framework,0.7179729919091714,0.07188385179304203,450.9260194573682
1,93,Full framework,0.7209484732324343,0.07933381118030135,455.7854236830823
1,94,Full framework,0.7121963389936371,0.07172573677264192,460.7698758964627
1,95,Full framework,0.7256736001680101,0.06821671701928392,465.5053707025032
1,96,Full framework,0.7229825574863311,0.07246487257570199,470.4185198456037
1,97,Full framework,0.7205169885515506,0.07318693631160006,475.2223549109838
1,98,Full framework,0.7275182110385428,0.0769934863968139,480.1779722416053
1,99,Full framework,0.7249828556939247,0.07237163872292528,485.0840237905409
1,100,Full framework,0.7185305788191308,0.07273633899442158,489.88438666496813
2,1,FedAvg,0.5395156172686575,0.3677417672608987,22.620241678941827
2,2,FedAvg,0.5390309737420372,0.3605668599762787,46.19346901365934
2,3,FedAvg,0.5394527593374451,0.353663895369046,68.80665254699343
2,4,FedAvg,0.5524981991481794,0.34951026347398917,91.85458381946532
2,5,FedAvg,0.5547865260547703,0.3344719223093932,115.07071070863833
2,6,FedAvg,0.5529339712903889,0.33556173135552747,138.26042543275585
2,7,FedAvg,0.5557657937787018,0.32400533353253264,159.80297576060386
2,8,FedAvg,0.5622045692952417,0.3236876766592999,183.8854901713653
2,9,FedAvg,0.5661997256091791,0.3097108840846571,207.72182072859246
2,10,FedAvg,0.5641473161154228,0.309444481253769,229.13083956449248
2,11,FedAvg,0.5697146114121077,0.30236648561209833,254.14748329656317
2,12,FedAvg,0.5734915561018531,0.29869087173190323,276.1193454912752
2,13,FedAvg,0.5744474057893653,0.2907239942135896,297.0345076422915
2,14,FedAvg,0.5837514364699822,0.29170090347489197,321.64523848637106
2,15,FedAvg,0.5797858833429618,0.2804242465358864,343.66716638041305
2,16,FedAvg,0.5816690221227153,0.279794642345648,368.5800399685292
2,17,FedAvg,0.5920674862934548,0.26936470153619524,390.17418817088753
2,18,FedAvg,0.5869349196179753,0.26830597971945946,413.0131293282967
2,19,FedAvg,0.5903189056046836,0.2601852559095735,436.7943296035813
2,20,FedAvg,0.5868698400876933,0.25438370372099744,460.1613253041618
2,21,FedAvg,0.5923600640195045,0.25191651876704985,482.82559946117954
2,22,FedAvg,0.5972733128468068,0.25153299570173265,505.6457153449312
2,23,FedAvg,0.5949951377566375,0.24281058898655855,528.7524840529231
2,24,FedAvg,0.6012408452706941,0.2455123820874352,552.3930152466926
2,25,FedAvg,0.6072523164942525,0.24062754702893147,575.6733322566331
2,26,FedAvg,0.6075076079575404,0.2343239456084636,599.6232679552104
2,27,FedAvg,0.6086508247118066,0.22966991391250757,621.9093576957932
2,28,FedAvg,0.6069838442032187,0.22153734407952902,643.9029630005859
2,29,FedAvg,0.609076732848877,0.22180858971765532,666.5623703267012
2,30,FedAvg,0.61491791050346,0.21856516913218063,689.2440384937908
2,31,FedAvg,0.6181438827747253,0.21848204303720278,713.1198272431329
2,32,FedAvg,0.6140904321853717,0.20952257279539707,736.1144357564478
2,33,FedAvg,0.6194984028889404,0.20692878911973428,758.2214757006689
2,34,FedAvg,0.6266864079081751,0.20906370348413145,782.1667051525143
2,35,FedAvg,0.6210954855460135,0.1997738018674881,806.8879271829009
2,36,FedAvg,0.6248368563895139,0.19904214907590279,828.3801924538731
2,37,FedAvg,0.6291453993620396,0.1930412858855711,850.2367781549525
2,38,FedAvg,0.6206345396538154,0.184931364081291,874.5318257781992
2,39,FedAvg,0.6224153755560472,0.18669091210453206,896.2698048067352
2,40,FedAvg,0.638723249113835,0.17701198587893002,919.9391713202614
2,41,FedAvg,0.6320054100057645,0.17633529107583484,942.6562531929478
2,42,FedAvg,0.6323211716617296,0.176959654271548,967.6784549869942
2,43,FedAvg,0.638800259573521,0.17907757626845666,988.8857223642577
2,44,FedAvg,0.6312601114394744,0.17396518331128302,1011.4657907474166
2,45,FedAvg,0.6385047957475253,0.17083041911857239,1033.1338976642755
2,46,FedAvg,0.6294181243070517,0.1700421788548702,1058.5442491162207
2,47,FedAvg,0.6351683765886561,0.1620254128035345,1079.5198520307601
2,48,FedAvg,0.6332935351132446,0.1660009998048346,1104.7327645838707
2,49,FedAvg,0.6397306226983815,0.15937621479962044,1126.8040747581474
2,50,FedAvg,0.6398979885869316,0.15791003717347213,1149.5596011575271
2,51,FedAvg,0.6311755207981011,0.15881428164586492,1173.4529874459065
2,52,FedAvg,0.6337472124136628,0.1553377370283692,1196.3603366634486
2,53,FedAvg,0.6371705748499216,0.15257484000186503,1220.1402272322352
2,54,FedAvg,0.6425247362380061,0.14710274966135206,1241.7977932390963
2,55,FedAvg,0.6368447296676499,0.14428997454643774,1265.4570180434057
2,56,FedAvg,0.638651815075016,0.1422385092250976,1287.4985697462325
2,57,FedAvg,0.635189005307825,0.1442433937930671,1311.0441417667482
2,58,FedAvg,0.6381925377300608,0.14405706399799154,1334.5967222286172
2,59,FedAvg,0.6448298346900656,0.14338191827576519,1358.0033431585696
2,60,FedAvg,0.6499578173082583,0.13702003266404977,1380.4169412254323
2,61,FedAvg,0.6444041595864277,0.1389871573393794,1402.4759531343018
2,62,FedAvg,0.6511326335995969,0.14062049206813665,1424.7923116359168
2,63,FedAvg,0.6495447470355623,0.13172899652995249,1451.4210864695845
2,64,FedAvg,0.646735214695583,0.1324685858934954,1472.6400731061765
2,65,FedAvg,0.6412205956151134,0.12908309032615273,1494.213846102208
2,66,FedAvg,0.6425526772886273,0.1268053427508195,1517.8752500025855
2,67,FedAvg,0.65367606682086,0.12508926010959548,1540.8175866702086
2,68,FedAvg,0.6502439457373766,0.12267059354634487,1564.2184386355405
2,69,FedAvg,0.651665417803824,0.11954241449533776,1589.1404610091688
2,70,FedAvg,0.6461115436874824,0.12312475667967862,1608.9521129217615
2,71,FedAvg,0.6473771046707525,0.11380566744550254,1631.5238028918518
2,72,FedAvg,0.6518191293000786,0.11030808348032811,1655.9759154912213
2,73,FedAvg,0.6388811322065059,0.11856364808070885,1678.7556553990194
2,74,FedAvg,0.6486871751763238,0.1179747961210699,1701.6891937223343
2,75,FedAvg,0.6511719717359958,0.11074008846966983,1725.24029413096
2,76,FedAvg,0.6541883240301705,0.10840585226005688,1749.5123331987386
2,77,FedAvg,0.6556610811316982,0.10798327589149759,1771.3429497043298
2,78,FedAvg,0.6640505476264272,0.10388292754160591,1792.826237813759
2,79,FedAvg,0.6482637735328022,0.1140661930770798,1817.2239987043477
2,80,FedAvg,0.6454186177217044,0.11029252804796497,1840.2597817852452
2,81,FedAvg,0.6544208825692814,0.10713438674006816,1863.1380677689583
2,82,FedAvg,0.649188794808821,0.10365568412049288,1886.3136022023837
2,83,FedAvg,0.6562060391208308,0.10576322710570993,1907.8213501667444
2,84,FedAvg,0.6471399205395281,0.1055911522047499,1932.0478382061183
2,85,FedAvg,0.6551302831825175,0.10233245251348284,1955.0363648073196
2,86,FedAvg,0.6500138656820352,0.09480177449097918,1978.1641086663021
2,87,FedAvg,0.6544986948081842,0.09702550405202216,2000.6911742058116
2,88,FedAvg,0.6533042027091791,0.0976744517073444,2023.8431364610624
2,89,FedAvg,0.6522728334857395,0.09772239040184441,2045.7076081227574
2,90,FedAvg,0.6595050877234824,0.09371538215246498,2070.39898586995
2,91,FedAvg,0.6438146941396967,0.09492547652826658,2091.9733870048503
2,92,FedAvg,0.6464917432633068,0.09548400398479417,2116.4947850832746
2,93,FedAvg,0.6529527351594938,0.09485610375252612,2139.765270806867
2,94,FedAvg,0.6534403197941728,0.08551739815683482,2160.693625646845
2,95,FedAvg,0.6531139480994756,0.09213913479026263,2183.4177163034365
2,96,FedAvg,0.652714843599012,0.08742771667035336,2207.671161726708
2,97,FedAvg,0.6526361865771283,0.08955354722028853,2232.5109683527735
2,98,FedAvg,0.6558481875849427,0.08166787514382572,2253.7115060695046
2,99,FedAvg,0.654823184229325,0.08655034615544026,2276.2175484631357
2,100,FedAvg,0.6502723628253972,0.08541249581092111,2301.059313611103
2,1,FedProx,0.5376765849395544,0.34699443826453225,22.309770450871778
2,2,FedProx,0.535364275380048,0.34041287195477055,46.12688880660512
2,3,FedProx,0.5517080684261677,0.3323745410504345,68.45520176340501
2,4,FedProx,0.5509226642183552,0.32153868926834944,92.0947499041615
2,5,FedProx,0.5552995861132951,0.32401715242854534,113.03468154643762
2,6,FedProx,0.5634574783893627,0.31472001255214327,137.88370491379692
2,7,FedProx,0.5649322871564795,0.3059745520040072,162.4275295445045
2,8,FedProx,0.5665378501675357,0.3012349498952819,183.8648787335518
2,9,FedProx,0.5695065624026484,0.30091737791139,207.46325480183845
2,10,FedProx,0.5732464387366768,0.29733880525716494,229.0621717378231
2,11,FedProx,0.5713511929120604,0.2834788626795663,253.53017706105993
2,12,FedProx,0.5724377318170953,0.28544940940344,275.7138747473413
2,13,FedProx,0.589220217740385,0.2744160263226848,299.22884814132476
2,14,FedProx,0.5860469092862627,0.274522572247031,321.1006829175224
2,15,FedProx,0.5924114694313742,0.26092244710507373,345.35722194875717
2,16,FedProx,0.5934461981180921,0.2660261668501452,366.9148317370196
2,17,FedProx,0.5963527076833804,0.2606157655203265,390.58240534123377
2,18,FedProx,0.6080712157698122,0.25571685742221606,413.12166497851985
2,19,FedProx,0.5967228039252398,0.25313309835734527,438.03897722486744
2,20,FedProx,0.607839959211448,0.23882458389097044,460.32605192152363
2,21,FedProx,0.6057543951948056,0.24871731403919298,482.24951601560997
2,22,FedProx,0.6097224357575397,0.23309346615843324,504.8165713061316
2,23,FedProx,0.6087966159469393,0.23224939900168498,528.914854781491
2,24,FedProx,0.6088659498663265,0.22740959259759602,553.230789111451
2,25,FedProx,0.61762349370263,0.23192620874785647,574.3160937907099
2,26,FedProx,0.6147779083735653,0.23245593161744774,598.5883504727965
2,27,FedProx,0.6204193351597371,0.21807148205837562,620.7081016582888
2,28,FedProx,0.6147500435671673,0.2111178877621085,643.6992529201401
2,29,FedProx,0.6190590838009206,0.20696773879838823,667.7707473886744
2,30,FedProx,0.6225461287795395,0.210236617102639,689.936381751988
2,31,FedProx,0.6223430970416911,0.20813598177808748,713.9916651590705
2,32,FedProx,0.6313865541085789,0.19776250869347334,735.9637108326572
2,33,FedProx,0.6294278944753652,0.1956421197981139,758.6935463218725
2,34,FedProx,0.6318909264541893,0.19954763914937418,780.7953964701237
2,35,FedProx,0.6290856144994468,0.1933993340383188,804.1808032836105
2,36,FedProx,0.6395206774035002,0.19223248881571248,826.1907880533314
2,37,FedProx,0.6345639185042109,0.18784769804945678,851.5629422022963
2,38,FedProx,0.6377289234131236,0.18075339978703117,873.772767819605
2,39,FedProx,0.6415590836259385,0.1789002904349835,897.843864550151
2,40,FedProx,0.6354401535300123,0.17821030554897319,921.0371553976523
2,41,FedProx,0.6367479578625997,0.17101706707399017,943.447255377099
2,42,FedProx,0.6486394611540972,0.1738436289720668,967.1704219477979
2,43,FedProx,0.6454301852606092,0.16619369177624954,989.4816710051053
2,44,FedProx,0.6400429245335075,0.16694275666599462,1012.7221395534029
2,45,FedProx,0.638115082858758,0.1638107682930351,1034.7845122785798
2,46,FedProx,0.6428698128119765,0.16267124044879114,1057.190066541403
2,47,FedProx,0.6383874622755356,0.15798947582921388,1081.2840594230843
2,48,FedProx,0.6488600176838905,0.15800736226457407,1102.5903823666172
2,49,FedProx,0.6461464086749944,0.15324588577594797,1125.9726404746452
2,50,FedProx,0.6458695169231778,0.15241452148432375,1151.066320605762
2,51,FedProx,0.6433328996715911,0.14813946452852797,1173.2040226573786
2,52,FedProx,0.65496378778385,0.1384931215254109,1196.9928257608503
2,53,FedProx,0.6493226247792909,0.14359531277123241,1219.5939966159526
2,54,FedProx,0.652815087401222,0.14532827185696168,1242.737226587329
2,55,FedProx,0.650604038894913,0.13976410858834334,1265.293638637453
2,56,FedProx,0.6505588416131833,0.1397375070619872,1287.8184146310155
2,57,FedProx,0.6511473206276391,0.1384944485166647,1312.3185931744192
2,58,FedProx,0.649924399685917,0.13646401352316567,1333.748493739824
2,59,FedProx,0.6581641831588274,0.13227469894289706,1357.9313959597685
2,60,FedProx,0.6524443656471824,0.12656996577387036,1381.5485863257331
2,61,FedProx,0.6598328800713493,0.13386077089406662,1402.62624543643
2,62,FedProx,0.6523407591493372,0.1278132942038509,1426.558828025188
2,63,FedProx,0.6565086748926194,0.1325890924896071,1448.0538420113683
2,64,FedProx,0.665717105112058,0.12311438721027192,1470.6163901872524
2,65,FedProx,0.6502877603571965,0.12291649724730055,1495.717636891312
2,66,FedProx,0.6613367019088874,0.11839252397427315,1517.0884019269884
2,67,FedProx,0.6545743563462691,0.12125064523406384,1541.2410491021599
2,68,FedProx,0.6509555342607262,0.11899872092759495,1564.0093768578265
2,69,FedProx,0.6567380582412253,0.1151867755857477,1585.9515765298072
2,70,FedProx,0.6580421371964966,0.11149370701245542,1609.3544132113059
2,71,FedProx,0.6531050983366784,0.11534288084816224,1632.8413996063139
2,72,FedProx,0.6666207278249114,0.11912366827784117,1657.0664755549747
2,73,FedProx,0.6577508977978008,0.10979044780341655,1677.8231793128912
2,74,FedProx,0.6643906937607911,0.10721325922784543,1701.7209403524828
2,75,FedProx,0.6594001097226684,0.10997540088641654,1725.6896047463972
2,76,FedProx,0.6586600372388783,0.11015450640676644,1746.3693022752439
2,77,FedProx,0.6634143655000897,0.10875149228557454,1771.4565343468519
2,78,FedProx,0.663281300598256,0.11184018974473947,1793.8391758412624
2,79,FedProx,0.6673293655880007,0.1069442354221563,1817.6430601009245
2,80,FedProx,0.6570610679423096,0.1034286595386229,1839.5555061384855
2,81,FedProx,0.6642686335998778,0.1051126547071783,1863.1226460466405
2,82,FedProx,0.6632258466630229,0.10152275084130316,1886.1938375500151
2,83,FedProx,0.6661463026403129,0.10174591297040823,1909.4698416094286
2,84,FedProx,0.6648874476943565,0.09935068555338748,1931.1660571868258
2,85,FedProx,0.6590286996685227,0.09663630034263598,1954.3743069475336
2,86,FedProx,0.6613090318432108,0.09299430189045872,1980.317071514688
2,87,FedProx,0.6634740853387032,0.09743206817030936,2000.2198880444362
2,88,FedProx,0.6639567774959972,0.09891749591122538,2023.9811403555232
2,89,FedProx,0.664498804602536,0.09281053236395141,2046.42253091262
2,90,FedProx,0.6617705913723418,0.09435368568088481,2069.6260651521843
2,91,FedProx,0.6691772093990671,0.09194026517588924,2091.3848866202416
2,92,FedProx,0.6696520423157407,0.09205979810146181,2115.6928466145328
2,93,FedProx,0.6603569559483731,0.09015434049581239,2138.7442741944465
2,94,FedProx,0.6723126256624382,0.09006421268999557,2160.909216663545
2,95,FedProx,0.6608815409662405,0.08364544151057944,2184.9086425284736
2,96,FedProx,0.67212749224005,0.09246001689692947,2207.7636136835986
2,97,FedProx,0.6605680440968353,0.08518110789864416,2229.6262828448666
2,98,FedProx,0.6673999120103077,0.08845653099419828,2253.177949329859
2,99,FedProx,0.667827339778477,0.08430727789144057,2276.007826545772
2,100,FedProx,0.6676241345883516,0.08610521136173063,2299.6467507590223
2,1,SCAFFOLD,0.5323266322239,0.31347296300233063,25.91518528714869
2,2,SCAFFOLD,0.5477522248285689,0.31067600419366526,51.277244008329546
2,3,SCAFFOLD,0.5592286249453048,0.30609388727050213,74.94971405496202
2,4,SCAFFOLD,0.5568308369021258,0.2981431886356805,102.16779698934373
2,5,SCAFFOLD,0.5599863021440965,0.29788064741905235,128.33462151674308
2,6,SCAFFOLD,0.568967951135543,0.2894717457242664,152.48741532648532
2,7,SCAFFOLD,0.5659000308900521,0.28283556001747606,177.87742047947805
2,8,SCAFFOLD,0.5695889447025173,0.2841929133563465,201.87644188987503
2,9,SCAFFOLD,0.5732168659485292,0.27492190708736625,228.96369285483198
2,10,SCAFFOLD,0.5778311375321309,0.2698351453172669,255.1123733555312
2,11,SCAFFOLD,0.5877468503473324,0.2641089088705589,280.4162798629054
2,12,SCAFFOLD,0.5869570281315506,0.25891698005243396,304.78554458088746
2,13,SCAFFOLD,0.5979026895960338,0.25787260874555834,331.8246130360567
2,14,SCAFFOLD,0.6042031230449668,0.24794379366019592,358.83223276381284
2,15,SCAFFOLD,0.5959358998534179,0.2397335858151134,382.0011128051894
2,16,SCAFFOLD,0.6023416699744076,0.23788107097775738,407.84290273845863
2,17,SCAFFOLD,0.6063141822038512,0.23812105795815422,432.4305160000032
2,18,SCAFFOLD,0.6058111407295145,0.22673918913675262,457.57582418106824
2,19,SCAFFOLD,0.615166974187129,0.22987340093944508,481.4956460845911
2,20,SCAFFOLD,0.6113448499100469,0.22134910090213444,509.6540014858067
2,21,SCAFFOLD,0.6168620162774536,0.22396371923332936,536.3216147118418
2,22,SCAFFOLD,0.6130241965646367,0.21878381836202082,560.9056831969859
2,23,SCAFFOLD,0.6237507751610156,0.21079313903525843,587.5972165007496
2,24,SCAFFOLD,0.6241613560981537,0.21330927942579048,611.9350933240702
2,25,SCAFFOLD,0.6246565383794066,0.20771505988667327,638.938544026478
2,26,SCAFFOLD,0.6283282606888395,0.20479871515356754,662.7949544712044
2,27,SCAFFOLD,0.6269625654788563,0.20376588582976238,687.4677990478925
2,28,SCAFFOLD,0.6293507861740738,0.2004218384886535,716.4621180371652
2,29,SCAFFOLD,0.6359441262590984,0.19428205982926022,739.231051310091
2,30,SCAFFOLD,0.6406746220467815,0.19558191306570022,764.8944606684713
2,31,SCAFFOLD,0.6369531198344057,0.1863659192221463,789.1973446934845
2,32,SCAFFOLD,0.6332192290047666,0.19195570495210112,814.9543829220495
2,33,SCAFFOLD,0.6449927853500147,0.18235677275890178,841.684591960294
2,34,SCAFFOLD,0.6490368308999511,0.17826090791414942,866.6012768088458
2,35,SCAFFOLD,0.6407849090829032,0.17838652697171398,893.5231170936789
2,36,SCAFFOLD,0.644488690771429,0.1750412226104324,918.4765874611802
2,37,SCAFFOLD,0.6490732017040095,0.1723407037631593,943.9827883436669
2,38,SCAFFOLD,0.6510660385655713,0.16972153269661197,968.959481204972
2,39,SCAFFOLD,0.6463265927516186,0.16164232896009373,993.1446936705635
2,40,SCAFFOLD,0.6504714655678917,0.16466095189152474,1020.3448124715202
2,41,SCAFFOLD,0.656584908065778,0.16366973135150426,1047.5955793238822
2,42,SCAFFOLD,0.6579774176714767,0.1617686885999237,1070.8693457065733
2,43,SCAFFOLD,0.6601870792928103,0.15703344364941849,1096.773086738296
2,44,SCAFFOLD,0.6638359361492755,0.15203385406265643,1123.2816665692121
2,45,SCAFFOLD,0.6596412632438856,0.14949568405103766,1148.5399718896222
2,46,SCAFFOLD,0.659265849441642,0.14562432601904388,1173.1328036159543
2,47,SCAFFOLD,0.6597806563407379,0.1436817390132732,1196.5789251125145
2,48,SCAFFOLD,0.6623742888170863,0.14839189125566335,1224.0967313268968
2,49,SCAFFOLD,0.6573082143367709,0.14414508205959395,1249.6671870897212
2,50,SCAFFOLD,0.6686280011102025,0.13699512682143078,1276.9892413517773
2,51,SCAFFOLD,0.6581390746272183,0.14229804278475475,1301.02183695076
2,52,SCAFFOLD,0.6617677901858586,0.13979357984171237,1325.1924927506961
2,53,SCAFFOLD,0.6634746000577982,0.13686145022487992,1352.7387238071885
2,54,SCAFFOLD,0.6656165085621549,0.13092687483219131,1378.384569304664
2,55,SCAFFOLD,0.6619297003058449,0.13179319088014713,1400.9525605431118
2,56,SCAFFOLD,0.6718672467248277,0.133374354916178,1428.282991040642
2,57,SCAFFOLD,0.6620158452180709,0.13309403104692913,1453.6238104653005
2,58,SCAFFOLD,0.666082254896159,0.1293601034894305,1479.3041550574771
2,59,SCAFFOLD,0.6717448490140052,0.12424732913263918,1503.6993315457287
2,60,SCAFFOLD,0.6688278550298754,0.12716920285820402,1530.4761436222109
2,61,SCAFFOLD,0.6704059926470841,0.12716988599753382,1555.1795699026334
2,62,SCAFFOLD,0.6684427294950037,0.11528738865185605,1582.0326247356397
2,63,SCAFFOLD,0.6641293126704388,0.11967347640595956,1604.780624481145
2,64,SCAFFOLD,0.6701193346447774,0.11690617022480883,1634.0011280248207
2,65,SCAFFOLD,0.6732925424265795,0.11199304321052628,1659.3446461870292
2,66,SCAFFOLD,0.6711642875720284,0.11192592523746392,1682.5257302933283
2,67,SCAFFOLD,0.6796006598942568,0.11528586355302273,1707.4809170795806
2,68,SCAFFOLD,0.6696820223670529,0.11024487909185317,1732.32983562272
2,69,SCAFFOLD,0.6720850960114041,0.11839017630440513,1759.7149600271696
2,70,SCAFFOLD,0.6862560965478777,0.10983335135309262,1785.9320320716574
2,71,SCAFFOLD,0.667532110217209,0.10925237091503659,1811.1161337703882
2,72,SCAFFOLD,0.6730379243745358,0.10898096863298419,1837.5089771936744
2,73,SCAFFOLD,0.6693194001750585,0.10412348542509806,1861.2616890125553
2,74,SCAFFOLD,0.6738658226653147,0.10258196015568827,1885.2964845474228
2,75,SCAFFOLD,0.672615813688047,0.1036455627169135,1911.0219367111758
2,76,SCAFFOLD,0.6715083856494187,0.10204480150109842,1939.8937971756338
2,77,SCAFFOLD,0.6749918631729322,0.10114789690950572,1964.0690555957874
2,78,SCAFFOLD,0.6776909696405503,0.09911592780008875,1989.0578699750085
2,79,SCAFFOLD,0.6760943782982195,0.10282338815910524,2013.1206814236448
2,80,SCAFFOLD,0.6676705138463076,0.09515995587901763,2039.6445318103745
2,81,SCAFFOLD,0.6709853686098717,0.10480806043517421,2066.075572823834
2,82,SCAFFOLD,0.667943822941998,0.09735711095726443,2091.0657750037185
2,83,SCAFFOLD,0.675078416807587,0.09474419717223521,2116.0574834083795
2,84,SCAFFOLD,0.6742120273852928,0.09631987314155264,2142.7407971910125
2,85,SCAFFOLD,0.6772594343367012,0.09340344111569722,2168.3183817378404
2,86,SCAFFOLD,0.6726753993414117,0.09568202700135427,2192.921067291803
2,87,SCAFFOLD,0.6799085891193659,0.0902105419132117,2217.068123404685
2,88,SCAFFOLD,0.6825033560123883,0.09065526039829205,2244.0712651241
2,89,SCAFFOLD,0.6758647807890917,0.0914486071749875,2269.0772121497484
2,90,SCAFFOLD,0.6673027058756564,0.09240704436640204,2292.9268201670448
2,91,SCAFFOLD,0.6790657910241015,0.08682116117888096,2318.601985466389
2,92,SCAFFOLD,0.6702915869600422,0.08558235103349049,2347.0176998647253
2,93,SCAFFOLD,0.6742498503625016,0.08520746290620776,2371.9990162585436
2,94,SCAFFOLD,0.6786022931591897,0.08618682021123542,2398.9467646993994
2,95,SCAFFOLD,0.6681815666125704,0.080896041085477,2422.9161387035674
2,96,SCAFFOLD,0.6814084176817595,0.08424188625027523,2447.4411320361028
2,97,SCAFFOLD,0.6803821737306068,0.08386153393890305,2475.9926528580936
2,98,SCAFFOLD,0.6749405918817342,0.08556670212450086,2498.6261802041645
2,99,SCAFFOLD,0.68048613845286,0.08882468920959137,2523.687497927059
2,100,SCAFFOLD,0.6674417864130061,0.08499248287646932,2548.671019009431
2,1,FedNova,0.5404358410238415,0.33124087811629477,23.284384553888152
2,2,FedNova,0.5469342643654095,0.3235530528934323,47.427898110669595
2,3,FedNova,0.5392752768647199,0.31514022188045215,71.53060028980373
2,4,FedNova,0.5512896426822815,0.3096182584653252,92.9190772820449
2,5,FedNova,0.5539428546838018,0.29938626396196244,118.93308293278454
2,6,FedNova,0.5652203372841332,0.2971473830079274,140.78551712586213
2,7,FedNova,0.5694811796766744,0.2933327415934404,163.37983488745095
2,8,FedNova,0.5750422162369943,0.2862572541276977,185.75391464568293
2,9,FedNova,0.5729795373372782,0.28038965729072796,210.0948878664462
2,10,FedNova,0.5776083868145284,0.2715405607622881,235.509496554224
2,11,FedNova,0.5774635521593663,0.26956763620259344,258.66840444506545
2,12,FedNova,0.5898813871926374,0.2654558559260738,281.35328215250115
2,13,FedNova,0.5868115940448995,0.2628358355010377,304.8739214223079
2,14,FedNova,0.5881766455135127,0.25630415388453137,328.4931085261546
2,15,FedNova,0.5925388499393632,0.2563745136297954,355.02875206757415
2,16,FedNova,0.6026881568728845,0.2447613992595965,375.59725847548816
2,17,FedNova,0.6020397101965668,0.24394957651474702,400.4127860248438
2,18,FedNova,0.6046600548564259,0.2425556045521529,423.9580678783824
2,19,FedNova,0.6032896587556756,0.23549811061924059,446.1310531045347
2,20,FedNova,0.6018456571013362,0.23566728575710827,470.2299708920551
2,21,FedNova,0.6141532439861782,0.22669266790880538,493.8422313992793
2,22,FedNova,0.6149081565566112,0.22154587585821486,517.6886587248148
2,23,FedNova,0.6174901588662927,0.2185224199853404,540.0605029243194
2,24,FedNova,0.6250100255340768,0.21863517477229413,563.7542169704112
2,25,FedNova,0.6246738671107761,0.2175356694333068,588.3718503672302
2,26,FedNova,0.6183931578144868,0.20552059928257432,611.5541366231404
2,27,FedNova,0.6230385242103352,0.20191458204841048,634.820815507232
2,28,FedNova,0.6265683842164772,0.203030529138094,659.4232922320155
2,29,FedNova,0.6321061571152098,0.19582827589625476,681.9020308658572
2,30,FedNova,0.625161001093528,0.20059396447391353,706.4938712336589
2,31,FedNova,0.638381227782784,0.19373978733416813,726.6209596810909
2,32,FedNova,0.6351069606402446,0.18919152583652474,752.6957807005066
2,33,FedNova,0.6358047276890881,0.1856870600326929,775.6733673314875
2,34,FedNova,0.6367481604998032,0.1842772153309167,797.4582281532926
2,35,FedNova,0.6349324250135029,0.18082336469603366,821.5376758116308
2,36,FedNova,0.6369259373966246,0.17938324543270412,845.8242026175492
2,37,FedNova,0.6386855208496216,0.18013935029320075,868.9655901621435
2,38,FedNova,0.6366694401211981,0.17524991933412196,892.0904723299528
2,39,FedNova,0.6354777274826535,0.16996568226344747,915.6461239057287
2,40,FedNova,0.6410385580146482,0.16830740772280245,939.5857425674873
2,41,FedNova,0.6525370767541502,0.16578528959407857,962.820936911593
2,42,FedNova,0.6496944791076373,0.16377601554657034,985.2643345043816
2,43,FedNova,0.6448052576453904,0.16260703874971272,1010.4355934729487
2,44,FedNova,0.6485709666211742,0.1553521822698844,1034.6788001780792
2,45,FedNova,0.6482752036419851,0.15445933138040993,1057.0057005644003
2,46,FedNova,0.6539156302334249,0.15630988944745355,1080.5622312582677
2,47,FedNova,0.6577805627000439,0.15176758644977245,1105.036068150457
2,48,FedNova,0.6523741870078222,0.15016194912309416,1127.7622730840483
2,49,FedNova,0.6545475025931535,0.1481314484202871,1150.7639939088237
2,50,FedNova,0.655775252415358,0.14890714228739638,1173.9640919237647
2,51,FedNova,0.6481872283040807,0.13819431790832123,1198.9027769255106
2,52,FedNova,0.6617507817256842,0.14002634309011924,1222.022238501052
2,53,FedNova,0.6514387354401551,0.13977143573017914,1244.0260131506632
2,54,FedNova,0.6498565011681483,0.13416418929070348,1269.789973816942
2,55,FedNova,0.6491139256823699,0.1362222501326601,1291.9918503631927
2,56,FedNova,0.6640163076022083,0.13181438803914933,1317.9429578914446
2,57,FedNova,0.6559969577550555,0.1317392599115911,1340.1445973110062
2,58,FedNova,0.6660047896776485,0.12859888274586384,1361.8602950089767
2,59,FedNova,0.6616732719470825,0.13080265692191567,1387.532668419568
2,60,FedNova,0.6620396683641846,0.12962397178292487,1410.30878063318
2,61,FedNova,0.655772896563859,0.12268586669592237,1433.0133015011252
2,62,FedNova,0.6645719381404258,0.12427122407682865,1456.907980811473
2,63,FedNova,0.6531631886232886,0.12019178389820676,1481.1881097035825
2,64,FedNova,0.6671803909918261,0.12272167987813655,1504.8375684987334
2,65,FedNova,0.6575476638796629,0.11580139996420294,1527.3191402267307
2,66,FedNova,0.6682668402137579,0.12004340526347984,1550.9745857821142
2,67,FedNova,0.6606317056797661,0.11631106344487234,1573.7365543214794
2,68,FedNova,0.66066709981569,0.11869420667861326,1597.0528492095634
2,69,FedNova,0.6674090759876484,0.11076114015160057,1623.1060216400085
2,70,FedNova,0.654746987843808,0.11362920568815221,1645.1788379336713
2,71,FedNova,0.6626199531199388,0.11607447373622827,1669.0178450803912
2,72,FedNova,0.6648901005102189,0.10871050255712737,1692.6042464264026
2,73,FedNova,0.66123262774133,0.10350101185985906,1714.7182872976473
2,74,FedNova,0.670678206163065,0.10540810110740581,1739.8863291763776
2,75,FedNova,0.671208562336929,0.10392080891842807,1762.8419908564592
2,76,FedNova,0.666434115229646,0.10220011272995726,1786.1009977734175
2,77,FedNova,0.6667962222301688,0.10348371584325898,1810.317252802927
2,78,FedNova,0.6684791474070773,0.09704036933918928,1832.7978930625727
2,79,FedNova,0.6730367770205881,0.10126386574878213,1856.2251830160828
2,80,FedNova,0.6695985400006681,0.10365443423624941,1878.1099075184266
2,81,FedNova,0.6756273088591065,0.09955504378271163,1901.8304437892498
2,82,FedNova,0.6740177736824547,0.10527910335463092,1928.0914793783606
2,83,FedNova,0.6724827470292404,0.09878450077147916,1951.0271857928585
2,84,FedNova,0.6704517704062561,0.10064843209454889,1974.469284779894
2,85,FedNova,0.6665181022574699,0.096243968783724,1997.9798316435397
2,86,FedNova,0.6601342376996661,0.09483632206302747,2018.6409324112717
2,87,FedNova,0.6701277385899832,0.0894253542776746,2042.6761792690704
2,88,FedNova,0.6657326946228509,0.09456588623530962,2068.9779540674726
2,89,FedNova,0.6666657288975558,0.09416635993734955,2091.9272991289736
2,90,FedNova,0.6747934027259901,0.09388263253594947,2115.6097384947225
2,91,FedNova,0.6610486289690959,0.09179588280314878,2138.300188587108
2,92,FedNova,0.6627663618013042,0.08515185964167978,2162.359061353618
2,93,FedNova,0.6696172136214071,0.08647410907083561,2185.4802191088284
2,94,FedNova,0.6713818555149415,0.0851349004309429,2209.4468588601517
2,95,FedNova,0.6731178949554854,0.08880923223570147,2234.03761130736
2,96,FedNova,0.6762400456988445,0.091590836395299,2256.4285009588325
2,97,FedNova,0.676556891800065,0.0830581989472122,2280.2179344827164
2,98,FedNova,0.666384145664078,0.08315289458946325,2303.710994216707
2,99,FedNova,0.6726335130203386,0.07717928386665421,2327.1471483164255
2,100,FedNova,0.6671732374256937,0.08081091264983754,2350.6077178278347
2,1,FedLoRA,0.54405620628494,0.2863969406115773,3.8571916319483224
2,2,FedLoRA,0.5524741327984347,0.2793609759841546,8.089470635770205
2,3,FedLoRA,0.5609487537227624,0.2750702441803751,12.069559108849646
2,4,FedLoRA,0.5628065469717655,0.2740646221166602,16.44789188541574
2,5,FedLoRA,0.556598446554093,0.2650799423987423,20.428562659599585
2,6,FedLoRA,0.5651453005051791,0.26226573233234557,24.628840973441964
2,7,FedLoRA,0.5734576196098963,0.25911762691795914,28.526998410804186
2,8,FedLoRA,0.5839311884630667,0.26000709819173984,32.70605074256525
2,9,FedLoRA,0.5894528412944682,0.25041219748894283,36.9011566820525
2,10,FedLoRA,0.5966184528140172,0.24535881267066062,41.40521319698641
2,11,FedLoRA,0.5950584834370014,0.2415510567603881,44.9531899868568
2,12,FedLoRA,0.6017088550250494,0.23600100471815755,49.33874147211768
2,13,FedLoRA,0.5989236856274354,0.23419458960815234,53.11359331712061
2,14,FedLoRA,0.6052721751911712,0.2345639842570325,57.45065216120107
2,15,FedLoRA,0.61163967789384,0.23090073655664256,61.58039926352734
2,16,FedLoRA,0.6108905690907054,0.2225985580727833,65.82739602292912
2,17,FedLoRA,0.6141853515959553,0.2178033998422204,69.85046231974957
2,18,FedLoRA,0.6177576492969056,0.21445077140765204,73.61082594309467
2,19,FedLoRA,0.622274853445591,0.20564035549677787,77.90285246502896
2,20,FedLoRA,0.6345681027644883,0.20804116987108487,81.88944608381085
2,21,FedLoRA,0.6250702323780883,0.20259318923942102,85.93589980973226
2,22,FedLoRA,0.6303629219263903,0.1971598218967419,90.30561600579706
2,23,FedLoRA,0.6328829876217659,0.19552633912422093,94.39367388465598
2,24,FedLoRA,0.6364336968964274,0.19939477062931255,98.27231880273482
2,25,FedLoRA,0.6434369737760237,0.1879573840172234,102.60917808435333
2,26,FedLoRA,0.6315092476028071,0.19112953164554358,106.6060149708865
2,27,FedLoRA,0.6463965863157444,0.1865417874854022,110.44599362823182
2,28,FedLoRA,0.6440379919939824,0.17985343957281563,114.59669730858192
2,29,FedLoRA,0.6428295345397449,0.17650984274767864,118.6492121000939
2,30,FedLoRA,0.6405057854882878,0.17704058532553468,122.9891563989873
2,31,FedLoRA,0.6446026253436538,0.17464339402303913,127.15973163047155
2,32,FedLoRA,0.6509691287892548,0.1687295518153204,131.01431583955244
2,33,FedLoRA,0.6483137243482907,0.17314594343729345,135.11997352051236
2,34,FedLoRA,0.6492743824567809,0.1693015092320468,139.29527097501864
2,35,FedLoRA,0.6578775726196716,0.161738353165213,143.84050727030572
2,36,FedLoRA,0.6536551998238034,0.15674603619677963,147.51616145762327
2,37,FedLoRA,0.6664098689393072,0.15729840587682856,151.63670816384894
2,38,FedLoRA,0.6587104074666741,0.15545715651688974,155.87484155501207
2,39,FedLoRA,0.6653846437560785,0.15884173308902347,160.0088471447358
2,40,FedLoRA,0.6667488921929665,0.14841046985441186,163.9111429573271
2,41,FedLoRA,0.6681582780040638,0.14698508080617245,168.23406121619837
2,42,FedLoRA,0.6625369375653768,0.14392224159586117,172.0845373476338
2,43,FedLoRA,0.6722925726028208,0.14400848912813594,176.43783381962106
2,44,FedLoRA,0.6646775355319996,0.14050177508045744,180.376126574061
2,45,FedLoRA,0.6714041116588702,0.14274606564826825,184.43421908581055
2,46,FedLoRA,0.6757706218735134,0.13976230405989512,188.8291784075197
2,47,FedLoRA,0.6686329349411078,0.14036283933195118,192.72980693985548
2,48,FedLoRA,0.6671139012240693,0.13515133172407892,196.9505627479191
2,49,FedLoRA,0.6714566307711718,0.13246148356825913,200.8485223530252
2,50,FedLoRA,0.6714065233136428,0.13641101282853824,204.7787210658687
2,51,FedLoRA,0.6669036506504767,0.12290816727152831,209.27441185177653
2,52,FedLoRA,0.6711051828642361,0.1286366184590769,212.96742855758637
2,53,FedLoRA,0.6711055605763122,0.12156322829369272,217.17373214470226
2,54,FedLoRA,0.6719315929542845,0.1292667162458067,221.2610402528907
2,55,FedLoRA,0.677215233275103,0.12256405171739364,225.49421593538133
2,56,FedLoRA,0.6795633154119765,0.12277277537559454,229.5265448662869
2,57,FedLoRA,0.6794322482636543,0.12254730667119786,233.8534716539173
2,58,FedLoRA,0.6779308916257292,0.11760750350097067,237.82944639698104
2,59,FedLoRA,0.6769519747043647,0.12119104318154554,242.03666445509117
2,60,FedLoRA,0.6849743541857095,0.11830764030773991,245.9635837929532
2,61,FedLoRA,0.67774498355504,0.1083270695572882,250.03458386253945
2,62,FedLoRA,0.6761664475737594,0.11675999208524725,253.94969427630753
2,63,FedLoRA,0.6822906620422957,0.11431804006840715,257.9588772404217
2,64,FedLoRA,0.6676228728063596,0.10749160299270152,262.5886449037718
2,65,FedLoRA,0.6823395101088137,0.11255610537399637,266.46626167335415
2,66,FedLoRA,0.6849307433322823,0.10703002470956446,270.20621287107446
2,67,FedLoRA,0.6847038058256992,0.10386839502816535,274.65710603694015
2,68,FedLoRA,0.683798687320718,0.09922536181674092,278.86640909679244
2,69,FedLoRA,0.6861508637770617,0.1009842616118053,282.8470407636425
2,70,FedLoRA,0.6804087656166995,0.10153144879251498,286.67733240090183
2,71,FedLoRA,0.6864781417103184,0.10631184666792622,290.94519903339744
2,72,FedLoRA,0.6791262609592307,0.09957342722944268,295.3466422330775
2,73,FedLoRA,0.6797082458882158,0.09812157801632507,299.3408163783357
2,74,FedLoRA,0.6913587688719548,0.09912386406628382,303.7961598342771
2,75,FedLoRA,0.684717328789205,0.09636340518401011,307.6469473088957
2,76,FedLoRA,0.679295411376528,0.098355613628239,311.57389748496354
2,77,FedLoRA,0.6824046672532281,0.10047712555229298,315.86741449555336
2,78,FedLoRA,0.6809363359471822,0.09686343089557833,319.6498663212422
2,79,FedLoRA,0.6786976472609901,0.09433506226289617,323.7317881251559
2,80,FedLoRA,0.6862249095853877,0.09174146854847384,327.95927905865386
2,81,FedLoRA,0.6849147415246345,0.09167538691997977,332.09688191541306
2,82,FedLoRA,0.6844177732644728,0.09237515106607463,336.21627606804293
2,83,FedLoRA,0.6824394543078508,0.0904786869014927,340.432357832311
2,84,FedLoRA,0.6824097928596073,0.09080878369020413,344.3879804879398
2,85,FedLoRA,0.6858684764770732,0.08800649319088497,348.39611927354696
2,86,FedLoRA,0.6863835558454945,0.08835062010789241,352.56662392369464
2,87,FedLoRA,0.6843239342587639,0.09073335356078976,356.6627192381573
2,88,FedLoRA,0.6941104688825166,0.08877051727563393,360.7145518449565
2,89,FedLoRA,0.6882601252349068,0.08378091193652484,365.1250850421655
2,90,FedLoRA,0.6879055566380085,0.08209310131885302,368.82655222631615
2,91,FedLoRA,0.6890516751431539,0.08449781968884292,373.05315749969964
2,92,FedLoRA,0.6876796751558644,0.08364801847769344,377.38500287938143
2,93,FedLoRA,0.6905178095945306,0.08295220280738123,381.43652595812404
2,94,FedLoRA,0.6831890167803918,0.08481093835052265,385.7476392435023
2,95,FedLoRA,0.6903388696973853,0.07948124781081783,389.2989949569725
2,96,FedLoRA,0.6841996181629569,0.07985779206210883,393.45270079931316
2,97,FedLoRA,0.6865988584512935,0.08221992370166609,397.48133336549887
2,98,FedLoRA,0.6887436226176563,0.08370050226046045,401.70515214671013
2,99,FedLoRA,0.6879777789535534,0.08089758021503447,405.86642863787813
2,100,FedLoRA,0.6855550272003594,0.07394678127669037,409.8437116362424
2,1,Conflict-aware,0.5530630624665561,0.2467259527517045,4.522413172522012
2,2,Conflict-aware,0.5566951370809434,0.24452580335653895,9.224924434143826
2,3,Conflict-aware,0.5630525005623227,0.24115565766326322,13.547626849747537
2,4,Conflict-aware,0.5700298725414252,0.2321242161753899,17.61589254246639
2,5,Conflict-aware,0.5701260528354773,0.22811661449536413,22.47047611431034
2,6,Conflict-aware,0.5801803210259573,0.22363768395466443,26.95751061567783
2,7,Conflict-aware,0.5809171360490053,0.2256084532590202,31.373847671419597
2,8,Conflict-aware,0.5896877651732375,0.21661595018405236,36.1787318305147
2,9,Conflict-aware,0.5951763715143767,0.2129056210255164,40.5263611616979
2,10,Conflict-aware,0.601560026360343,0.21075763609109158,45.00449879777215
2,11,Conflict-aware,0.6008365632242181,0.20604732934591943,49.50368622353899
2,12,Conflict-aware,0.6200596423064599,0.20817648156529828,53.93148531576528
2,13,Conflict-aware,0.6119838623305014,0.19827383102754403,58.69258823589391
2,14,Conflict-aware,0.6218013538682637,0.1950273904194478,63.142899135337636
2,15,Conflict-aware,0.616035809662527,0.19062365650075974,67.13166627536647
2,16,Conflict-aware,0.6215253564942796,0.19426337792073595,72.29272660275372
2,17,Conflict-aware,0.6314259011760673,0.18619673905462786,76.36112910430877
2,18,Conflict-aware,0.631586468884571,0.1903944506142564,80.95614678248263
2,19,Conflict-aware,0.6273215991595282,0.18155307769597234,85.46506957348404
2,20,Conflict-aware,0.6364071406241515,0.17752817875700844,89.95323314582882
2,21,Conflict-aware,0.6395293297813937,0.18077671952066002,94.44324676937184
2,22,Conflict-aware,0.6380582101514203,0.17385782454514961,99.17025463773767
2,23,Conflict-aware,0.6392031364675749,0.17466292700421027,103.53699839552068
2,24,Conflict-aware,0.6555319979420695,0.1711976274733082,107.98201422530055
2,25,Conflict-aware,0.6542153671548245,0.1695067843344096,112.60810778739777
2,26,Conflict-aware,0.6504206410903209,0.166966627656588,116.79099418999039
2,27,Conflict-aware,0.6589047724275197,0.15597042404235398,121.41413523582936
2,28,Conflict-aware,0.6624809304466183,0.15699616013867584,126.15516023854916
2,29,Conflict-aware,0.6610611334743153,0.15459479049610564,130.436414649497
2,30,Conflict-aware,0.6679691248877178,0.15788779488197546,135.02176994508812
2,31,Conflict-aware,0.6677599478651787,0.151214385696249,139.92062902725354
2,32,Conflict-aware,0.6705017977318791,0.15127606601911295,143.87058665643272
2,33,Conflict-aware,0.6704922206876118,0.1480679436441407,148.31039917936636
2,34,Conflict-aware,0.6708728631958786,0.14373144138719185,152.65797206019295
2,35,Conflict-aware,0.680636581753559,0.14810577160803853,157.60367196799987
2,36,Conflict-aware,0.6731944325723517,0.14076290043994838,161.8900919387446
2,37,Conflict-aware,0.6731801558774546,0.13969020097095586,166.46176273316692
2,38,Conflict-aware,0.6788247403021984,0.14264502452558706,170.70208275736132
2,39,Conflict-aware,0.674147719869336,0.14535034372552594,175.26859546534422
2,40,Conflict-aware,0.6800501577296688,0.13847738451252134,180.36329075758314
2,41,Conflict-aware,0.6867314314731525,0.1345315172420707,184.46931783909372
2,42,Conflict-aware,0.6693768853317793,0.13128758800814147,188.81155864018334
2,43,Conflict-aware,0.6863497120349651,0.12942975528044295,193.2523250878773
2,44,Conflict-aware,0.6843740998307977,0.1314393158396122,198.27885092506395
2,45,Conflict-aware,0.6927515022575981,0.1264654913142146,202.52247679094438
2,46,Conflict-aware,0.6891090502425491,0.12014206420536848,207.20299481062523
2,47,Conflict-aware,0.6864274431357456,0.12444865434149205,211.65345975310004
2,48,Conflict-aware,0.6934904844043606,0.1215023707713775,216.1873542409816
2,49,Conflict-aware,0.6945694786289331,0.11983808207826492,220.02409276883645
2,50,Conflict-aware,0.6962688488523091,0.11747419630822369,225.50598049123903
2,51,Conflict-aware,0.6919154089367792,0.11174631823910493,229.12228866781368
2,52,Conflict-aware,0.6942195123363333,0.12028327534446322,234.03827628475068
2,53,Conflict-aware,0.6940031687410653,0.11399598844678359,238.5379035818147
2,54,Conflict-aware,0.6921782840396773,0.11105623643178442,243.1385799290555
2,55,Conflict-aware,0.6964916507431904,0.1160442350388238,247.2721354363943
2,56,Conflict-aware,0.6975988608164101,0.11374412164220397,251.93844858406874
2,57,Conflict-aware,0.700734578101336,0.1106372804625596,256.68321000110086
2,58,Conflict-aware,0.6922834422185756,0.10900698046167143,260.9721858211682
2,59,Conflict-aware,0.6950865996032031,0.10338727069358268,265.4537488257698
2,60,Conflict-aware,0.687793644605379,0.10595713389508689,270.1696975242466
2,61,Conflict-aware,0.6976022130047264,0.10411857751563396,274.67819931431745
2,62,Conflict-aware,0.7019937060026178,0.10294025091986826,278.87695042548484
2,63,Conflict-aware,0.6954680267742053,0.10614928515642466,283.3811742263652
2,64,Conflict-aware,0.6958060837173821,0.09871305100028539,287.7404778470953
2,65,Conflict-aware,0.7020373585422583,0.09670140454807387,292.7164795367331
2,66,Conflict-aware,0.6976372682658388,0.09979973921580111,297.1618977258763
2,67,Conflict-aware,0.7023506152066,0.09887977688222736,301.6043688608129
2,68,Conflict-aware,0.6998278070729254,0.09697622660279674,305.82702804747345
2,69,Conflict-aware,0.6990817124215619,0.09206834204061397,310.29562826917106
2,70,Conflict-aware,0.6989916773455294,0.09908195544748849,314.856207222421
2,71,Conflict-aware,0.6970842161877709,0.09314957978555322,319.5512037692365
2,72,Conflict-aware,0.7043771333668968,0.09232980651118287,324.2940517467515
2,73,Conflict-aware,0.6979121051372027,0.08875132734022653,328.59194614424604
2,74,Conflict-aware,0.7076396976573144,0.09213497276854145,332.8228817252218
2,75,Conflict-aware,0.7001860579995348,0.08576845585884028,337.4182878698837
2,76,Conflict-aware,0.7051010388002033,0.09397303051021282,341.90605816331066
2,77,Conflict-aware,0.7028885883648535,0.09289585801409185,346.5143771993054
2,78,Conflict-aware,0.7033765831153527,0.08371435590427302,350.9095130355014
2,79,Conflict-aware,0.7077002154499965,0.08411374352389664,355.46610570473047
2,80,Conflict-aware,0.7025634666730506,0.08801173920411899,359.86422161333854
2,81,Conflict-aware,0.7008910498486722,0.08797935585960596,364.74541179500306
2,82,Conflict-aware,0.701082745521009,0.08564406468206671,368.985129281077
2,83,Conflict-aware,0.7053906811243632,0.08536089926710795,373.53412027528304
2,84,Conflict-aware,0.7033980695069038,0.08262440068466963,378.13918004299916
2,85,Conflict-aware,0.7079373836364045,0.08737686112596631,382.5568548949664
2,86,Conflict-aware,0.7055575870378527,0.0787875513107245,386.7478928180395
2,87,Conflict-aware,0.706126941126773,0.08342929574941346,391.3496088149757
2,88,Conflict-aware,0.7100457862133883,0.08296049322079774,395.8214642036091
2,89,Conflict-aware,0.7009495795404714,0.08202566762589798,400.48706605621373
2,90,Conflict-aware,0.7016226271258291,0.08066264928360894,404.98221243177426
2,91,Conflict-aware,0.701900247738597,0.07900062516149617,409.47861281167735
2,92,Conflict-aware,0.706405564767757,0.07872558584349662,413.80246031907484
2,93,Conflict-aware,0.7080581812618024,0.07608550383264148,418.2548926991965
2,94,Conflict-aware,0.7017126313045179,0.07559436002494456,423.157425720422
2,95,Conflict-aware,0.7015810580268115,0.07672724565265666,427.2333799712877
2,96,Conflict-aware,0.7101820521257989,0.08049349343689408,432.1161558031084
2,97,Conflict-aware,0.7107891368525731,0.07615217423031401,436.4059841093843
2,98,Conflict-aware,0.7063309847095495,0.07702752026860402,440.7175306924337
2,99,Conflict-aware,0.7055665299508763,0.07464558909526818,445.42093110336447
2,100,Conflict-aware,0.7132211121201566,0.07248968845712653,450.0612127239585
2,1,Full framework,0.5522409566807832,0.22035365584669828,4.58033229210256
2,2,Full framework,0.5532295642693034,0.2272195598810875,9.914314245765176
2,3,Full framework,0.5642816552272475,0.21992242450347882,14.398229492592618
2,4,Full framework,0.5755731324210227,0.21553080983316514,19.54396270534332
2,5,Full framework,0.5880612683921652,0.20985838303048168,24.467902498002612
2,6,Full framework,0.5874325015093079,0.2131375705983186,29.323198225266296
2,7,Full framework,0.5882938764220585,0.20738582273025516,34.50636084432706
2,8,Full framework,0.5975361464814827,0.20483022654353913,39.268523957969826
2,9,Full framework,0.6049973851904463,0.19741978153700418,44.08894521840173
2,10,Full framework,0.6074277245533193,0.20101802186980502,48.8335775190532
2,11,Full framework,0.6134513747176915,0.19432381860840794,53.96623953257569
2,12,Full framework,0.6180987962345392,0.1935083901881812,58.9790632964826
2,13,Full framework,0.6222012422157029,0.19001548456893427,63.460235398360396
2,14,Full framework,0.627886622588161,0.18938894780015386,68.22904090569496
2,15,Full framework,0.6338877845371773,0.17718033984377485,73.5321660654822
2,16,Full framework,0.6383522639261238,0.17754570621304988,78.71896541314517
2,17,Full framework,0.6449345731168792,0.17511720685211046,83.26307333613919
2,18,Full framework,0.6472188036394804,0.17044620629020477,87.8266147973477
2,19,Full framework,0.6450136908298879,0.17335421513997157,93.17829790962294
2,20,Full framework,0.6572273235225659,0.16530114918316907,98.04039303881913
2,21,Full framework,0.6543520474872987,0.1681630069505744,103.07707551736904
2,22,Full framework,0.6563531564646302,0.16408395317585128,107.75366444313325
2,23,Full framework,0.6590059338125014,0.1597509633842185,112.68147600632241
2,24,Full framework,0.657294280919821,0.16126832271572872,117.13570891981831
2,25,Full framework,0.6707471899701883,0.1568552373146203,122.6753619620456
2,26,Full framework,0.6706359581958702,0.14979358155746678,127.53421096681323
2,27,Full framework,0.6725814532035862,0.14903379596138094,132.52689064305267
2,28,Full framework,0.6725325575327343,0.1427790633632129,137.39830960844486
2,29,Full framework,0.6762154475804281,0.1483113165596236,142.05786210586498
2,30,Full framework,0.6759456812217878,0.14179541738732493,147.41555291332622
2,31,Full framework,0.6761986238771589,0.14429694002057508,151.9149744304422
2,32,Full framework,0.6743482619667794,0.13832773772996967,156.93781951282548
2,33,Full framework,0.6824574297575848,0.14309137540667596,162.04865146084074
2,34,Full framework,0.6817265429656674,0.13829829818579153,166.3114403304516
2,35,Full framework,0.6839320268768654,0.13318164338141616,171.35159898589302
2,36,Full framework,0.6751646345486457,0.131928403634326,176.2970199900496
2,37,Full framework,0.6837804340649288,0.12819320943800988,181.21900225055697
2,38,Full framework,0.6876372284505665,0.1367828670187758,186.06142105241742
2,39,Full framework,0.6883055024695387,0.1246175163427014,190.8342790953964
2,40,Full framework,0.6952740449155378,0.12535768594892654,195.7819890499037
2,41,Full framework,0.6911062038453228,0.1245484587380846,200.658298545595
2,42,Full framework,0.697820633378305,0.11800586671912071,206.0632881611135
2,43,Full framework,0.7011913007638383,0.12173356217209741,210.59130468746923
2,44,Full framework,0.6999232839871529,0.11775193210106494,215.43020787908338
2,45,Full framework,0.6949648943015503,0.11989862335698309,220.18008489967707
2,46,Full framework,0.6992607914580348,0.11007142651736167,225.34676568330232
2,47,Full framework,0.6982275651127092,0.11883281772358917,230.5795412480146
2,48,Full framework,0.7082440975004495,0.11598300831993272,234.92333030084566
2,49,Full framework,0.6997872710350365,0.11348000801883092,239.94909325115384
2,50,Full framework,0.7057113059295334,0.1096867314310187,244.94849586753332
2,51,Full framework,0.698746974708144,0.10974234754627146,249.75515986475352
2,52,Full framework,0.708215091234345,0.10371380908443992,254.70913491230695
2,53,Full framework,0.7013231999199946,0.10525732474188511,259.7725637254844
2,54,Full framework,0.7117477596838178,0.10610743582080959,264.6204529055031
2,55,Full framework,0.7098349705927309,0.10786444704467088,269.53855595567944
2,56,Full framework,0.7024657436515399,0.10619708199695285,274.4568832144489
2,57,Full framework,0.7119743737527222,0.10445733650263886,279.4338478748962
2,58,Full framework,0.7059216199274424,0.10101698703086202,284.14221959592294
2,59,Full framework,0.7110878106839247,0.10021158228623811,288.8780751176158
2,60,Full framework,0.7101272724895609,0.09871700920554732,294.35169767921417
2,61,Full framework,0.7150522380997368,0.09555424544091651,298.5450434276851
2,62,Full framework,0.7191075700043799,0.09862417750124479,303.4461646300631
2,63,Full framework,0.7116482539919623,0.09795454125198934,309.0627949908722
2,64,Full framework,0.7131671716274277,0.09197144927720136,313.4887184566623
2,65,Full framework,0.7163419996693737,0.09353412872084357,318.50368894190547
2,66,Full framework,0.7164762908816279,0.09100620707754094,323.64144505110676
2,67,Full framework,0.7106320084469764,0.09099769066026425,328.13845678526445
2,68,Full framework,0.7226830135986915,0.09363087933223335,333.4328966374128
2,69,Full framework,0.7177797229469345,0.09355457681395761,338.01274584924556
2,70,Full framework,0.7110471074728116,0.0906874230885116,343.05366131705597
2,71,Full framework,0.7202982985295652,0.0951708538572584,347.8110045187664
2,72,Full framework,0.7145895012810803,0.09198703662265302,352.6916471033926
2,73,Full framework,0.7188544350246691,0.09176273896080153,357.80052332363533
2,74,Full framework,0.7181984069860725,0.08634804485530953,362.56411606907363
2,75,Full framework,0.7201667026942823,0.08434462195585414,367.4824496371635
2,76,Full framework,0.7193905174816393,0.08569678924077134,372.55041808821323
2,77,Full framework,0.7189983282288538,0.08094803474629136,377.1028856681753
2,78,Full framework,0.720888415349407,0.08379951574834961,382.2441442356613
2,79,Full framework,0.7164366094093602,0.08361871632856548,386.93244534822173
2,80,Full framework,0.7264618320652537,0.08902160096575061,392.1974175179727
2,81,Full framework,0.7196206380263873,0.08182709339181615,396.57933306731087
2,82,Full framework,0.7199513196835623,0.07962936608707952,401.68008997823574
2,83,Full framework,0.7226302501348768,0.08256587128536927,406.4571682859866
2,84,Full framework,0.7205087212902909,0.08112689392294731,411.51753791872244
2,85,Full framework,0.7245260630931245,0.08127929534345997,415.98043694017804
2,86,Full framework,0.7230457770022674,0.0795230583739258,421.35977689252854
2,87,Full framework,0.7273624145520574,0.07634920410653703,426.6428250718257
2,88,Full framework,0.723813336536047,0.07480170262229147,431.261308718368
2,89,Full framework,0.7217523881141144,0.08016611319812725,435.68175558448183
2,90,Full framework,0.7150860048368244,0.07342242808355172,440.991794025033
2,91,Full framework,0.7177848268700348,0.07957067149575171,445.9369907234704
2,92,Full framework,0.7235183146933274,0.07758373114085262,450.6966005389435
2,93,Full framework,0.7257610742240591,0.07102683295891955,455.5829499310366
2,94,Full framework,0.7226521843689717,0.07635329505465056,460.425006768868
2,95,Full framework,0.7279738487008014,0.06834251597407898,465.7197331450307
2,96,Full framework,0.7219928584412647,0.07392650148303316,470.53197425233344
2,97,Full framework,0.720833570627598,0.07433305071699288,475.23979549168695
2,98,Full framework,0.720210827844702,0.07456941728215097,480.24106465435045
2,99,Full framework,0.7180074391371756,0.07648646062934938,485.23048406226604
2,100,Full framework,0.7176366617675028,0.07011732584194262,490.0365273247396
3,1,FedAvg,0.5349982320552608,0.36642606395033706,23.070702674556465
3,2,FedAvg,0.5489050757509906,0.3584989415756,44.61926153537473
3,3,FedAvg,0.5502662888927407,0.35009079356965705,68.99990159025687
3,4,FedAvg,0.5517696807058219,0.35194731930298234,92.33827067538577
3,5,FedAvg,0.5484179504948372,0.3428830320086603,113.07297835226387
3,6,FedAvg,0.5536121711622652,0.33476290766363004,137.42625086696623
3,7,FedAvg,0.5511024626414305,0.32817025180199777,161.07200234402987
3,8,FedAvg,0.561771162510941,0.3192291226816174,183.3359872840675
3,9,FedAvg,0.5615662461368858,0.3200569518831639,206.0299761254326
3,10,FedAvg,0.5752288464198233,0.31109117886943977,231.90844784051748
3,11,FedAvg,0.5744837703267821,0.30364559664506635,252.81826046406587
3,12,FedAvg,0.5749180770369285,0.30139167095652547,275.26431172811607
3,13,FedAvg,0.5749197437140363,0.29100312189210475,299.51823975115497
3,14,FedAvg,0.5761540397172626,0.2938783278216105,322.879824992828
3,15,FedAvg,0.5810342342407963,0.28262664181422503,344.6942460717035
3,16,FedAvg,0.5867277716396436,0.2768791613540982,367.7831558761225
3,17,FedAvg,0.5853981608681397,0.2737255358615801,390.6158776539763
3,18,FedAvg,0.5938633718782873,0.2636253626725094,414.6744600973747
3,19,FedAvg,0.5971291070885083,0.26143003510328433,437.4178026602739
3,20,FedAvg,0.6035033752516461,0.25663717794647406,459.70875466237305
3,21,FedAvg,0.5940120335880171,0.2525076090786362,481.69241995609315
3,22,FedAvg,0.5982663575639802,0.2546778568016777,506.5517784076906
3,23,FedAvg,0.6001768207998192,0.24331699776865226,526.6980980929388
3,24,FedAvg,0.6025204190735528,0.23979383856675973,551.6696141646714
3,25,FedAvg,0.6117225444258693,0.23435715728302853,574.0695540682218
3,26,FedAvg,0.6030291417946396,0.23522503609421966,598.0842552835242
3,27,FedAvg,0.6144633743944368,0.2298374205344608,622.2301004334577
3,28,FedAvg,0.6058742394611977,0.22505990491077824,641.7602517836157
3,29,FedAvg,0.6168852742008893,0.2147515056019079,666.547714981545
3,30,FedAvg,0.6099427583546255,0.21688592254584485,689.5901008786888
3,31,FedAvg,0.6128011014096534,0.2147278586280594,712.957937774008
3,32,FedAvg,0.6150161874970522,0.2105408473200318,735.7879339165985
3,33,FedAvg,0.623959547734954,0.20619357120048015,757.956691944536
3,34,FedAvg,0.6226834578047493,0.2062460977144112,781.8734663399496
3,35,FedAvg,0.6286577495491702,0.20432485762541552,804.7355659585788
3,36,FedAvg,0.6210735632090082,0.19985520175451568,828.6118738570593
3,37,FedAvg,0.6244799085303555,0.1911198422687915,850.8083119893678
3,38,FedAvg,0.6270440973873369,0.18599440443265308,873.8266394573959
3,39,FedAvg,0.6281208078973818,0.18652738606590602,897.70859365235
3,40,FedAvg,0.6288983768867032,0.18311252590729288,920.5584128700934
3,41,FedAvg,0.6306652996953718,0.18592266635981014,942.3912745674379
3,42,FedAvg,0.6297823680116261,0.17433857223139257,965.6025560715088
3,43,FedAvg,0.6356125904933027,0.17888587939275977,988.9194440833543
3,44,FedAvg,0.6341923447007818,0.17338303496983257,1011.4229696743859
3,45,FedAvg,0.6332246262173528,0.1742594884075526,1034.4795084197544
3,46,FedAvg,0.6384441772061694,0.17020728485569117,1060.3501157186763
3,47,FedAvg,0.636043811509888,0.16612553498141489,1081.427128618054
3,48,FedAvg,0.6336678157952261,0.16869480115955754,1103.8669200572526
3,49,FedAvg,0.6407097100691425,0.16073243668942166,1126.1968487433846
3,50,FedAvg,0.6472756466369578,0.15590113296545566,1149.5543878871742
3,51,FedAvg,0.633664579772441,0.1580433467118595,1172.553152255801
3,52,FedAvg,0.6402278892510597,0.15505577153977027,1195.982349042876
3,53,FedAvg,0.6313879963880272,0.15677800064886394,1219.0088865064395
3,54,FedAvg,0.6339873405682744,0.14669439284591324,1242.1753607129324
3,55,FedAvg,0.6431879212619889,0.15027042620414321,1264.244297128881
3,56,FedAvg,0.6394003505321568,0.14323548677599426,1287.4770620240906
3,57,FedAvg,0.6409819275423907,0.14515677859063708,1308.7034732575187
3,58,FedAvg,0.6429188708236568,0.14192740473627108,1334.2570140059283
3,59,FedAvg,0.6426296920715587,0.1383700623780771,1356.760766965757
3,60,FedAvg,0.6438567010592187,0.13592571245580057,1380.6384904734375
3,61,FedAvg,0.6450774465209385,0.13550585213459027,1404.3360271261329
3,62,FedAvg,0.6452995499984877,0.12997331355878822,1425.9077927376566
3,63,FedAvg,0.6414221429933933,0.13008969036672072,1449.0899829820435
3,64,FedAvg,0.6459089523785547,0.13110723243669334,1470.9880253209092
3,65,FedAvg,0.6501548812688711,0.12987024648053272,1494.832129400276
3,66,FedAvg,0.646188368538408,0.12881743316658087,1518.1210967055085
3,67,FedAvg,0.6546834472079018,0.1252192396669261,1542.5582057548195
3,68,FedAvg,0.6477859678674939,0.1257879257067555,1564.6098053747335
3,69,FedAvg,0.6485187935821556,0.12242651886439755,1587.0045758967856
3,70,FedAvg,0.6521244917016497,0.1210817667029203,1609.522763716175
3,71,FedAvg,0.6487531786042969,0.12135248789769282,1632.645093154466
3,72,FedAvg,0.6448551686516071,0.11478751439627725,1656.191208144381
3,73,FedAvg,0.6491536443155639,0.114750374854788,1679.7784370481081
3,74,FedAvg,0.6504136792649535,0.11836281191901563,1701.9246849554675
3,75,FedAvg,0.6543739595105398,0.10893314467446613,1723.7318940909397
3,76,FedAvg,0.6493697325112122,0.11503814795628405,1749.826459461636
3,77,FedAvg,0.6498504206328526,0.10896751673090774,1771.6804266706906
3,78,FedAvg,0.6540258199826816,0.10923451277292842,1794.7029395677596
3,79,FedAvg,0.6514155652728848,0.10851627125848286,1816.742320801201
3,80,FedAvg,0.648710123210657,0.10704592871866614,1841.3078463239613
3,81,FedAvg,0.6556347012301817,0.10938646448386638,1864.4695042876972
3,82,FedAvg,0.6490228748561211,0.10326290201695772,1886.2219036849876
3,83,FedAvg,0.6538878141301899,0.10759097346939461,1908.983855944736
3,84,FedAvg,0.6496597209738963,0.09665997663534825,1931.9082296726442
3,85,FedAvg,0.6547256361523075,0.09886001031949372,1956.2925128788675
3,86,FedAvg,0.6592022171074486,0.10388163209333312,1978.055892611553
3,87,FedAvg,0.655891790065365,0.09866795221369143,2000.8757726565877
3,88,FedAvg,0.6516105910296001,0.09790195010936162,2023.8725559743884
3,89,FedAvg,0.6575969591026911,0.09389307913157255,2047.309817189682
3,90,FedAvg,0.6498335143642193,0.10285181078925942,2070.9524501462934
3,91,FedAvg,0.6590478688627913,0.10022751486226372,2093.477461248623
3,92,FedAvg,0.6517883975415618,0.09814774061320561,2114.4730887814653
3,93,FedAvg,0.65263241634909,0.09001296867656591,2139.022534891708
3,94,FedAvg,0.6471547301793951,0.09336663482075651,2161.403982205931
3,95,FedAvg,0.6549944645469127,0.09267494807092148,2183.2533933642853
3,96,FedAvg,0.6527325554799734,0.09053390285181263,2207.1911536437406
3,97,FedAvg,0.6513265400056195,0.09295178970941662,2231.1985655656185
3,98,FedAvg,0.6526563387045039,0.08706797235514284,2254.503627384451
3,99,FedAvg,0.6569418787647185,0.09393567607458503,2278.766883311412
3,100,FedAvg,0.6471197787232721,0.08799975824300907,2301.17887249088
3,1,FedProx,0.5360698336144696,0.3466354242954736,22.42569391280323
3,2,FedProx,0.5393832731986714,0.3330289531725724,45.925454133281626
3,3,FedProx,0.5458142895082679,0.33356980431532735,67.74810632965612
3,4,FedProx,0.5522061996384812,0.3269632074487067,92.66417861853424
3,5,FedProx,0.5568693545381849,0.3126679739277627,114.82062234280832
3,6,FedProx,0.5599346174906652,0.3104639763003111,139.21629418129672
3,7,FedProx,0.5648483488872548,0.3067779954901841,161.45572859953106
3,8,FedProx,0.5700104821854193,0.3005638781969037,183.06232072464172
3,9,FedProx,0.5682377619158911,0.29589550023023065,207.16071388034132
3,10,FedProx,0.5745405815001849,0.29146108211611976,229.83804236462734
3,11,FedProx,0.5733429232189614,0.2943087748686973,252.94530271401584
3,12,FedProx,0.579403192485517,0.2863339518616375,275.9491899126387
3,13,FedProx,0.58769675672724,0.27646530288678867,298.4600305516877
3,14,FedProx,0.5872658696688717,0.2720471225458485,321.71991189103693
3,15,FedProx,0.5869859640222078,0.26536007391031186,344.00298894285424
3,16,FedProx,0.5913045387120286,0.26419159588521096,370.06349353375936
3,17,FedProx,0.589226396766695,0.2576779324021249,389.55693876506723
3,18,FedProx,0.597730219501277,0.2526046826521201,414.3303857272006
3,19,FedProx,0.602273002994001,0.24795148085531782,437.9016983003764
3,20,FedProx,0.6013034286491263,0.24300334249397523,461.21192281827456
3,21,FedProx,0.6135256528586089,0.24421189122727097,483.07789262520845
3,22,FedProx,0.6044091782128511,0.23919192076292667,505.6816025215159
3,23,FedProx,0.6109931926079635,0.2321041693557582,529.6076400522412
3,24,FedProx,0.6133411329076898,0.23223192425089503,551.0447286928525
3,25,FedProx,0.6214311791138192,0.230062831850724,574.0562961163489
3,26,FedProx,0.6139401155742814,0.21960616991739407,597.7955981041831
3,27,FedProx,0.6141272653921708,0.21680322255292137,621.8353763198405
3,28,FedProx,0.6200455410784712,0.21776024381187534,644.0729246511975
3,29,FedProx,0.6250427924921922,0.21032534322774887,668.7963863384275
3,30,FedProx,0.6275887616044392,0.202379481611584,691.0997796223446
3,31,FedProx,0.6309587929505743,0.20689638552108375,712.8754291227267
3,32,FedProx,0.6212201165685889,0.19834091894466702,735.0953966561651
3,33,FedProx,0.6279694947494102,0.1963383133930835,758.313197254686
3,34,FedProx,0.6280191565792796,0.18918605565111088,782.3228482032948
3,35,FedProx,0.6316742645683104,0.18742137467480413,804.3319206669878
3,36,FedProx,0.6269970119815731,0.1931793658002649,826.8211336380451
3,37,FedProx,0.6370312640680315,0.18907917942252078,852.4327411896115
3,38,FedProx,0.6316655136267594,0.17632462024646592,875.6738685978561
3,39,FedProx,0.63690384723091,0.17769521041122435,896.4838521692449
3,40,FedProx,0.6434669479496671,0.1796451239254415,919.073425436274
3,41,FedProx,0.6376168569750544,0.18028978411617913,943.0654411234253
3,42,FedProx,0.6389235121095075,0.17140183963709313,965.9797198454179
3,43,FedProx,0.6464329599810453,0.1712032009511361,989.7675815687468
3,44,FedProx,0.6453576005169223,0.1655848307867862,1011.8480075733365
3,45,FedProx,0.63926380963649,0.15740458660407483,1034.0820408065842
3,46,FedProx,0.6448069130746145,0.15830354764383958,1058.4560709095142
3,47,FedProx,0.6465991147627178,0.157937944629583,1081.347079006674
3,48,FedProx,0.6458532404274429,0.15853020055111539,1102.8492311699424
3,49,FedProx,0.6446329030613972,0.1494826510520721,1125.8253543211151
3,50,FedProx,0.6473692741274596,0.1556983816409384,1148.9967341862616
3,51,FedProx,0.6505217452596083,0.14625501898923668,1172.6043828504035
3,52,FedProx,0.6475323076117407,0.1516040648226609,1197.2118440745776
3,53,FedProx,0.6441781994083581,0.14189930498600117,1216.9034036943717
3,54,FedProx,0.6512173870476842,0.145330910387873,1244.2791738935637
3,55,FedProx,0.6500833753884399,0.1452398122079249,1263.0187204288331
3,56,FedProx,0.6499451576435411,0.14154309572232487,1287.812908195175
3,57,FedProx,0.6497116152184944,0.1360905879472468,1310.7091730875482
3,58,FedProx,0.6531813109627637,0.1385393541951027,1333.8681317241435
3,59,FedProx,0.6528957563397499,0.13314064734947356,1356.0381772087276
3,60,FedProx,0.6572607725741043,0.1289263607975912,1378.9166821094655
3,61,FedProx,0.6570385543078275,0.13116885296461106,1401.8771996096336
3,62,FedProx,0.6562932456950927,0.12464590511569061,1424.0086224637926
3,63,FedProx,0.6600078222986908,0.12905654906098987,1449.0590115846746
3,64,FedProx,0.6578185143054099,0.12647093510514232,1472.647735602083
3,65,FedProx,0.6645192644428558,0.1252839703255999,1493.6338709127517
3,66,FedProx,0.66218113269668,0.12824566688628347,1519.6828334009622
3,67,FedProx,0.6565075713111018,0.11630666537357545,1542.1199590013377
3,68,FedProx,0.6566024171435577,0.12707225155700277,1564.5776537271447
3,69,FedProx,0.6526493915878379,0.12101064459568338,1587.497781567658
3,70,FedProx,0.6506005460137592,0.12171755286873813,1609.6778416987179
3,71,FedProx,0.6552821424764755,0.11280869758526871,1632.2561672106904
3,72,FedProx,0.6606214465828653,0.11044982919602954,1656.15587941009
3,73,FedProx,0.661210085916242,0.10859353280607832,1680.3834772585597
3,74,FedProx,0.6659677932990999,0.11191165306490247,1704.0804035230744
3,75,FedProx,0.6614625898084963,0.10835319024313698,1725.6895136942387
3,76,FedProx,0.6639635343224662,0.1100292524708944,1747.8149478877863
3,77,FedProx,0.6595464273299814,0.10723650394592672,1770.2737718276292
3,78,FedProx,0.6648486860363035,0.10672877443742704,1793.8683166192818
3,79,FedProx,0.6622952421437096,0.10280999943509257,1818.2737549710528
3,80,FedProx,0.6590947378662851,0.09641292405303434,1839.4125671434642
3,81,FedProx,0.6645408370083288,0.10782385281280624,1863.153229692052
3,82,FedProx,0.663710500619106,0.1022183405573131,1885.3322195162195
3,83,FedProx,0.6702040688466687,0.09697380653047608,1909.6468685901154
3,84,FedProx,0.6632179481277339,0.09778001717843936,1931.4254495846747
3,85,FedProx,0.6666212546165992,0.09893644510778181,1955.6339250990632
3,86,FedProx,0.6658342223726089,0.10157314175502827,1977.6563350115243
3,87,FedProx,0.659073693099364,0.08915555082225407,2002.7393212910133
3,88,FedProx,0.659075980321006,0.09653731218322012,2024.448209812742
3,89,FedProx,0.6627276183288252,0.09479077155263012,2048.2277574158834
3,90,FedProx,0.6665104585940391,0.09285310329181162,2069.0514110704376
3,91,FedProx,0.6602860565655825,0.08760771857928985,2092.4413863877076
3,92,FedProx,0.6552394816275523,0.0898019415925185,2117.89370152962
3,93,FedProx,0.6690523869701429,0.08690824858979979,2138.6520557914096
3,94,FedProx,0.66504768901793,0.09070729072952985,2161.461255792661
3,95,FedProx,0.669119596338179,0.09354684241341302,2184.3738550294875
3,96,FedProx,0.6649663939579725,0.09036248474036429,2208.6318669674542
3,97,FedProx,0.6596718699147802,0.08976536580460909,2232.4233762700446
3,98,FedProx,0.6649572266076691,0.08313683257361662,2253.557984781827
3,99,FedProx,0.6676006549558317,0.08302731424929632,2275.076423560691
3,100,FedProx,0.6664285239253462,0.09292677939791016,2299.7750017708736
3,1,SCAFFOLD,0.5345600858092049,0.31978606493846845,25.611440071988177
3,2,SCAFFOLD,0.5432622184771121,0.30614657021026703,49.25864369882854
3,3,SCAFFOLD,0.5475408833634137,0.3041840233964188,78.55640019970323
3,4,SCAFFOLD,0.5513308071584203,0.2982675722587859,102.12318577493515
3,5,SCAFFOLD,0.5641397118620401,0.2992189649562723,128.76643868637055
3,6,SCAFFOLD,0.5680429718660518,0.28652977657978346,154.3350389292886
3,7,SCAFFOLD,0.5708986034032119,0.28168689810517056,176.9253569008063
3,8,SCAFFOLD,0.5738092052336823,0.27475916404814354,204.70114012508222
3,9,SCAFFOLD,0.5782644280231355,0.27110679578252095,230.29726091294881
3,10,SCAFFOLD,0.5794771996692257,0.2647943758879329,256.2068038546884
3,11,SCAFFOLD,0.5827275773088869,0.2620948005050721,279.95543496440047
3,12,SCAFFOLD,0.5856163564896897,0.2664232443331292,305.28782550107655
3,13,SCAFFOLD,0.5884450873969294,0.2514139132661036,330.3606366787432
3,14,SCAFFOLD,0.595217749202637,0.2505678469534464,357.3175636514045
3,15,SCAFFOLD,0.6003944697232256,0.24695031735577017,381.89469006212045
3,16,SCAFFOLD,0.5966996981942636,0.2438137711984847,408.23946142400854
3,17,SCAFFOLD,0.6058830854904842,0.24242761902322077,432.0534056196959
3,18,SCAFFOLD,0.60616738140314,0.22919242088793385,456.73251534218406
3,19,SCAFFOLD,0.613495498049041,0.230968341799709,484.7234042206551
3,20,SCAFFOLD,0.6110682332622653,0.22406421691130746,509.7355584072091
3,21,SCAFFOLD,0.6115641370325268,0.21955566322908207,536.147091846451
3,22,SCAFFOLD,0.6254507998029606,0.21497281919558864,560.3434832804377
3,23,SCAFFOLD,0.6248611596047126,0.21963326055336066,587.2957397450396
3,24,SCAFFOLD,0.6245639466231522,0.21208683722573468,612.2612447453096
3,25,SCAFFOLD,0.6255792082710346,0.21249418415003998,638.0792877404895
3,26,SCAFFOLD,0.6227915669733897,0.20868931283506514,663.9777824263775
3,27,SCAFFOLD,0.6314037823101661,0.20601094145303644,687.8782676445988
3,28,SCAFFOLD,0.6392881725945736,0.1947101849885038,713.6085718483932
3,29,SCAFFOLD,0.6396097698326817,0.18892399539225765,739.4436891288807
3,30,SCAFFOLD,0.6351121590299273,0.19103673931791715,766.39224603669
3,31,SCAFFOLD,0.638815261582118,0.18539193004246615,790.7952474570587
3,32,SCAFFOLD,0.6510467884941098,0.1882716535904076,814.5962641051314
3,33,SCAFFOLD,0.6465106417793206,0.1820689677793407,840.5082680625893
3,34,SCAFFOLD,0.6393904356514611,0.18147804951656155,867.8298570658255
3,35,SCAFFOLD,0.6367949761929473,0.17898542937472375,893.1161103051188
3,36,SCAFFOLD,0.6478650246758495,0.1704137432953809,918.3541167671216
3,37,SCAFFOLD,0.6453197214897515,0.17245524190022649,943.5147820518011
3,38,SCAFFOLD,0.648353025347589,0.16964685694597062,968.2967217388835
3,39,SCAFFOLD,0.652030104769157,0.16902855862845556,995.2440333123836
3,40,SCAFFOLD,0.6507401897444274,0.16287806020930665,1020.0265730974825
3,41,SCAFFOLD,0.649546758675449,0.1643990480385369,1045.2215413457275
3,42,SCAFFOLD,0.6553252847668023,0.1551388415039023,1071.2538083961867
3,43,SCAFFOLD,0.6544212592042734,0.16125147858522657,1095.2788202280824
3,44,SCAFFOLD,0.6565573658386092,0.1574561227578251,1121.5118122978377
3,45,SCAFFOLD,0.6537126518254158,0.15400897663506816,1147.299063791984
3,46,SCAFFOLD,0.6505219285232725,0.14677259855370559,1173.3668643409108
3,47,SCAFFOLD,0.6529130159001048,0.14892640187480938,1197.4731040954985
3,48,SCAFFOLD,0.6637770686609104,0.14611454935343957,1224.3791571729134
3,49,SCAFFOLD,0.6634845130925586,0.14694043738629364,1248.589096960942
3,50,SCAFFOLD,0.6651384337766438,0.13120742275872865,1276.1281968570534
3,51,SCAFFOLD,0.6579201149294264,0.14521123493565966,1300.4199415059657
3,52,SCAFFOLD,0.6611843048951819,0.13853315773174765,1324.477379854087
3,53,SCAFFOLD,0.6572219463976953,0.13622379452268818,1352.604151047869
3,54,SCAFFOLD,0.6537323846801768,0.13267848640471835,1377.821178549133
3,55,SCAFFOLD,0.6621347774721751,0.13295437281328104,1402.1908215068936
3,56,SCAFFOLD,0.666480372930154,0.12885066887620905,1427.177510981285
3,57,SCAFFOLD,0.6675112916576503,0.12855648197861025,1452.9075278848645
3,58,SCAFFOLD,0.6661540524043742,0.12782798651855326,1480.1830869964263
3,59,SCAFFOLD,0.6595100642375658,0.12349456120333993,1503.4743245562622
3,60,SCAFFOLD,0.6708763917248163,0.12274476092851681,1529.5499749260346
3,61,SCAFFOLD,0.6685736197392317,0.12111625947785805,1554.847264366602
3,62,SCAFFOLD,0.6734035488491399,0.12071520119050866,1581.1914115457462
3,63,SCAFFOLD,0.6724918885055732,0.11705489879291804,1605.7399672061827
3,64,SCAFFOLD,0.6596260920621336,0.11580329589206924,1631.465191318265
3,65,SCAFFOLD,0.6685748053495646,0.11261961222565846,1658.533803470246
3,66,SCAFFOLD,0.6708473855558311,0.11290703216592857,1681.3609102569033
3,67,SCAFFOLD,0.6736513759194732,0.11905251114946089,1708.904496880427
3,68,SCAFFOLD,0.667798981469752,0.11066159065051752,1735.1223552343652
3,69,SCAFFOLD,0.6703928046852061,0.11062342127779487,1759.5317767388933
3,70,SCAFFOLD,0.662282066757874,0.10541200758413871,1782.4620605270648
3,71,SCAFFOLD,0.6746193678521842,0.1109687378516511,1809.3836921060272
3,72,SCAFFOLD,0.6775777331580439,0.10441091667438293,1834.564082829822
3,73,SCAFFOLD,0.6738989602710094,0.10473799890672421,1861.5814372070852
3,74,SCAFFOLD,0.6747619482436057,0.10104681341615299,1886.6422802768259
3,75,SCAFFOLD,0.6697642143416451,0.10576496006681757,1911.5640749227412
3,76,SCAFFOLD,0.6729360663775453,0.10059529247642399,1936.835387478441
3,77,SCAFFOLD,0.6764226615361959,0.10212686916762585,1961.9954099720276
3,78,SCAFFOLD,0.6726357487058182,0.09756655926800288,1987.3593063207936
3,79,SCAFFOLD,0.6760831419247032,0.10137310084538427,2014.977977920302
3,80,SCAFFOLD,0.6685476132925628,0.10133309828041587,2039.6753293863862
3,81,SCAFFOLD,0.6771450839373502,0.09823683680604837,2066.2271153532056
3,82,SCAFFOLD,0.6776997108779769,0.09856553434276563,2091.2599957978227
3,83,SCAFFOLD,0.6724078631970855,0.09515878112118732,2116.258087060193
3,84,SCAFFOLD,0.6723792078841209,0.09749328332423829,2140.772318702474
3,85,SCAFFOLD,0.6770804620613716,0.09360731409575451,2167.7387478819765
3,86,SCAFFOLD,0.6739941093871262,0.09293078722348605,2194.955077267018
3,87,SCAFFOLD,0.6690328586496118,0.08516087801858836,2218.83893240148
3,88,SCAFFOLD,0.6694796079258035,0.09079448102534755,2243.8161400638824
3,89,SCAFFOLD,0.672260021690174,0.09120779515634511,2269.6990970945926
3,90,SCAFFOLD,0.6832820443158405,0.08549952518766198,2294.284012645052
3,91,SCAFFOLD,0.6743510586894302,0.09110435087147037,2320.810858572279
3,92,SCAFFOLD,0.6696654745357644,0.09050734312214073,2344.969184036612
3,93,SCAFFOLD,0.685049501427196,0.0801187186518366,2372.6018569384128
3,94,SCAFFOLD,0.6681963998526379,0.0880966934743932,2398.1077845341133
3,95,SCAFFOLD,0.6740778307858648,0.08628501747874902,2421.280279111617
3,96,SCAFFOLD,0.6806158452093413,0.08163110849275397,2448.748241116036
3,97,SCAFFOLD,0.6733364202605349,0.08236883770242565,2473.5564312991346
3,98,SCAFFOLD,0.6760881318202061,0.0827339761321978,2498.308085801849
3,99,SCAFFOLD,0.6737360154823777,0.08224036835453043,2525.9329685913463
3,100,SCAFFOLD,0.6793252378055349,0.07764854254949963,2548.6000777364516
3,1,FedNova,0.5371250667036179,0.32609766130446666,23.29912274601142
3,2,FedNova,0.5421571851506335,0.3166124254284157,46.33018730861598
3,3,FedNova,0.5436200894926008,0.31687962096114464,72.76319568947801
3,4,FedNova,0.5555024557071918,0.3073197782675427,93.13953396607566
3,5,FedNova,0.5583168734979626,0.3053738693370311,117.62593589061696
3,6,FedNova,0.5621423514574074,0.297291304737642,140.43690184164547
3,7,FedNova,0.5671868624022667,0.2895072993632606,164.56210927563927
3,8,FedNova,0.5693911580739955,0.2851961999523277,187.92545166548436
3,9,FedNova,0.5748874475675277,0.28052483079184964,211.77270249263094
3,10,FedNova,0.5727966968895366,0.2824812027244416,235.9016955308488
3,11,FedNova,0.5815832422491652,0.2691342030728837,257.89226741341275
3,12,FedNova,0.5863764140992729,0.27178447392735816,281.5552104639156
3,13,FedNova,0.5810437984088416,0.26810348154843566,304.99044492140564
3,14,FedNova,0.5894137383861372,0.2601373160445907,327.86437807780936
3,15,FedNova,0.5941109119742072,0.25772812549179636,352.7938197412336
3,16,FedNova,0.5978798306909145,0.24797074014672865,375.1043160804768
3,17,FedNova,0.6086625775473765,0.2396665766835948,399.21215435098253
3,18,FedNova,0.6030079454742812,0.2377198814739466,423.26962654028404
3,19,FedNova,0.6041113957088322,0.24022293900322128,446.259443932254
3,20,FedNova,0.6078947317382217,0.2311106896097255,469.9683264264696
3,21,FedNova,0.6104789582838033,0.22370957022673843,493.4759081213673
3,22,FedNova,0.6141317452795271,0.2248803792331641,515.8990772262623
3,23,FedNova,0.6241162758504158,0.2244488823856496,539.9539637308483
3,24,FedNova,0.6257125970259325,0.21679213055151636,565.835481139659
3,25,FedNova,0.6300544802253307,0.21562906520016364,588.487692558667
3,26,FedNova,0.6212042760998738,0.20250660998327008,610.2347268943132
3,27,FedNova,0.6233433408242015,0.20517542220763405,632.8154518011985
3,28,FedNova,0.6301643007434409,0.21157353740056178,656.869190275887
3,29,FedNova,0.6280696683582504,0.19663937252093436,679.7672204791695
3,30,FedNova,0.631961288980068,0.19833927250515507,704.1673467216901
3,31,FedNova,0.630844658189916,0.19057782720261063,728.5022643779548
3,32,FedNova,0.6251058332923276,0.18779646828847235,750.2473994086195
3,33,FedNova,0.6392916424218037,0.19285310398190653,775.0450874090536
3,34,FedNova,0.6324236103634716,0.18321995510856864,800.9058741421405
3,35,FedNova,0.6384023915806999,0.18356061479135283,821.4044659232402
3,36,FedNova,0.6351393857164978,0.18013335718676252,846.2821711815975
3,37,FedNova,0.648151564030969,0.17552405267855128,868.92102913017
3,38,FedNova,0.6470080139808567,0.1726698319263428,893.3963617517145
3,39,FedNova,0.6405081347769707,0.1723712884319186,916.90445726624
3,40,FedNova,0.6515415857468702,0.1637014275396883,941.1095778500897
3,41,FedNova,0.6410291312034543,0.16841773437784618,962.2636653626503
3,42,FedNova,0.6470182443708447,0.16082066210471466,986.0652205710627
3,43,FedNova,0.6399577782788922,0.16255911634839312,1010.2992138180812
3,44,FedNova,0.6483376711872667,0.16043943415383782,1035.4249562680252
3,45,FedNova,0.6538092767964061,0.15982893932531156,1058.4878014219337
3,46,FedNova,0.6545282049600165,0.15489033862129645,1080.9202921889243
3,47,FedNova,0.6504755970028145,0.15199378057321733,1104.9054935554861
3,48,FedNova,0.6567061723596714,0.1467189079994755,1128.4392884867284
3,49,FedNova,0.6523938762654802,0.15116865356797288,1151.1938506571346
3,50,FedNova,0.6523486928774523,0.14280753107892516,1174.0637723413267
3,51,FedNova,0.6574118648640982,0.13892502418955438,1199.3608955920813
3,52,FedNova,0.6503967918012854,0.1463307623306069,1223.5989158003888
3,53,FedNova,0.6531459499896191,0.14458237162906346,1247.6704590800532
3,54,FedNova,0.6636722411838075,0.14115016840503525,1269.0540314699883
3,55,FedNova,0.6609693676571394,0.13557444420174386,1291.484982055267
3,56,FedNova,0.6650471574648555,0.13140338713781755,1315.6229327358485
3,57,FedNova,0.6625730859476671,0.13042558277972513,1338.5946115324027
3,58,FedNova,0.654392398643404,0.13365210683131426,1363.2972722665888
3,59,FedNova,0.6639009606355355,0.1291326223285329,1387.7731500127745
3,60,FedNova,0.6653917971234142,0.12901748303207694,1410.2648147295035
3,61,FedNova,0.6664816466562979,0.12023975771805326,1431.9367844986268
3,62,FedNova,0.6607083548160925,0.12763848067042916,1455.9927486733643
3,63,FedNova,0.6511531276677115,0.11914134925227941,1479.0878412764405
3,64,FedNova,0.6633473597898285,0.11724827036932278,1504.1546097254136
3,65,FedNova,0.6641057966004547,0.11842508169156384,1527.7846182127173
3,66,FedNova,0.6680277675795732,0.11644274093789336,1550.6745852674692
3,67,FedNova,0.6636513985572742,0.1095327323137747,1573.4189910107764
3,68,FedNova,0.6636777360900827,0.11610981572137871,1598.7747007417934
3,69,FedNova,0.6639682884185811,0.11921011609403546,1621.9492115478283
3,70,FedNova,0.6649262218821855,0.10972310766256453,1646.205182943589
3,71,FedNova,0.6659276716116556,0.11018960840731053,1668.691758871171
3,72,FedNova,0.6710293836617803,0.11212812785829418,1691.3377429391037
3,73,FedNova,0.6649751623738012,0.11049585795046137,1714.950024682028
3,74,FedNova,0.6638247108556075,0.10233022538262605,1736.6961615300454
3,75,FedNova,0.6611095579353613,0.10376749214071652,1763.3699412539027
3,76,FedNova,0.6598317662455604,0.11087831444876617,1786.1725087637221
3,77,FedNova,0.6652983106126631,0.10466473190990072,1809.9475409126694
3,78,FedNova,0.6630446277069676,0.1061341975330443,1833.1059350408414
3,79,FedNova,0.6697062933629139,0.09509048114746703,1856.7513036068021
3,80,FedNova,0.6707413678278757,0.09758843920785507,1879.686715851105
3,81,FedNova,0.6686502954695676,0.096063038888791,1905.4872883179357
3,82,FedNova,0.6656779698354004,0.09427132604862064,1925.5424807167665
3,83,FedNova,0.6679530185610453,0.09403751919573324,1949.5130027273176
3,84,FedNova,0.6723663454472402,0.0948144392883665,1974.3313120722696
3,85,FedNova,0.6673321728741168,0.09644981610828675,1997.8802592149214
3,86,FedNova,0.6667774370592154,0.0929789047284952,2020.0031261325937
3,87,FedNova,0.6681497124396489,0.09553728833212274,2044.000584479788
3,88,FedNova,0.6722487860288665,0.09254521841542022,2069.1080077381075
3,89,FedNova,0.6648937087855632,0.0923483029300713,2092.7318928187847
3,90,FedNova,0.6659041391709077,0.08910881332184035,2117.428544235353
3,91,FedNova,0.6651486760974887,0.09393557939349204,2135.5820139253133
3,92,FedNova,0.6719476991819618,0.093292029716604,2164.4307158498045
3,93,FedNova,0.6679638505744406,0.08762187085442631,2185.734855411017
3,94,FedNova,0.6677871090260475,0.090969565663481,2209.785233601071
3,95,FedNova,0.6704465595852581,0.08737237751655884,2232.435631913101
3,96,FedNova,0.6772884250556875,0.09122372461577456,2256.371542658089
3,97,FedNova,0.6756847634314165,0.08582194965668298,2279.836409046649
3,98,FedNova,0.6707593017035758,0.0900558297245236,2304.6911689569774
3,99,FedNova,0.6713559449004236,0.08647874758029374,2325.3463161573086
3,100,FedNova,0.668682863292153,0.0841525012495921,2350.5433671478236
3,1,FedLoRA,0.5456203728884522,0.2877422571306505,3.9881568679452033
3,2,FedLoRA,0.5601266993442466,0.2840307319544986,8.345498344125867
3,3,FedLoRA,0.5609601429242115,0.27537102278696163,12.599423081502257
3,4,FedLoRA,0.5601510926700844,0.2712916266016521,16.492138403321892
3,5,FedLoRA,0.567420820272782,0.2684109317026979,20.470462700462416
3,6,FedLoRA,0.5714717520719148,0.25808718301213085,24.81057621742775
3,7,FedLoRA,0.57636967993041,0.2597113427921827,28.517812125831092
3,8,FedLoRA,0.5760831655504235,0.25155384859434654,32.94825610480333
3,9,FedLoRA,0.5906077016033323,0.2496272575067612,36.85277080353975
3,10,FedLoRA,0.5856413313340367,0.24290192369121216,41.06724412249324
3,11,FedLoRA,0.5962435170636907,0.242731407758746,45.12968512817626
3,12,FedLoRA,0.5977586404031315,0.23588126802068873,48.99856670394984
3,13,FedLoRA,0.6057436416913992,0.23422625216139037,53.154165721979886
3,14,FedLoRA,0.6091026793220847,0.23202083912804528,57.54767235760628
3,15,FedLoRA,0.6098859013890254,0.23153565279230973,61.66028047024227
3,16,FedLoRA,0.6110152927870058,0.22424714538431098,65.50494075713813
3,17,FedLoRA,0.621285670098853,0.2210545293302935,69.54436868937664
3,18,FedLoRA,0.6264842470173695,0.20979215329513878,73.66842463289169
3,19,FedLoRA,0.6244610885984199,0.20337765253845638,77.73552645418025
3,20,FedLoRA,0.6269991920324809,0.20382366661072351,82.08536678907662
3,21,FedLoRA,0.6209933480649186,0.20232326214168556,86.09242215895462
3,22,FedLoRA,0.625974057293035,0.19826375752766753,90.07726666095114
3,23,FedLoRA,0.6413645995017785,0.19743088706446135,94.3369628565681
3,24,FedLoRA,0.6368153535088079,0.19591525592934325,98.22557490119249
3,25,FedLoRA,0.6341824626633612,0.1844473705641008,102.43623222377494
3,26,FedLoRA,0.6431298069011027,0.1865512723551343,106.4236232078005
3,27,FedLoRA,0.6356297005489138,0.18665279907975113,110.81085047759763
3,28,FedLoRA,0.6521801773311088,0.1749522931816043,114.75681429526979
3,29,FedLoRA,0.6452072100162228,0.18322251497322734,119.2496010162595
3,30,FedLoRA,0.6508340737532152,0.17883145053387195,123.04262796708842
3,31,FedLoRA,0.6482265531156063,0.17300670361160606,126.64278180165857
3,32,FedLoRA,0.6486771043511014,0.16786164258433872,131.35812688372056
3,33,FedLoRA,0.6536403503775626,0.16388147113348872,135.31000714382444
3,34,FedLoRA,0.6495507129409732,0.16389697630393615,139.24926364145819
3,35,FedLoRA,0.6555752687188267,0.1670733736438573,143.3282787260336
3,36,FedLoRA,0.6578769342905242,0.1615739155157811,147.3785944224545
3,37,FedLoRA,0.6677788519719254,0.15915845634058945,151.76297997512597
3,38,FedLoRA,0.658786338521957,0.15669276659668965,155.24737058929387
3,39,FedLoRA,0.6546273811922392,0.15036923146270958,159.7593742469796
3,40,FedLoRA,0.6659285088363175,0.1525027031996549,163.98562493991182
3,41,FedLoRA,0.6640701960266854,0.15007788256042448,168.25962500686902
3,42,FedLoRA,0.6602736094396526,0.1515342102412948,172.13224610818673
3,43,FedLoRA,0.6654489380601628,0.14576196865192662,176.36154212818585
3,44,FedLoRA,0.6622361057806653,0.14132533642667386,180.47711839294934
3,45,FedLoRA,0.6761212751299608,0.14473928330278055,184.6232503793925
3,46,FedLoRA,0.6710319823966466,0.14131014518255597,188.7089658678769
3,47,FedLoRA,0.669370631437518,0.1353540236795384,192.55351290603974
3,48,FedLoRA,0.6690433191047964,0.13515711032762762,196.43822755059801
3,49,FedLoRA,0.6713623479152571,0.13145616466389334,201.17499714422902
3,50,FedLoRA,0.6729538676009867,0.12871471926230987,205.01608760777845
3,51,FedLoRA,0.671723580100392,0.1274032664736856,209.19483284153262
3,52,FedLoRA,0.6731046405324541,0.12467110957283557,213.26808676581564
3,53,FedLoRA,0.6709864980865013,0.1275660453560052,217.11128347208557
3,54,FedLoRA,0.677514921619496,0.12615273508512329,221.50276004229295
3,55,FedLoRA,0.6722913394087087,0.12440492051404477,225.37432665230673
3,56,FedLoRA,0.6826705995253252,0.1273724224823514,229.71655425907537
3,57,FedLoRA,0.6689478664811934,0.1250689308290688,233.96639831607752
3,58,FedLoRA,0.6756340865680274,0.11545117579516236,237.84563703739877
3,59,FedLoRA,0.679984497911603,0.12087909526936644,242.10758990916395
3,60,FedLoRA,0.6787494337208853,0.11410310986282533,246.17724963177147
3,61,FedLoRA,0.6808117435559415,0.11076703585782913,249.9467241009583
3,62,FedLoRA,0.6787449825150729,0.11202334728871521,254.15729077601853
3,63,FedLoRA,0.6718886103900634,0.1127805717109022,258.0201169184222
3,64,FedLoRA,0.6758938133552548,0.11105277792539062,262.47939194409895
3,65,FedLoRA,0.6737812698635551,0.11262325021466567,266.5215770788128
3,66,FedLoRA,0.6772182279923961,0.11163666875149948,270.7756505732221
3,67,FedLoRA,0.6827142727932437,0.10530510336396914,274.83757691220194
3,68,FedLoRA,0.6847323165165905,0.11008981416519754,278.8532667641064
3,69,FedLoRA,0.6889176309845001,0.10313043024414116,282.84114494357885
3,70,FedLoRA,0.679339258237286,0.10412999210817847,286.75595132293387
3,71,FedLoRA,0.6819879735531214,0.1020009748451393,291.13769582001436
3,72,FedLoRA,0.6899152519652123,0.0959175841510497,295.33036210657787
3,73,FedLoRA,0.6786316112940567,0.10097089924461451,299.3441461298234
3,74,FedLoRA,0.6914630040745812,0.09788526569324965,303.32522915855367
3,75,FedLoRA,0.6825521918493241,0.1013104874987953,307.84030135948296
3,76,FedLoRA,0.6854625140851369,0.10004690219854818,311.39932287789657
3,77,FedLoRA,0.6790747421148275,0.09487518909893422,315.85748457122827
3,78,FedLoRA,0.6865433834302228,0.098250305403952,319.92704232180864
3,79,FedLoRA,0.6799680006598492,0.09743437582611714,323.9820400615259
3,80,FedLoRA,0.6844364510614259,0.0945063267244292,327.78793893544224
3,81,FedLoRA,0.6872366430104796,0.09213295860517769,331.9552479533131
3,82,FedLoRA,0.6857634277432082,0.08910174434823724,336.2651343543079
3,83,FedLoRA,0.6842119383693707,0.08930429679757965,340.17318393693967
3,84,FedLoRA,0.6857062730445971,0.09006267852025311,344.39939884139324
3,85,FedLoRA,0.688165917085338,0.08701688843924342,348.5339115351985
3,86,FedLoRA,0.6880631131098617,0.09206359847463876,352.6011175681088
3,87,FedLoRA,0.6887094040072624,0.08562240461279941,356.77200429408674
3,88,FedLoRA,0.6929611736347124,0.08759288052279567,360.9592495104989
3,89,FedLoRA,0.6861652676342634,0.08775686880361058,364.68876863600207
3,90,FedLoRA,0.6835547696718371,0.07833489394967484,369.2252938384498
3,91,FedLoRA,0.6885035963384355,0.08952212632191477,373.29862803396924
3,92,FedLoRA,0.6815172268618803,0.08404779897218119,377.2654414468942
3,93,FedLoRA,0.6837492942251311,0.07881609864494332,381.15628866628106
3,94,FedLoRA,0.685219274646988,0.0852074696067777,385.45978902020585
3,95,FedLoRA,0.6891669087688533,0.08388479179666547,389.70947567649597
3,96,FedLoRA,0.692517629382043,0.07636820854341815,393.5072373882555
3,97,FedLoRA,0.6855815580280359,0.07909279448910317,397.710721934673
3,98,FedLoRA,0.694383628061779,0.08162437801734598,401.8597766014917
3,99,FedLoRA,0.6820530004176422,0.07936958160083504,406.10865682744316
3,100,FedLoRA,0.6867691607538808,0.08108790699138047,409.8723219703241
3,1,Conflict-aware,0.5512668112572987,0.25371409499115644,4.5584806658630805
3,2,Conflict-aware,0.5545611934028415,0.24972033478218855,8.85790394885825
3,3,Conflict-aware,0.5653748713890262,0.23699291174928358,13.325681065816644
3,4,Conflict-aware,0.567600362969121,0.23324597620603618,18.094292363386828
3,5,Conflict-aware,0.5796891450867503,0.23476854789232987,22.600813288932464
3,6,Conflict-aware,0.5840179947837892,0.2271356770625958,27.094485129519366
3,7,Conflict-aware,0.5864446249607645,0.2228865426604047,31.47083663553627
3,8,Conflict-aware,0.5883154895621463,0.22578829679182874,36.015795763850164
3,9,Conflict-aware,0.5951619780231333,0.21988425503271666,40.82443749649195
3,10,Conflict-aware,0.5945996103234561,0.2146780313958975,44.96740150964995
3,11,Conflict-aware,0.6062724595023737,0.20779178522817848,49.68321992828072
3,12,Conflict-aware,0.6120783303212312,0.2013763087579507,53.454921561814054
3,13,Conflict-aware,0.6154521269764013,0.20932775742128706,58.46008300932133
3,14,Conflict-aware,0.6176016504980256,0.19766788452142864,63.15335115740959
3,15,Conflict-aware,0.6259147350740439,0.19692626277010877,67.64765498676451
3,16,Conflict-aware,0.6250142338975663,0.1927942920468259,71.93495683879686
3,17,Conflict-aware,0.6309078457868843,0.18776209351966913,76.51994107083351
3,18,Conflict-aware,0.6322484712963955,0.184949422182728,81.01905240728934
3,19,Conflict-aware,0.6291412582048418,0.18047975078940903,85.81195576547717
3,20,Conflict-aware,0.6468042998895525,0.1788273160378324,89.89583458319035
3,21,Conflict-aware,0.6420008375421333,0.17366283309196298,94.69170761507478
3,22,Conflict-aware,0.6431090320006305,0.18052167070731703,98.84071434062676
3,23,Conflict-aware,0.6459277026933276,0.16952963629430715,103.6333242868846
3,24,Conflict-aware,0.6554408647237705,0.1689074924924366,108.1903896466903
3,25,Conflict-aware,0.65341125169759,0.16532897603942867,112.60858814597292
3,26,Conflict-aware,0.6535467351126742,0.1634475063215407,117.291693654885
3,27,Conflict-aware,0.648363374918047,0.1652533385439154,121.54965681223484
3,28,Conflict-aware,0.6560798507962319,0.15938731803146214,125.9942398696705
3,29,Conflict-aware,0.6685370297356373,0.15592126502989317,130.9265719369647
3,30,Conflict-aware,0.6686218495220322,0.15973136252190742,135.05289161113586
3,31,Conflict-aware,0.6648301949769218,0.1578921241491915,139.45493485511423
3,32,Conflict-aware,0.6743160296299218,0.14847764838435487,144.07075998357394
3,33,Conflict-aware,0.6750652542341166,0.14481665784075456,148.57159902009778
3,34,Conflict-aware,0.6812776091113415,0.14435855469834996,152.9354369577066
3,35,Conflict-aware,0.6767559354865763,0.14721401563692094,157.52562959821392
3,36,Conflict-aware,0.6698669600843398,0.14125249266782516,161.74023920325416
3,37,Conflict-aware,0.6782401878277374,0.14330081375775225,166.836054883951
3,38,Conflict-aware,0.6818106965456759,0.1407664156432061,171.05324376515404
3,39,Conflict-aware,0.6806594208607392,0.13428088531332644,175.15646536457197
3,40,Conflict-aware,0.678118217235336,0.13839717692978942,179.82000006187408
3,41,Conflict-aware,0.6780320821213333,0.13505402408225875,184.46405489504264
3,42,Conflict-aware,0.6828731297104722,0.1259289190559846,188.93230390191295
3,43,Conflict-aware,0.6843243363731402,0.13139003859601672,193.44375548538795
3,44,Conflict-aware,0.6878432402795881,0.12708341018641464,197.99967180956784
3,45,Conflict-aware,0.6804096918130725,0.1231472716529011,202.36129752939485
3,46,Conflict-aware,0.6847524862406701,0.12264099026085887,206.7202559835017
3,47,Conflict-aware,0.6873624598069868,0.1234042585921966,211.48289786555904
3,48,Conflict-aware,0.6895513886675677,0.12021906327100523,216.0182559339908
3,49,Conflict-aware,0.6944260157871232,0.11779177996509242,220.3959583179866
3,50,Conflict-aware,0.688754285311266,0.11585030982965246,224.82969215552419
3,51,Conflict-aware,0.6822921618471468,0.12188125332590867,229.54983839936259
3,52,Conflict-aware,0.6934836436691127,0.11067335766955769,233.73002745023862
3,53,Conflict-aware,0.688627760650648,0.11496180112842945,238.77814648527092
3,54,Conflict-aware,0.6949184928444408,0.11668540987064552,242.95627501008897
3,55,Conflict-aware,0.6905699492309086,0.11485726536952981,247.33240271556812
3,56,Conflict-aware,0.6875779847724215,0.10757557150220005,252.07360787630353
3,57,Conflict-aware,0.694530731368937,0.10494328367758936,256.61284366542844
3,58,Conflict-aware,0.6973280264521718,0.10472466964108781,261.07207368044715
3,59,Conflict-aware,0.7033849359950168,0.10611834476877986,265.4414848060778
3,60,Conflict-aware,0.6959899627125278,0.09740229027938731,269.9931929943612
3,61,Conflict-aware,0.6952087119775263,0.10526440778279961,274.52697903481067
3,62,Conflict-aware,0.6994127237034647,0.10691558238595573,279.0178183682501
3,63,Conflict-aware,0.6999145617107455,0.10285105629077616,283.58963415618194
3,64,Conflict-aware,0.6978449256773283,0.0988868316674803,287.93399923945987
3,65,Conflict-aware,0.6975099013691801,0.09972968554094053,292.2929778532058
3,66,Conflict-aware,0.7010430769603622,0.10074123343612625,296.79196800667995
3,67,Conflict-aware,0.6962812662189235,0.09874991997712543,301.6380188753737
3,68,Conflict-aware,0.70147239740217,0.09466379237854158,305.79559549863984
3,69,Conflict-aware,0.6995496197508551,0.10009577822161116,310.7664334940499
3,70,Conflict-aware,0.696852585297125,0.09272231767934574,314.71244769274733
3,71,Conflict-aware,0.7004309820890736,0.08889135956789374,319.45458072779275
3,72,Conflict-aware,0.7054722157944623,0.09467032805190345,323.98726708232306
3,73,Conflict-aware,0.7033784034876924,0.09522453584160444,328.2585242011964
3,74,Conflict-aware,0.7012294854464709,0.09065543063784993,332.83669752801705
3,75,Conflict-aware,0.7021256326130065,0.08860123994434091,337.5963329453694
3,76,Conflict-aware,0.7055027508311618,0.08633864369466875,342.1069177442087
3,77,Conflict-aware,0.6952440322526025,0.083596100809713,346.7259345150735
3,78,Conflict-aware,0.7003390266589108,0.08576816673145958,350.77955074575823
3,79,Conflict-aware,0.7099571205174958,0.08802425273673756,355.3772714627112
3,80,Conflict-aware,0.7012749110622782,0.08401658606223007,360.0709867181845
3,81,Conflict-aware,0.7083944137279605,0.09148741421477845,364.3015252712761
3,82,Conflict-aware,0.6953718549143182,0.0843564363901663,368.96814405411055
3,83,Conflict-aware,0.7074596552453496,0.08578383658734814,373.44743761788334
3,84,Conflict-aware,0.703627705272209,0.08302009230605786,377.91854796477537
3,85,Conflict-aware,0.7079581964594233,0.08652830360621791,382.54776527929226
3,86,Conflict-aware,0.7025864520070395,0.08422818642229034,387.03033346472773
3,87,Conflict-aware,0.7071651132142308,0.08196340658344888,391.5212088882529
3,88,Conflict-aware,0.7056730151382247,0.08063715346122827,395.8845743998484
3,89,Conflict-aware,0.6983789214101331,0.08453031404058628,401.0630703623325
3,90,Conflict-aware,0.7089435510453835,0.0809073547569452,404.87849416894244
3,91,Conflict-aware,0.7082144404663814,0.07799302938981824,409.51878894970946
3,92,Conflict-aware,0.7004364618919098,0.07521135063962431,414.03003523710555
3,93,Conflict-aware,0.7101923446088207,0.07438916456853471,418.2909859746136
3,94,Conflict-aware,0.7092347958274424,0.07966780302039533,423.1223528686177
3,95,Conflict-aware,0.7055123125430623,0.0732611700389636,428.06413944422934
3,96,Conflict-aware,0.7079182793282313,0.07554622260300163,432.00252727089486
3,97,Conflict-aware,0.7130183554892954,0.0790565329489501,436.1104440014052
3,98,Conflict-aware,0.7071760643395204,0.07451827545292583,440.74098679832923
3,99,Conflict-aware,0.7093788802923987,0.07345649000180579,445.6383566027682
3,100,Conflict-aware,0.7083921407519068,0.07422393182066207,450.05454743444517
3,1,Full framework,0.5392043982074954,0.2326728992259716,4.768598954330123
3,2,Full framework,0.5614698296245212,0.22345918365975648,9.681000444362468
3,3,Full framework,0.5707559641534318,0.22316897069201688,14.842494974580912
3,4,Full framework,0.5695065140884499,0.21722803887610515,19.44714647578102
3,5,Full framework,0.5820229577331001,0.2118852543127271,24.511550414348235
3,6,Full framework,0.5927286801682223,0.20518363829889397,29.621605210363935
3,7,Full framework,0.592798126996516,0.20547805587506615,34.162844445929466
3,8,Full framework,0.5950319694925656,0.2017298093807304,38.968347579088736
3,9,Full framework,0.5990474505955975,0.19536120590384803,44.191967532399666
3,10,Full framework,0.6069322768341476,0.2000353429208953,48.695640733781254
3,11,Full framework,0.6141060313427763,0.19504796700473606,53.8764301501544
3,12,Full framework,0.6170074100417029,0.18578693543789637,59.07647860628327
3,13,Full framework,0.620932183478719,0.18851373645089978,63.718700162815786
3,14,Full framework,0.6284192626762997,0.18220588189793,68.71578616199025
3,15,Full framework,0.6278176846270918,0.18020904711146435,73.74794166202325
3,16,Full framework,0.6397235643233069,0.17850200356803197,78.4872020539329
3,17,Full framework,0.6419900958835616,0.1698742954392736,82.98088392054059
3,18,Full framework,0.6337007164553323,0.175395984036985,87.81072212579593
3,19,Full framework,0.6481701750936331,0.17543445531741372,92.99625696174034
3,20,Full framework,0.6488452748656506,0.16720882205323334,98.04025057615723
3,21,Full framework,0.6529462217621165,0.1661858817636102,102.88190333768244
3,22,Full framework,0.6611228423999931,0.16045688644860612,108.00754760926087
3,23,Full framework,0.661146208392423,0.15905831108115145,112.84473424814472
3,24,Full framework,0.6630591939482302,0.1572456444687944,117.72576988984164
3,25,Full framework,0.6632415175648713,0.15836460221526727,122.26961629115017
3,26,Full framework,0.6657201938898082,0.15465182762890264,127.47014012306701
3,27,Full framework,0.6761630817307829,0.1502906730288633,132.22536591189584
3,28,Full framework,0.6699730357709798,0.14795956494103898,137.29270246364823
3,29,Full framework,0.6729350146563692,0.1474506724082596,142.0432537590751
3,30,Full framework,0.6752582224573278,0.1441945021940128,147.05217010170128
3,31,Full framework,0.6790497770392934,0.14782376398902877,151.5123297134085
3,32,Full framework,0.681661718869967,0.1381568596456854,156.61536551252524
3,33,Full framework,0.6835314634606114,0.1403594816707983,161.3876691919957
3,34,Full framework,0.6847265026816375,0.1411520809207366,166.45478379132524
3,35,Full framework,0.6841955335846002,0.13925170096398737,171.69560800105248
3,36,Full framework,0.6838059936641578,0.1350310357014506,176.64551363197765
3,37,Full framework,0.6919826613243478,0.13524426239475298,181.50653010076434
3,38,Full framework,0.6964647215404316,0.12796127800688414,186.23951377818875
3,39,Full framework,0.6933394888799593,0.12968703220801128,191.30865732735933
3,40,Full framework,0.6926501609972281,0.12522311843787443,195.75527084659194
3,41,Full framework,0.6999380183120912,0.12031097991863567,200.87538796817546
3,42,Full framework,0.6946672108981438,0.12037793972309721,205.75988947653275
3,43,Full framework,0.700386787229274,0.1188133943227009,210.58596251787026
3,44,Full framework,0.7013330903407905,0.1177956909081257,215.43641750426946
3,45,Full framework,0.6988227762180217,0.12044352438714634,220.47166843055453
3,46,Full framework,0.6990300556240981,0.12513430762880257,225.36874782825797
3,47,Full framework,0.6989117353211182,0.11669494060931439,230.2854183438088
3,48,Full framework,0.7015878776190713,0.11409253021923377,235.20599169088527
3,49,Full framework,0.7119278073142997,0.1143278141095185,240.28386727393385
3,50,Full framework,0.7082363428989433,0.11191877028748619,244.9304397908793
3,51,Full framework,0.7099580244627564,0.11200140466137111,250.0037273785306
3,52,Full framework,0.7032889917023539,0.10971120430127901,254.75501197830607
3,53,Full framework,0.7078466869552296,0.10078035716611068,259.70284645632984
3,54,Full framework,0.7038131031296139,0.10309299506204403,264.6893184235215
3,55,Full framework,0.7069333610352527,0.1093150748921872,269.690768751202
3,56,Full framework,0.7008055953440229,0.10637939321555547,274.58088546985243
3,57,Full framework,0.7142710968277401,0.1064934491869112,279.1180946863309
3,58,Full framework,0.7061164506764196,0.10432746934593091,284.36132765281394
3,59,Full framework,0.7157868787013815,0.0964253440065704,289.0435129077706
3,60,Full framework,0.7114638025942365,0.09683086337678065,293.645672777494
3,61,Full framework,0.7122744875760696,0.09800770012141134,298.7296771361072
3,62,Full framework,0.7105042472998663,0.09951421891276849,303.8614277832797
3,63,Full framework,0.7146068906823733,0.09458227064957998,308.75961974834024
3,64,Full framework,0.7116259217329564,0.09232146572044528,313.66276923110655
3,65,Full framework,0.7054232912820594,0.09969974846536352,318.08274011684887
3,66,Full framework,0.7189785682538848,0.09457119635417315,323.37689872816657
3,67,Full framework,0.7131867300183489,0.0953309784499676,328.17468498574766
3,68,Full framework,0.7164896309425076,0.09547427029652064,333.3226877028783
3,69,Full framework,0.7164102339967459,0.08773497363945866,338.42238017899086
3,70,Full framework,0.7118371046052506,0.09374576612661753,342.9130798394419
3,71,Full framework,0.713218710491012,0.0862068887543653,347.89227517336866
3,72,Full framework,0.7119423648434055,0.08791839692815438,352.531040188934
3,73,Full framework,0.7170436162356084,0.08988167826290448,357.5743932864803
3,74,Full framework,0.7089021439490998,0.086853838946723,362.57118099527867
3,75,Full framework,0.7215173741089719,0.08709067377140868,367.49771518088374
3,76,Full framework,0.7236353292348627,0.08153205709864943,372.29557795234905
3,77,Full framework,0.7119417654940958,0.08300829702401119,377.34403030212695
3,78,Full framework,0.7275536384036243,0.0902543531905276,382.3231591601373
3,79,Full framework,0.7107891817729417,0.08640577298461405,387.039400996406
3,80,Full framework,0.7233838085292298,0.08402080259058523,392.321273847481
3,81,Full framework,0.7234760090228728,0.0806169358206256,396.8960117048925
3,82,Full framework,0.7199731716695591,0.08129008567827226,401.8041686723147
3,83,Full framework,0.7147839566394938,0.08209540501491719,406.7171311439705
3,84,Full framework,0.7154919679901505,0.07752067812670184,411.65734471544795
3,85,Full framework,0.713742539143233,0.07906793280892328,416.255076878898
3,86,Full framework,0.717399814374887,0.08341206579969092,421.1981964280592
3,87,Full framework,0.7186528155793344,0.07907716837506885,426.0402771701145
3,88,Full framework,0.7182008087099062,0.08019979081415536,431.1980337731422
3,89,Full framework,0.7178353159207232,0.07976764550279046,436.1729773297599
3,90,Full framework,0.7172885644384276,0.07972426872654904,440.7869915029699
3,91,Full framework,0.717361911173814,0.0726106896559279,445.8243190170017
3,92,Full framework,0.7162681991083208,0.07601448331410568,450.9925270152596
3,93,Full framework,0.72860123757653,0.07156329670837072,455.9030783711013
3,94,Full framework,0.7145736911489787,0.07403461166712982,460.3440298909979
3,95,Full framework,0.7204675517424107,0.0774786753382726,465.3802046816805
3,96,Full framework,0.7156104281576177,0.06791415959519889,470.76443804997746
3,97,Full framework,0.7257598478606685,0.07078713691726705,475.1990804676455
3,98,Full framework,0.7268651071638316,0.0772688145716791,480.08271352950834
3,99,Full framework,0.7211466950796092,0.06911069044240697,484.9444201941986
3,100,Full framework,0.714561027616774,0.07405471467376894,490.13522347891916
4,1,FedAvg,0.5350754943390728,0.36848604560950443,22.704201955467397
4,2,FedAvg,0.5337872374055053,0.3569144071418195,43.66804832987435
4,3,FedAvg,0.5465421208240171,0.35074527286485474,67.22896676857202
4,4,FedAvg,0.5398054569657869,0.3459852260060358,92.12581712053068
4,5,FedAvg,0.5439812912505333,0.33756037689212565,116.66841290005239
4,6,FedAvg,0.549917439972318,0.3300221522060842,137.23391818054463
4,7,FedAvg,0.5568298552691451,0.3225248550193018,161.10255833709724
4,8,FedAvg,0.5586814364022564,0.3167636526817848,183.238910798898
4,9,FedAvg,0.5669073778996044,0.3167617331691606,208.55801126983786
4,10,FedAvg,0.5642632613753017,0.3106912796325583,229.69887605426072
4,11,FedAvg,0.5729770834426077,0.2983421783978431,252.27175916910628
4,12,FedAvg,0.5714870925023893,0.2976106711923673,276.0270022091587
4,13,FedAvg,0.5824228333344419,0.2947193548129469,298.4148118847292
4,14,FedAvg,0.5810380387452344,0.289041635562094,323.5107859865835
4,15,FedAvg,0.5854262403840778,0.28376292436194006,344.7421036641313
4,16,FedAvg,0.5877174337350944,0.28216976401823823,366.6709795956341
4,17,FedAvg,0.591238187983103,0.27030212413738564,390.87710117910683
4,18,FedAvg,0.5915286915860843,0.2703830114560874,413.2627524212483
4,19,FedAvg,0.5860124076340996,0.265874483721397,436.97480030583245
4,20,FedAvg,0.5997451599926503,0.2605734498675575,460.2327102322388
4,21,FedAvg,0.5962734890232538,0.25523995412185824,482.2191949521449
4,22,FedAvg,0.6003616520488058,0.25090965491930795,507.7735821913159
4,23,FedAvg,0.5993722464615809,0.24603920939125629,531.1752342718655
4,24,FedAvg,0.5983680759086685,0.2450204177849105,551.6227666603496
4,25,FedAvg,0.6097182460277389,0.23731766907916693,576.1985187334841
4,26,FedAvg,0.6112283726714023,0.23376817806113312,599.4228923754989
4,27,FedAvg,0.6102565666782049,0.22693972638566307,620.5024343889415
4,28,FedAvg,0.608166958403951,0.2247357821281651,645.5018468544457
4,29,FedAvg,0.6142084919152334,0.21805487645695562,667.4205769400496
4,30,FedAvg,0.6105338456790824,0.22037562586583642,691.1039112531181
4,31,FedAvg,0.6227429316729582,0.21479793149553225,712.9808032548133
4,32,FedAvg,0.6143785714914008,0.21153334017086498,736.3789571820947
4,33,FedAvg,0.6184254370201222,0.21122799740739698,758.2882040198318
4,34,FedAvg,0.6213166238183857,0.20733216823756961,782.2621785913934
4,35,FedAvg,0.619713235364651,0.19865580631379823,806.2538325894677
4,36,FedAvg,0.6255658504373834,0.19991125995694592,828.4470360463354
4,37,FedAvg,0.6236805492866392,0.19432972887243435,851.6969119338312
4,38,FedAvg,0.6244024497415994,0.19263835602948295,875.1488028859952
4,39,FedAvg,0.6250687765045847,0.1910982155428134,895.5641050837751
4,40,FedAvg,0.6278522005662257,0.18801849970688742,919.2662766188841
4,41,FedAvg,0.6221986068837747,0.18277247281482606,943.7609444255248
4,42,FedAvg,0.6306096432966084,0.17828235859681862,966.1896315269536
4,43,FedAvg,0.6293869533925506,0.17211618388453948,991.3316630684296
4,44,FedAvg,0.6282131468723247,0.17137351701060707,1011.7207208668124
4,45,FedAvg,0.638388205553529,0.17195028217469785,1034.5166310294755
4,46,FedAvg,0.6438625096029332,0.16869341754760414,1058.2464381951747
4,47,FedAvg,0.6369679646408696,0.16238807775578695,1080.822898273329
4,48,FedAvg,0.6374665083037482,0.16730982735979658,1102.5284686740438
4,49,FedAvg,0.634948880932844,0.16459457362697638,1128.0822548935732
4,50,FedAvg,0.6458439625979288,0.16152001900283958,1149.0585829483878
4,51,FedAvg,0.6404677209204217,0.15914849898331046,1172.7466069439272
4,52,FedAvg,0.6356722952446574,0.15431050653426664,1196.5974157579965
4,53,FedAvg,0.6383342231938514,0.15125122415823963,1217.499023640149
4,54,FedAvg,0.6465865108264374,0.14866764681782138,1241.9984593981437
4,55,FedAvg,0.6449685356139748,0.14702299407830163,1264.3643632976696
4,56,FedAvg,0.6384172671747084,0.1408153101173908,1287.0468705180524
4,57,FedAvg,0.6414350435215429,0.1466191509985546,1310.8435141134335
4,58,FedAvg,0.6497322427146848,0.1427012325969308,1332.8501663758786
4,59,FedAvg,0.6473478358730655,0.14308779210683975,1359.273299227066
4,60,FedAvg,0.6445102391360951,0.1366518590714799,1381.6595040413047
4,61,FedAvg,0.6474572784708407,0.14374750633917524,1401.5876498257096
4,62,FedAvg,0.6441476418099286,0.13152202724634796,1428.13281935321
4,63,FedAvg,0.6515438103814932,0.1279901662866611,1450.1006379002636
4,64,FedAvg,0.6423164740259429,0.1307299256528172,1471.2986422627537
4,65,FedAvg,0.6486531513550645,0.12977109842547827,1495.9148964003825
4,66,FedAvg,0.6528460746238806,0.12480259705165427,1517.7881471462408
4,67,FedAvg,0.6513365142616825,0.1208126454311959,1540.6458175511827
4,68,FedAvg,0.6529367769864283,0.1258023379666377,1564.253856590176
4,69,FedAvg,0.6442407358723098,0.12142428409414664,1586.4096374154228
4,70,FedAvg,0.651931334682309,0.1225532095967835,1609.5492995017694
4,71,FedAvg,0.6511426494675282,0.11560798098616347,1634.0535992666175
4,72,FedAvg,0.6545617169891156,0.11886412434898136,1655.3867266610205
4,73,FedAvg,0.655217761425444,0.11459906992867255,1680.1410927245115
4,74,FedAvg,0.6492948859525127,0.11430554937698643,1700.8173880095512
4,75,FedAvg,0.6516858743510895,0.11852439365934278,1726.1546688021276
4,76,FedAvg,0.6553430019367558,0.10804613074792214,1747.4136996459506
4,77,FedAvg,0.6563884888540745,0.1136887813972068,1771.9757842149522
4,78,FedAvg,0.6514823844531897,0.10748910714089194,1794.0307994682205
4,79,FedAvg,0.6495208080803156,0.1091587952996322,1818.3829213371362
4,80,FedAvg,0.6611985510383753,0.10394167219624416,1841.6342484132279
4,81,FedAvg,0.6546199783549635,0.1042698366460411,1861.7891236269138
4,82,FedAvg,0.65083182553286,0.10251012260892542,1885.1931669795522
4,83,FedAvg,0.6491027268900765,0.10220452244576987,1907.9680315101746
4,84,FedAvg,0.6549312394236992,0.10386476433045314,1933.1348057477235
4,85,FedAvg,0.6576587423239013,0.100988805904488,1954.4702578307367
4,86,FedAvg,0.647757947991303,0.10556355702897853,1977.6376302011024
4,87,FedAvg,0.6566481278454566,0.095977046791176,2000.5741391229385
4,88,FedAvg,0.6567998257974796,0.09706374539343117,2025.7778439796566
4,89,FedAvg,0.655871231749144,0.09605960519052067,2044.9805828558551
4,90,FedAvg,0.6558684663371906,0.09389253067203661,2069.7953082887834
4,91,FedAvg,0.6581712612550492,0.09364241107304165,2092.995828164199
4,92,FedAvg,0.6606323990792072,0.09408002407766063,2115.940403585086
4,93,FedAvg,0.6531856347554673,0.0950935517499997,2141.2194658931858
4,94,FedAvg,0.6517039944322575,0.09140929269910252,2163.374704272873
4,95,FedAvg,0.6570273030046727,0.09298021224700134,2185.580488331654
4,96,FedAvg,0.6561678953879819,0.09744719371273301,2208.937268096056
4,97,FedAvg,0.6534956543440388,0.09586059437738592,2230.328422447686
4,98,FedAvg,0.6596829096167593,0.08526419725308887,2253.6699273501836
4,99,FedAvg,0.6582150977860508,0.08908684912533318,2276.6441498059194
4,100,FedAvg,0.6483618625832801,0.08715929883970865,2301.7915456163387
4,1,FedProx,0.5338006517119214,0.344794781539973,25.00159465036287
4,2,FedProx,0.537673162535542,0.33702454757919414,47.5666295099476
4,3,FedProx,0.5451797460757751,0.3289571144890735,69.25679387285103
4,4,FedProx,0.5481895292959468,0.32687874521712107,93.24874543161843
4,5,FedProx,0.5491915567132172,0.3209795745852339,114.52090587477745
4,6,FedProx,0.5604321377255529,0.31524655395424067,139.69487849716842
4,7,FedProx,0.5539075476544628,0.31162653280898134,162.237719047195
4,8,FedProx,0.5667416888084698,0.3027635198989464,184.8450037851315
4,9,FedProx,0.568619251236008,0.2963455590602533,206.60737460834292
4,10,FedProx,0.5790210537400983,0.2909048923430287,228.32729507260927
4,11,FedProx,0.5737891303315004,0.2883795169129268,252.70966193695224
4,12,FedProx,0.5829051578512383,0.27820512954483556,275.9434631234745
4,13,FedProx,0.584169239953167,0.28104535723466206,297.19309202237855
4,14,FedProx,0.5893906529000636,0.27506252549466537,321.6877348964103
4,15,FedProx,0.596247014709533,0.267542369738501,344.26055429336344
4,16,FedProx,0.5937241693580978,0.2637379787700427,368.0962350883599
4,17,FedProx,0.599529693686843,0.2563525581078381,390.5516742132756
4,18,FedProx,0.5937704510411775,0.25740259888019335,414.8858727930574
4,19,FedProx,0.599636477680641,0.24351087013969286,436.2079641472799
4,20,FedProx,0.6022637431888066,0.24626664077935703,460.31422837462316
4,21,FedProx,0.6037270835383717,0.24432714142780784,482.84436631907676
4,22,FedProx,0.6134841519963699,0.2382651745693151,505.8537698861205
4,23,FedProx,0.6027996168612192,0.23522966732587355,526.0179616713784
4,24,FedProx,0.6134088379814452,0.2296040474940396,552.1032515439935
4,25,FedProx,0.6134761863730582,0.22675849936978615,575.0047432586962
4,26,FedProx,0.6181542229855302,0.21877742009286913,600.4667396563466
4,27,FedProx,0.6181633597901764,0.2149540398775097,618.2000866518938
4,28,FedProx,0.6177937476276365,0.21236627139122388,643.63964178996
4,29,FedProx,0.6206919175887338,0.20866030428758364,665.3801973839755
4,30,FedProx,0.6270495236431533,0.20552236014023972,689.2118293698289
4,31,FedProx,0.6246206322026407,0.20527224920106607,714.2425678198855
4,32,FedProx,0.6246719218326341,0.19918090341708533,737.1755751394096
4,33,FedProx,0.6254294498473312,0.1933757153392621,758.4291756101946
4,34,FedProx,0.6300246800037199,0.19167824600607813,781.4225380006136
4,35,FedProx,0.6279876615360025,0.191627052041281,805.776310899973
4,36,FedProx,0.636198481265974,0.18680947802653233,828.5983999628828
4,37,FedProx,0.6377093936923635,0.18627945317909186,850.9381945907509
4,38,FedProx,0.6393465601473598,0.18433924590372616,873.7248989901573
4,39,FedProx,0.626716030401893,0.17452471140505685,897.2752628254627
4,40,FedProx,0.6390469011609202,0.17833095616730918,919.3902408665141
4,41,FedProx,0.6384518181571944,0.17250358948213146,943.2445313072483
4,42,FedProx,0.6416203827250854,0.17333782867884842,965.9835061212726
4,43,FedProx,0.6440480661818809,0.16321874997582766,988.53651906941
4,44,FedProx,0.6374618172741761,0.1679516409032976,1013.2109627088035
4,45,FedProx,0.6427113460344112,0.1639691499984436,1033.9294216642488
4,46,FedProx,0.6515696002079635,0.15895170423827104,1057.1981716225653
4,47,FedProx,0.6485029619397706,0.16076821906131902,1081.8819633498792
4,48,FedProx,0.6520401960599566,0.15689602809926279,1104.6583241420064
4,49,FedProx,0.6487680405303607,0.15058725391581443,1126.1742561166511
4,50,FedProx,0.6509176493663585,0.14683177190098357,1149.9865434289595
4,51,FedProx,0.6492729446036213,0.1485384245302787,1171.563105384111
4,52,FedProx,0.6550397422821457,0.14961650212404853,1197.0377717946913
4,53,FedProx,0.6471047710330874,0.14595488342729673,1220.5398972200987
4,54,FedProx,0.6490211180129424,0.14533771808979107,1241.7588377571412
4,55,FedProx,0.647294010693308,0.1398355605173073,1264.287605075058
4,56,FedProx,0.6565710133609737,0.14080713334550507,1288.5735045031727
4,57,FedProx,0.6543201623427862,0.13588858726047962,1310.3453526763574
4,58,FedProx,0.6579420577081735,0.13481988377911827,1334.6748714547782
4,59,FedProx,0.6604149522341528,0.13082010640199845,1357.7686249058293
4,60,FedProx,0.6535613637360616,0.13115196384616926,1381.7765743651712
4,61,FedProx,0.6542355312253779,0.13298665010867086,1402.9455281269702
4,62,FedProx,0.6528377431421636,0.12783661143483627,1427.2476545473487
4,63,FedProx,0.6556557266847859,0.1235553463158606,1447.9398191926823
4,64,FedProx,0.6596893713764433,0.1291107769682985,1472.8826705322995
4,65,FedProx,0.6583449004820526,0.12756081841111797,1494.5199148180009
4,66,FedProx,0.651715678871748,0.12199559882602397,1519.1424869765758
4,67,FedProx,0.6540344854844984,0.11913303840470352,1541.83139349869
4,68,FedProx,0.6536882299739945,0.11978427292096605,1564.785750047378
4,69,FedProx,0.6578518610580487,0.11521364341475364,1586.3881249373492
4,70,FedProx,0.6558825217149952,0.11770468280395298,1609.9872681212792
4,71,FedProx,0.6589473918379247,0.11851636914678398,1632.0863328036862
4,72,FedProx,0.6571080327558705,0.11381594647725253,1656.4405805367855
4,73,FedProx,0.6533369404021778,0.10960767204936477,1679.3512511724539
4,74,FedProx,0.6554433628698414,0.11545521938014244,1701.0667623872737
4,75,FedProx,0.6631357958010735,0.10674733647153471,1725.1152362632515
4,76,FedProx,0.663065426956038,0.10947391518390086,1748.8998333917677
4,77,FedProx,0.668904514679205,0.10896160227161815,1769.4788998577344
4,78,FedProx,0.6596460431745685,0.11053130046362762,1793.8256162694956
4,79,FedProx,0.663611282987092,0.10521512637098952,1818.0888655547583
4,80,FedProx,0.6679757353716257,0.09751338660660913,1841.384400313437
4,81,FedProx,0.6574108812209435,0.10170852282525754,1862.1753215084516
4,82,FedProx,0.6611432155835283,0.10337501516473448,1886.7516450979608
4,83,FedProx,0.6582780052647185,0.09575940172345958,1908.6782940279707
4,84,FedProx,0.6538666999647009,0.10170783197877938,1934.571410182387
4,85,FedProx,0.668394058817896,0.09889027366327316,1954.6673658728896
4,86,FedProx,0.6607446840454594,0.09805142002043452,1979.1849207858293
4,87,FedProx,0.6630161494115364,0.10221514435842276,2001.02973465997
4,88,FedProx,0.664674084471835,0.09841624944154759,2025.2826047021401
4,89,FedProx,0.6589561906035557,0.0987887891281235,2047.438051749063
4,90,FedProx,0.6623014648734441,0.09025512972988288,2070.403300161325
4,91,FedProx,0.6668539651325216,0.09097366971801985,2092.6508721737678
4,92,FedProx,0.6606929428508042,0.08854113051819824,2118.849663270586
4,93,FedProx,0.6695344189830145,0.09036790866606415,2139.9527989951293
4,94,FedProx,0.6671740013135293,0.08730942427265666,2163.2181110884007
4,95,FedProx,0.6628556825793773,0.08705309857943516,2186.9951298091237
4,96,FedProx,0.6647852081339166,0.08563994165930645,2209.916013172653
4,97,FedProx,0.6623364829325786,0.0890685962811725,2229.8420312155176
4,98,FedProx,0.6639352081751471,0.08652070277452927,2255.5147206788765
4,99,FedProx,0.6588813587945533,0.08389549355078045,2276.844498227878
4,100,FedProx,0.6702416429486282,0.08157909248978554,2298.3996263604467
4,1,SCAFFOLD,0.5370621045382548,0.3202535319133857,26.63270258360802
4,2,SCAFFOLD,0.5430136156471661,0.3213882300782568,53.272387686854266
4,3,SCAFFOLD,0.5490028067689959,0.30164756236576445,75.21954418513863
4,4,SCAFFOLD,0.5555113034242422,0.3011315861306003,102.65523666068243
4,5,SCAFFOLD,0.5602170150345102,0.2942535693927189,127.31681441504197
4,6,SCAFFOLD,0.5647444220953775,0.2817057382082091,153.67144475109504
4,7,SCAFFOLD,0.5693058750840784,0.28455742467427625,179.29422380656524
4,8,SCAFFOLD,0.5749925077877291,0.27698417650777035,204.63896222632303
4,9,SCAFFOLD,0.5770560329179317,0.27859015237234275,228.1759332916369
4,10,SCAFFOLD,0.580224159915367,0.2669869704240482,255.6324303870586
4,11,SCAFFOLD,0.580153796693953,0.26391352705951304,282.10335747921715
4,12,SCAFFOLD,0.6001714116083906,0.25823498540188744,305.6173963878123
4,13,SCAFFOLD,0.5894922052250899,0.25511690267500464,329.9993789560951
4,14,SCAFFOLD,0.6001404891307299,0.2510072571984044,357.7369968604973
4,15,SCAFFOLD,0.5967440725404957,0.24341016650664027,381.39205322902933
4,16,SCAFFOLD,0.6059329865067313,0.23968293437062008,408.4301622980584
4,17,SCAFFOLD,0.6006852767709533,0.23257325025450673,432.71979206721085
4,18,SCAFFOLD,0.6139779802723522,0.23394864635978685,457.28228106729995
4,19,SCAFFOLD,0.6200935341805119,0.2233376848676662,484.53231171640266
4,20,SCAFFOLD,0.6117116514482934,0.22709631385640372,509.14201889413573
4,21,SCAFFOLD,0.6112323290399607,0.22078768964259046,537.5649087915261
4,22,SCAFFOLD,0.6149403672506877,0.21657659824538592,560.9991537672928
4,23,SCAFFOLD,0.6232124418097658,0.2130727235935086,587.1173851554529
4,24,SCAFFOLD,0.6246289827871796,0.21162185451355126,611.2124612248493
4,25,SCAFFOLD,0.626798335390179,0.20238888880801129,638.3160406488486
4,26,SCAFFOLD,0.6307166688287286,0.201885493473343,663.6336138960305
4,27,SCAFFOLD,0.6299884250691983,0.1988476308672555,687.5270056738992
4,28,SCAFFOLD,0.6311172988592356,0.19867272792154128,714.5474080939432
4,29,SCAFFOLD,0.6382990804419199,0.19385216860781956,739.6053883655823
4,30,SCAFFOLD,0.6304994212832601,0.19041897294245314,765.1542563454143
4,31,SCAFFOLD,0.6358911724242589,0.1886522641381607,789.3373460852068
4,32,SCAFFOLD,0.6420280594153702,0.18336291624726564,816.9415753923815
4,33,SCAFFOLD,0.6418655212679871,0.17917871972410684,840.4139208938058
4,34,SCAFFOLD,0.6450591513820342,0.18044616622008547,865.5631958074011
4,35,SCAFFOLD,0.6514540403181562,0.17504239407478964,891.318672349451
4,36,SCAFFOLD,0.6472681514854215,0.17663220430124646,917.4888788832698
4,37,SCAFFOLD,0.6491557360729896,0.17224105072249948,943.7859669721632
4,38,SCAFFOLD,0.6557657135120204,0.16804969753684623,968.5351064976522
4,39,SCAFFOLD,0.6491237559890397,0.16277044592604253,995.6425906786923
4,40,SCAFFOLD,0.6531733808785468,0.16520125364570076,1020.2444362168328
4,41,SCAFFOLD,0.6494499498052733,0.16430418402296557,1046.6266759248233
4,42,SCAFFOLD,0.6564775361642479,0.16204922571531144,1071.4955159907483
4,43,SCAFFOLD,0.6496337700411454,0.15823078225579074,1096.0781117345362
4,44,SCAFFOLD,0.6519031853807337,0.15559360879427908,1124.109575063364
4,45,SCAFFOLD,0.6583212917630145,0.15315679051156553,1147.0600710627534
4,46,SCAFFOLD,0.6604139512025109,0.15371737995599913,1171.7901092906254
4,47,SCAFFOLD,0.657202023624668,0.14835268448665329,1199.165890995581
4,48,SCAFFOLD,0.6630962074889969,0.1441513937560597,1225.5905886261942
4,49,SCAFFOLD,0.6589738926432314,0.1430367197261262,1250.4842631821598
4,50,SCAFFOLD,0.6609765374312914,0.1387674493510459,1274.5769419410192
4,51,SCAFFOLD,0.6653893894034045,0.14069892918456747,1300.2183815327303
4,52,SCAFFOLD,0.6554286322740993,0.13801464580615125,1327.621995469316
4,53,SCAFFOLD,0.6615945708514418,0.13541591823868435,1352.3583729828301
4,54,SCAFFOLD,0.6602290182819717,0.13229630475815665,1376.573226181789
4,55,SCAFFOLD,0.6648279346078733,0.13276515989989746,1401.3746493005253
4,56,SCAFFOLD,0.6647765539362477,0.12944444151717036,1428.1944840792153
4,57,SCAFFOLD,0.6643127811063418,0.1323116210010398,1453.9133451759812
4,58,SCAFFOLD,0.6681813190760952,0.124596684819992,1478.934924236381
4,59,SCAFFOLD,0.6601924564976285,0.12582521985022432,1503.9259383152835
4,60,SCAFFOLD,0.6695307695579229,0.12534520992941067,1530.7596259704287
4,61,SCAFFOLD,0.6755692345742682,0.12351038484630453,1555.9412683170165
4,62,SCAFFOLD,0.6710330452492778,0.1253008945853354,1582.8464519656743
4,63,SCAFFOLD,0.6624590022860896,0.11940273046151169,1608.4771988094658
4,64,SCAFFOLD,0.6671583530602891,0.11224785572798024,1631.4682517936315
4,65,SCAFFOLD,0.6741559698905419,0.11555122882702616,1657.53415067772
4,66,SCAFFOLD,0.6730433987898591,0.11936653510374516,1683.7786692923837
4,67,SCAFFOLD,0.6676559841692675,0.11777319852914885,1708.6202284264682
4,68,SCAFFOLD,0.6692993781450032,0.10939141750633426,1734.1298541754963
4,69,SCAFFOLD,0.6666504423423643,0.10778626010091258,1760.0839717193346
4,70,SCAFFOLD,0.6726565113487525,0.10753747543449085,1785.4203829737721
4,71,SCAFFOLD,0.6668144836093581,0.1091194028631599,1810.9110174904804
4,72,SCAFFOLD,0.6726484774615142,0.10783190731508442,1837.492005840287
4,73,SCAFFOLD,0.6749290125150288,0.10712882556387479,1861.8703883361754
4,74,SCAFFOLD,0.671423350006902,0.10471858592787013,1886.8376345437991
4,75,SCAFFOLD,0.6760154202364079,0.10336717835896174,1912.183164703367
4,76,SCAFFOLD,0.6754716028114363,0.1002708226833128,1939.4549822002818
4,77,SCAFFOLD,0.6671212621277095,0.10231639130786573,1964.4368693590375
4,78,SCAFFOLD,0.6731707654255358,0.09876038659224745,1990.8207671736782
4,79,SCAFFOLD,0.675886222034223,0.10202306072816472,2014.8635104237758
4,80,SCAFFOLD,0.6734703476983803,0.09947439479996108,2041.0605878961044
4,81,SCAFFOLD,0.6658523479388756,0.0983848298737119,2063.7503933477465
4,82,SCAFFOLD,0.6789923530050862,0.09564842498747606,2092.206058215968
4,83,SCAFFOLD,0.6709894509057008,0.09710812772743353,2114.973637352733
4,84,SCAFFOLD,0.6762792497780048,0.09589555570134185,2142.7670420278682
4,85,SCAFFOLD,0.6758722852013308,0.09636026925382633,2168.6587763863045
4,86,SCAFFOLD,0.6801010666189649,0.09275604414799378,2193.8404196335305
4,87,SCAFFOLD,0.6814539029143352,0.0861684156934558,2218.825473156005
4,88,SCAFFOLD,0.6774102524112616,0.09894669260443495,2243.1117002829815
4,89,SCAFFOLD,0.670654929050888,0.09316903258440072,2269.7997406198824
4,90,SCAFFOLD,0.6727003029115604,0.09553063223111126,2295.203307153708
4,91,SCAFFOLD,0.6787836296574944,0.08733306167005217,2321.8913560004967
4,92,SCAFFOLD,0.6784223634175033,0.08775273115175329,2346.343623072747
4,93,SCAFFOLD,0.6742742773017972,0.08969873062455834,2371.096891548781
4,94,SCAFFOLD,0.6736190185726696,0.08357374933542683,2397.544238207135
4,95,SCAFFOLD,0.6765036487876934,0.0847634694536073,2422.980824245735
4,96,SCAFFOLD,0.6710282166260708,0.08643151327994915,2449.571984657284
4,97,SCAFFOLD,0.6818603834008402,0.0860182697039845,2472.555718187718
4,98,SCAFFOLD,0.6727806933495505,0.07899759611728709,2497.8276082974567
4,99,SCAFFOLD,0.6751829296661935,0.08038795512238871,2522.8545630047024
4,100,SCAFFOLD,0.676845247820274,0.08555040474156231,2551.6047959712664
4,1,FedNova,0.541276523308369,0.32619086867777564,23.715671589155427
4,2,FedNova,0.5351426298642113,0.31874824163627263,47.23144199460879
4,3,FedNova,0.549795719435574,0.31863310503358533,71.24079300784523
4,4,FedNova,0.5432558236152648,0.3114066661841921,94.88818840514182
4,5,FedNova,0.5603037857173405,0.30015503260844584,116.9589911278785
4,6,FedNova,0.5587031038250291,0.2940756258900463,141.56847843673086
4,7,FedNova,0.5638002922690604,0.2939258099543385,164.51426765680273
4,8,FedNova,0.5725159744982131,0.2866740476794399,188.93298422034536
4,9,FedNova,0.5729611607237055,0.28120820186095996,209.79768078097183
4,10,FedNova,0.5720938111592887,0.2766957556133063,234.15713114429477
4,11,FedNova,0.5830021187031706,0.26989223344959534,258.20529128666124
4,12,FedNova,0.5840543516871491,0.26451649230157825,281.15661225597273
4,13,FedNova,0.5883264591272084,0.26512770285747883,304.96293561213093
4,14,FedNova,0.583088065251921,0.2574395115576156,326.7137160248686
4,15,FedNova,0.5997943935721473,0.2534208508914575,352.27804254287696
4,16,FedNova,0.6005203541397399,0.24892117506498015,376.090744374693
4,17,FedNova,0.6068332291346186,0.2407633016914773,399.44267442776794
4,18,FedNova,0.5982557551838086,0.24221813616656132,424.01191745194325
4,19,FedNova,0.6038175018844772,0.23872392012968807,446.4260270576786
4,20,FedNova,0.6139545506739955,0.23113362692279307,469.81733001466915
4,21,FedNova,0.6101006640513579,0.22981510692593168,495.0580819742252
4,22,FedNova,0.616249121766768,0.22277916695192257,517.5606008528837
4,23,FedNova,0.613856015519914,0.22107574482365625,539.381843020973
4,24,FedNova,0.6156556666083925,0.2197929748374282,564.4955478515074
4,25,FedNova,0.619998401634932,0.2157512061052477,587.9160320940201
4,26,FedNova,0.6249024830748567,0.20887002849588698,611.5154505759986
4,27,FedNova,0.6304106041985793,0.20255112741075051,632.7279992448631
4,28,FedNova,0.6338569120679447,0.20219514763671503,658.3237271459141
4,29,FedNova,0.6276140828454718,0.2038163271432038,680.3191926049533
4,30,FedNova,0.6333395214702142,0.19185178536181804,705.5995549743097
4,31,FedNova,0.6363608904205404,0.20161075812695137,728.9421603165933
4,32,FedNova,0.6360613096515312,0.1928149782389298,751.8925560030158
4,33,FedNova,0.6367008134986625,0.18563122504769985,776.9606067101492
4,34,FedNova,0.6413631958424391,0.18853371197361707,799.078068492088
4,35,FedNova,0.63916814589246,0.18346304110343845,823.0804503376821
4,36,FedNova,0.6368082230725316,0.1810156025057154,847.6738807399672
4,37,FedNova,0.637878515812841,0.17903085623688475,871.5949697986213
4,38,FedNova,0.6445369063060516,0.1742562572019137,892.6452333295172
4,39,FedNova,0.6439254871150758,0.17703044830768364,916.2207937347914
4,40,FedNova,0.6409541605923964,0.16504645872304888,938.1214264401013
4,41,FedNova,0.6443879123548278,0.16915588692892664,963.0681739532272
4,42,FedNova,0.6459730290368337,0.16394589228953937,987.1118775979122
4,43,FedNova,0.6526389423712827,0.16098417962197253,1011.9433659301909
4,44,FedNova,0.6512201981825685,0.15747424682120373,1035.3178817523972
4,45,FedNova,0.6534074460586967,0.1536810687126142,1057.9211694094467
4,46,FedNova,0.6501157562862979,0.1512173017596213,1081.1173474603122
4,47,FedNova,0.654063625668805,0.15459135708456226,1102.8302555507225
4,48,FedNova,0.6499351083996621,0.15485259723688685,1129.9824077922979
4,49,FedNova,0.651910175810965,0.1471265779735923,1151.1673301018764
4,50,FedNova,0.657210357386634,0.142503192563231,1175.1078775163946
4,51,FedNova,0.6590561899447753,0.14143593237553787,1197.5271113051374
4,52,FedNova,0.6597393254466919,0.1389171797291463,1221.6094438173952
4,53,FedNova,0.6585211962676,0.14045681727036133,1243.287706972953
4,54,FedNova,0.6639447184071596,0.13670106945144345,1268.8149335635446
4,55,FedNova,0.6561434654130768,0.1345889254530025,1293.7878132969272
4,56,FedNova,0.6579921911909261,0.13051848644789044,1317.8484194981015
4,57,FedNova,0.6585824573486343,0.1334354049811804,1341.0041472430294
4,58,FedNova,0.6561621018685783,0.13430185776754328,1362.9918701047673
4,59,FedNova,0.6589918626699595,0.12610998164747989,1385.5232264879628
4,60,FedNova,0.6482681482820173,0.12115914142357373,1411.509144902539
4,61,FedNova,0.6550080848086707,0.12931657419272333,1433.9964431563587
4,62,FedNova,0.6628663996084063,0.12452644911316292,1457.1586851130342
4,63,FedNova,0.6617395817754066,0.12214967345943475,1479.016615266631
4,64,FedNova,0.6614126354676407,0.11843594346749604,1503.731208111037
4,65,FedNova,0.6637962064259402,0.11827691820330098,1528.4159322852997
4,66,FedNova,0.6633790788660829,0.11720950773986188,1551.1192744368245
4,67,FedNova,0.6613938002630858,0.1103024944363948,1573.19824583079
4,68,FedNova,0.6702165856273172,0.11649158412749139,1599.0847918383063
4,69,FedNova,0.6593278067049592,0.1133684672706677,1623.9483097311472
4,70,FedNova,0.6678954509295428,0.11582809020415588,1646.0263306897946
4,71,FedNova,0.6725108416805037,0.11253649556095965,1668.7389836766663
4,72,FedNova,0.6629539429216357,0.10626812381156571,1692.0646499062686
4,73,FedNova,0.665461755834664,0.10798271048357286,1716.151405891791
4,74,FedNova,0.6724313336993242,0.10693219879211668,1738.90588284029
4,75,FedNova,0.6716689228765126,0.10734889399522554,1762.0798738669064
4,76,FedNova,0.6592220881926499,0.10149299966399998,1786.1007219522116
4,77,FedNova,0.6705792865293035,0.10248540405753297,1810.369525593593
4,78,FedNova,0.6618788350283029,0.10121945492167013,1831.835487513551
4,79,FedNova,0.6714317963272339,0.09862070294943588,1856.2372978804083
4,80,FedNova,0.666589296329709,0.09701721232793646,1879.461326519069
4,81,FedNova,0.6672421965299299,0.10366822479352375,1904.8009168422948
4,82,FedNova,0.669108813787993,0.09512316606180025,1926.6058463469428
4,83,FedNova,0.6701147288892646,0.09492118938830243,1950.9760246192209
4,84,FedNova,0.6698448083787941,0.0995911354681401,1972.9482670285674
4,85,FedNova,0.6723687372945835,0.0989370247510078,1999.2387411509924
4,86,FedNova,0.6716715063686303,0.09486521879394957,2019.9734709139393
4,87,FedNova,0.6721726166039097,0.09201759036447191,2044.345075968183
4,88,FedNova,0.6723233584644369,0.09243297712697561,2067.6040997375007
4,89,FedNova,0.6712327791327313,0.09048597018305576,2092.214748762656
4,90,FedNova,0.6699530833348084,0.0954173990100876,2113.7011755927915
4,91,FedNova,0.6663960603874178,0.08966326737371226,2138.9542689856908
4,92,FedNova,0.667483169905137,0.09024289978778957,2161.460515861757
4,93,FedNova,0.6691253505441968,0.08195680475192164,2185.2017555301645
4,94,FedNova,0.6741100255892876,0.08500387759892958,2208.8744778538216
4,95,FedNova,0.6777685122986512,0.0902838601961757,2231.449712068755
4,96,FedNova,0.6758899933013508,0.08507677908343457,2256.4546370559674
4,97,FedNova,0.6709700883642943,0.08019405252871305,2277.8481550223464
4,98,FedNova,0.6681287293362927,0.08095543267396553,2302.319653503673
4,99,FedNova,0.6707226470047242,0.08739451561148678,2326.716678654901
4,100,FedNova,0.6762053858791124,0.07888891582720599,2349.8307019267886
4,1,FedLoRA,0.539881683572986,0.2893885932426646,4.176360917592514
4,2,FedLoRA,0.5540481681504507,0.2783769807201935,8.191831149256394
4,3,FedLoRA,0.555776714648241,0.27660478120451376,12.050330649756926
4,4,FedLoRA,0.5630652640919718,0.27044030999572993,16.48526818391554
4,5,FedLoRA,0.5658309577904772,0.2661211000321306,20.56086582838292
4,6,FedLoRA,0.5713781465502138,0.2635679798723465,24.56589669159394
4,7,FedLoRA,0.5790383735163148,0.2523678893208692,28.915538805415782
4,8,FedLoRA,0.589534882948949,0.2555708832967104,32.67707440645512
4,9,FedLoRA,0.5869259115437065,0.25115780555186495,37.0402976661454
4,10,FedLoRA,0.5888305495530217,0.2462263384334842,41.24044527374015
4,11,FedLoRA,0.6033198317078211,0.2417620275427705,45.04695994169896
4,12,FedLoRA,0.6020944602132284,0.23917374520634663,48.9734859121475
4,13,FedLoRA,0.6000220740619816,0.23352418434491976,53.26328247884064
4,14,FedLoRA,0.6072244383258311,0.22948622096626817,57.309930017312034
4,15,FedLoRA,0.6042011784231789,0.2254200426036093,61.30625884476885
4,16,FedLoRA,0.6103133680823897,0.22254747992241738,65.84564911957949
4,17,FedLoRA,0.6194408818434881,0.22342121206111118,69.89732241532245
4,18,FedLoRA,0.6175988072600079,0.2139945656227792,73.71118005415474
4,19,FedLoRA,0.6258170690270093,0.20634266448871227,77.98223584404163
4,20,FedLoRA,0.6296316823576202,0.20371734313348483,82.27310253318593
4,21,FedLoRA,0.6310711301835235,0.20003188056095558,86.15066521716159
4,22,FedLoRA,0.6334381684019823,0.19746178312300527,90.21998780435013
4,23,FedLoRA,0.6382367884880936,0.1940481531408464,94.39410288357931
4,24,FedLoRA,0.6327173522753885,0.19080418733491214,98.16799299718154
4,25,FedLoRA,0.6332827971462913,0.19338854979271916,102.34163558072626
4,26,FedLoRA,0.6457036721449195,0.1879754477203222,106.26755525080722
4,27,FedLoRA,0.6397240418894146,0.18184375423550278,110.70163401619801
4,28,FedLoRA,0.6443296514848956,0.1807166358362029,114.66681498549785
4,29,FedLoRA,0.6412692318653206,0.1773371709007032,118.82147814177229
4,30,FedLoRA,0.6557668799810121,0.17590982356736712,122.99174096304691
4,31,FedLoRA,0.6520448331109566,0.17391091743487846,126.77697922004353
4,32,FedLoRA,0.6554062821814797,0.17374511681695773,131.31665941940417
4,33,FedLoRA,0.6450161952312563,0.1694159771065204,135.34400108826546
4,34,FedLoRA,0.6590464479224875,0.167164976579931,139.01891705598737
4,35,FedLoRA,0.6589554634505014,0.16559708742322132,143.86168355124494
4,36,FedLoRA,0.6614682962943963,0.1662748108026162,147.39634615270367
4,37,FedLoRA,0.6592206279972098,0.15869004135834672,151.68513708178952
4,38,FedLoRA,0.651741329976195,0.1596928146543844,156.05511626383696
4,39,FedLoRA,0.6548441354737725,0.15531845558088475,159.79732997927698
4,40,FedLoRA,0.6557045323109978,0.15070729293192112,163.89562208271138
4,41,FedLoRA,0.6593236878198407,0.14334123267473134,168.23778266848356
4,42,FedLoRA,0.6681388002634271,0.14153274092086365,172.04728036323277
4,43,FedLoRA,0.6574016964557585,0.14308951622234115,176.22732772394636
4,44,FedLoRA,0.6617567661656807,0.14407376220995993,180.53150641779462
4,45,FedLoRA,0.6617010707589807,0.13527087529253573,184.4025456152905
4,46,FedLoRA,0.6700245617381664,0.14475362045319387,188.4031816738855
4,47,FedLoRA,0.6729528502930876,0.13809928550795153,192.69649257941936
4,48,FedLoRA,0.6705374083407212,0.13684516681352782,197.08673262872324
4,49,FedLoRA,0.6655212701064587,0.1375521102526736,201.19609725836554
4,50,FedLoRA,0.6757493318344973,0.1343009035113717,205.11236945421288
4,51,FedLoRA,0.6720239974934613,0.12817375885674748,209.02421613478202
4,52,FedLoRA,0.6697558258638713,0.13100779615568608,212.9000270863888
4,53,FedLoRA,0.6749390654577854,0.1310729246752025,217.5266878575677
4,54,FedLoRA,0.6716186028981117,0.12561972469091695,221.31118635294354
4,55,FedLoRA,0.6742958724849154,0.11936902364294374,225.86726877254247
4,56,FedLoRA,0.6718065680530356,0.12201923079530118,229.5086771128171
4,57,FedLoRA,0.6761303815161767,0.12755870326436858,233.9669078671314
4,58,FedLoRA,0.6879584598539847,0.11616623447798462,237.70866220658195
4,59,FedLoRA,0.6718317324538,0.11776911170192983,241.61180315666869
4,60,FedLoRA,0.6804487682171222,0.11778736180788571,246.03736587435387
4,61,FedLoRA,0.6804274932850597,0.11486343785692193,250.09322052812126
4,62,FedLoRA,0.6742341273467829,0.11185386309196046,253.9409126872491
4,63,FedLoRA,0.6786170092317474,0.11641229504204247,258.30350734747924
4,64,FedLoRA,0.6785570441032753,0.11352633910785383,262.2776727015492
4,65,FedLoRA,0.6813999943797451,0.10640337600190808,266.42071827880983
4,66,FedLoRA,0.681317652712108,0.10806094033528595,270.66073647197715
4,67,FedLoRA,0.6860521423821171,0.10765429700159432,274.7898857776297
4,68,FedLoRA,0.6807606862589483,0.10276944142697167,278.70728594887623
4,69,FedLoRA,0.6833964584575993,0.10354427886359499,282.8408137229267
4,70,FedLoRA,0.6815403325650966,0.10528651981439334,287.17374295845894
4,71,FedLoRA,0.6819255193378393,0.0971017951480251,290.87258968614634
4,72,FedLoRA,0.6806640708891116,0.10259357817305297,295.16461636548377
4,73,FedLoRA,0.6851627961204081,0.10361722466194334,299.2261401014258
4,74,FedLoRA,0.6860488482319728,0.09729683672564308,303.6391294783
4,75,FedLoRA,0.6874193439660754,0.09821300633641612,307.69372202061516
4,76,FedLoRA,0.6839235724689098,0.09836654806179226,311.80521781577403
4,77,FedLoRA,0.684546039123426,0.09699360240601215,315.6656259637368
4,78,FedLoRA,0.6758497779092706,0.09371138972763962,319.79829964053755
4,79,FedLoRA,0.6844730969163223,0.09251280276515084,324.0540493182591
4,80,FedLoRA,0.681125681054772,0.09308273383207756,328.06420747846965
4,81,FedLoRA,0.6899451946523395,0.09721757809870124,332.5605939387428
4,82,FedLoRA,0.6848142490926301,0.08787031636065784,335.9391858247888
4,83,FedLoRA,0.6837673918517695,0.09074086350365913,340.39214006391325
4,84,FedLoRA,0.6908585712858892,0.09320001804831671,344.5051013392307
4,85,FedLoRA,0.67897061498763,0.08757903415563065,348.3632295996456
4,86,FedLoRA,0.6877656833289457,0.09221911524499184,352.4349736245483
4,87,FedLoRA,0.691946970714761,0.07798196357333784,356.443118126126
4,88,FedLoRA,0.6891843361043208,0.08373700493006186,361.1365671394341
4,89,FedLoRA,0.6925923553880611,0.0847475955065352,364.6886790361827
4,90,FedLoRA,0.6889997377247916,0.0825901039841046,369.08316628996806
4,91,FedLoRA,0.6794921091617626,0.085494967358589,373.2041788781233
4,92,FedLoRA,0.6893589955295594,0.0812327460327273,377.17019925795336
4,93,FedLoRA,0.6959144990924067,0.08134766226525095,381.3306316640274
4,94,FedLoRA,0.6830300464204316,0.07475418550201451,385.4424472701177
4,95,FedLoRA,0.688768485862962,0.07860124063346878,389.5290098850645
4,96,FedLoRA,0.689426889704097,0.08048034940953824,393.458210298726
4,97,FedLoRA,0.6879685102108833,0.07858456101934336,397.91070239531297
4,98,FedLoRA,0.6863608221920565,0.08232223111238221,402.0559513708585
4,99,FedLoRA,0.6902225579160827,0.07567556683815956,405.81113104018505
4,100,FedLoRA,0.6839502058625448,0.07635216712579347,410.0162462647465
4,1,Conflict-aware,0.5543080041688051,0.25017892107234696,4.312026118093061
4,2,Conflict-aware,0.5516689175750602,0.24050698582088553,8.987335066366528
4,3,Conflict-aware,0.5644561437458172,0.24103389570241635,13.528927622137727
4,4,Conflict-aware,0.5670130702191055,0.23469352562424559,17.9136475540884
4,5,Conflict-aware,0.5736196912248096,0.2347564561451206,22.61178790028346
4,6,Conflict-aware,0.5782290620893078,0.2295340471237097,26.985009367058574
4,7,Conflict-aware,0.5861733057756331,0.2229234532930455,31.70667479332683
4,8,Conflict-aware,0.584599996990364,0.22350771588308424,35.81759064694252
4,9,Conflict-aware,0.595394777976652,0.21264097457412898,40.46556087615602
4,10,Conflict-aware,0.5952568676898194,0.2127785819606183,45.45640855917499
4,11,Conflict-aware,0.6042437955121643,0.2145718752849242,49.33225484204707
4,12,Conflict-aware,0.61386721608304,0.2135880830773954,54.01211388895506
4,13,Conflict-aware,0.6132588813391504,0.2001610018594581,58.701290471241364
4,14,Conflict-aware,0.618970762853705,0.19845745022321923,63.198184213591546
4,15,Conflict-aware,0.6200936282881494,0.19485075666764975,67.70019214218468
4,16,Conflict-aware,0.6238588833026374,0.1902964741857037,71.87421751065553
4,17,Conflict-aware,0.6335922018286744,0.1911174296643614,76.30952081321217
4,18,Conflict-aware,0.6306104171443285,0.18485236484749223,80.95329316671608
4,19,Conflict-aware,0.6447805888326525,0.1850968385438477,85.40094424943435
4,20,Conflict-aware,0.6373806671124619,0.18010773209164546,89.70290062060549
4,21,Conflict-aware,0.6350935135773991,0.18419801851362758,94.65588718179785
4,22,Conflict-aware,0.6436771874766113,0.1762684418325869,99.12860556254797
4,23,Conflict-aware,0.6440070716701971,0.17145312264493967,103.63108152777433
4,24,Conflict-aware,0.6472224761065222,0.17130133029313863,107.88863469963238
4,25,Conflict-aware,0.6517429718165116,0.16763879355459604,112.70694792464673
4,26,Conflict-aware,0.661062101743496,0.17188800063355764,117.15068857227729
4,27,Conflict-aware,0.6615284323987382,0.1652892752899343,121.83351441822124
4,28,Conflict-aware,0.6599039521703257,0.15588165254701197,126.07052282125831
4,29,Conflict-aware,0.6588280189989385,0.16062098849501036,130.57373843001494
4,30,Conflict-aware,0.6674659325583675,0.1559263845989007,135.04751655406096
4,31,Conflict-aware,0.662774311445568,0.15150620998227113,139.41340683022884
4,32,Conflict-aware,0.6668798767643478,0.15107488146118206,144.16071440938535
4,33,Conflict-aware,0.6653205165909294,0.15088660614627508,148.48029606533106
4,34,Conflict-aware,0.6705638806030196,0.14327146166245563,153.1835278074057
4,35,Conflict-aware,0.6665756970794612,0.15242011666546845,157.34049341788545
4,36,Conflict-aware,0.6726497048465454,0.14359749145582,161.98741837208496
4,37,Conflict-aware,0.6756131849613118,0.14644025069822267,166.40192573986437
4,38,Conflict-aware,0.6767656601934069,0.13901211386647383,171.2909757464478
4,39,Conflict-aware,0.687534269837672,0.13000538084979493,175.3415640782679
4,40,Conflict-aware,0.6886150493413473,0.13728506173674027,180.1280280327695
4,41,Conflict-aware,0.6788876843810442,0.13753638910787255,184.33693822785503
4,42,Conflict-aware,0.6896617950994265,0.12926052475992608,189.20938589626104
4,43,Conflict-aware,0.6861346287862019,0.12999895866624522,193.5048758283568
4,44,Conflict-aware,0.6861610795096308,0.13302316832520464,197.97190339697525
4,45,Conflict-aware,0.69107310975222,0.12197531740103516,202.4114288883639
4,46,Conflict-aware,0.6843413155037956,0.1265072073145449,207.0294660366421
4,47,Conflict-aware,0.6860589597357701,0.12136265191137423,211.70486255409276
4,48,Conflict-aware,0.6848874606730172,0.12133713731776295,216.07424747822978
4,49,Conflict-aware,0.6760207531883061,0.1215746777244638,220.67766186190897
4,50,Conflict-aware,0.6860022585366571,0.12275861784366818,224.83376742061344
4,51,Conflict-aware,0.6938960456016791,0.11952387769797017,229.36814978773603
4,52,Conflict-aware,0.6926746190053003,0.11856214174224759,233.876320596732
4,53,Conflict-aware,0.6850253847087862,0.11751877651485355,238.61712108726982
4,54,Conflict-aware,0.6891657396702116,0.11568004122445226,243.2607462741561
4,55,Conflict-aware,0.6900545267407829,0.1117888291984825,247.7238838186491
4,56,Conflict-aware,0.6906971961473963,0.11354508869939371,252.1658535051517
4,57,Conflict-aware,0.7004420069714907,0.11128041400090008,256.74120894238825
4,58,Conflict-aware,0.6946007528023352,0.1041056683543197,260.7306486439308
4,59,Conflict-aware,0.6949856226550268,0.10822378985084423,265.3657172969273
4,60,Conflict-aware,0.6924710988236856,0.10224067883773252,269.88906688094687
4,61,Conflict-aware,0.6972922906234227,0.10155262774283434,274.81080565849976
4,62,Conflict-aware,0.696831244635628,0.10393815712377444,279.1573769595146
4,63,Conflict-aware,0.7020389344577735,0.10081268317885653,283.40083843218656
4,64,Conflict-aware,0.7066355525559752,0.10128113698867157,287.85861826730644
4,65,Conflict-aware,0.6974636058935617,0.0994039011062655,292.6259976699388
4,66,Conflict-aware,0.6979986666570267,0.0999260370305268,297.09111063903305
4,67,Conflict-aware,0.7020570694913671,0.09905869096372252,301.23582595079705
4,68,Conflict-aware,0.699877832267419,0.09988891367430303,306.0334588802829
4,69,Conflict-aware,0.702792154188909,0.0912755795052984,310.3762483603313
4,70,Conflict-aware,0.7021989644707962,0.09115793879890166,314.9307931068981
4,71,Conflict-aware,0.7040282115202134,0.09743868765395672,319.57585569338926
4,72,Conflict-aware,0.7072179212620904,0.09273409959717037,323.77874135740774
4,73,Conflict-aware,0.7006757782432641,0.09490452225002413,328.64524854246065
4,74,Conflict-aware,0.7019107771350442,0.09087325304139726,333.0665865128422
4,75,Conflict-aware,0.6963963883454211,0.0936649817319085,337.3989077406067
4,76,Conflict-aware,0.7013203000554914,0.08959622974014944,342.2058912590412
4,77,Conflict-aware,0.7005303499945557,0.08581328665258248,346.64250007866457
4,78,Conflict-aware,0.7056246198356662,0.08510040716375038,351.38719166968656
4,79,Conflict-aware,0.7076118198466661,0.08781799023240817,355.5314114083656
4,80,Conflict-aware,0.7084903646585001,0.08558194832243261,360.00693192906544
4,81,Conflict-aware,0.7015232229473383,0.08573035390481994,364.7461234457634
4,82,Conflict-aware,0.7072624203623453,0.08851544029190689,369.1558776512236
4,83,Conflict-aware,0.700710727343069,0.09099634348413571,373.3743130626899
4,84,Conflict-aware,0.7073867818230931,0.07706386306625189,377.85471901232415
4,85,Conflict-aware,0.7027303389226046,0.08290873202141377,382.2909838893245
4,86,Conflict-aware,0.7022245409003405,0.08665795049864049,387.0915908708805
4,87,Conflict-aware,0.7019119777685443,0.07751003362360441,391.53991220854965
4,88,Conflict-aware,0.7009230285182856,0.08130980797836665,396.0188311383898
4,89,Conflict-aware,0.706189550903772,0.08117939920137994,400.3817276474895
4,90,Conflict-aware,0.7076216758724323,0.07834809886976364,405.2463287312844
4,91,Conflict-aware,0.709354200377547,0.0727957710981609,409.4586359741984
4,92,Conflict-aware,0.7093642504776587,0.08160442616641803,413.9777422734797
4,93,Conflict-aware,0.7040396308826227,0.0732176194679831,418.6889287521128
4,94,Conflict-aware,0.7083929661759891,0.08106983212831378,423.1682787740894
4,95,Conflict-aware,0.7120595995366894,0.07256692028094995,427.6480326889095
4,96,Conflict-aware,0.7019395042103352,0.07859764548324445,432.0686901982878
4,97,Conflict-aware,0.7021601753084367,0.0727755065983517,436.6463859710563
4,98,Conflict-aware,0.7099634220340587,0.07375794802918018,441.16129023044135
4,99,Conflict-aware,0.7040721035770696,0.07632699078876597,445.41886357564914
4,100,Conflict-aware,0.7053734481121947,0.07286122783421908,449.73156845168336
4,1,Full framework,0.5504124206631331,0.23114944101322635,5.201138822846606
4,2,Full framework,0.5529271893918599,0.22155515676151227,9.715472642950315
4,3,Full framework,0.563324621382897,0.21712203357011498,14.585606142615195
4,4,Full framework,0.5694007445656083,0.21479379033565563,19.530749179213352
4,5,Full framework,0.5692785451105266,0.21191635667203867,24.507929176500458
4,6,Full framework,0.5885598879496893,0.21039539259269568,29.315829919112065
4,7,Full framework,0.5922964442157821,0.19958761639720402,34.429271389389086
4,8,Full framework,0.6007106017095049,0.19967781099116488,39.48625324695703
4,9,Full framework,0.6072140630198614,0.1970163770204782,43.885212339762305
4,10,Full framework,0.6070960437566648,0.20294128944754686,48.96483172001679
4,11,Full framework,0.6045202075883033,0.18909729612921522,54.06418514463545
4,12,Full framework,0.6187656704238496,0.18876012449883828,59.06247329593075
4,13,Full framework,0.6214027124478374,0.18587451231930582,63.5786789518371
4,14,Full framework,0.6276775581527293,0.19520359650046867,68.63065312059385
4,15,Full framework,0.6298564374338353,0.17876507994960356,73.27792074816875
4,16,Full framework,0.627683041971421,0.18004069573655926,78.08531356738392
4,17,Full framework,0.6441602237982632,0.17277660742583426,83.4624299627495
4,18,Full framework,0.6422506436628032,0.17574645815369858,88.15956779464352
4,19,Full framework,0.6357372332400673,0.1707500148884227,92.9163880307929
4,20,Full framework,0.6476100492176353,0.16668386675044392,97.99919396508263
4,21,Full framework,0.6614802795235563,0.15904230262266092,102.82154276688908
4,22,Full framework,0.6578562312486885,0.1597060785157303,107.64018163872046
4,23,Full framework,0.6554916839181971,0.16408631440159613,112.87587154946125
4,24,Full framework,0.661067075531172,0.15546090438364524,117.69951079330232
4,25,Full framework,0.6670908996199965,0.1555447041080817,122.62586092423463
4,26,Full framework,0.6687439092353714,0.15720414577312247,127.15723211737935
4,27,Full framework,0.6683765887428184,0.15335866440114368,132.40813427025842
4,28,Full framework,0.6738420246576193,0.14588882602415043,137.12505308865065
4,29,Full framework,0.6741279842493889,0.14533751309223678,142.19467435121774
4,30,Full framework,0.6800585855407945,0.1463357449338335,146.90299940125036
4,31,Full framework,0.6842956077507206,0.14338986302760967,151.9382672256685
4,32,Full framework,0.6848389781688886,0.1386152698092406,156.64391154139096
4,33,Full framework,0.6792468902807743,0.1478359732517889,161.53369266549095
4,34,Full framework,0.6826972334492621,0.13393939476051545,166.84794280980304
4,35,Full framework,0.6851347873031151,0.132542407181328,171.21993798822157
4,36,Full framework,0.6935479064715392,0.1355653499313337,176.45703079895736
4,37,Full framework,0.6889690325834225,0.1275861168649595,181.5268202273897
4,38,Full framework,0.6873496918953648,0.12996759417012466,186.01130197288418
4,39,Full framework,0.6958381378263786,0.12275470082696184,191.17744635804846
4,40,Full framework,0.6925684047750973,0.12753133845372525,196.1398482960738
4,41,Full framework,0.6928164246747441,0.12430293931296729,200.7201319319137
4,42,Full framework,0.692236733719873,0.12169188425855909,205.854806150591
4,43,Full framework,0.7028126300310096,0.11741868684033684,210.7986163991698
4,44,Full framework,0.695917368846248,0.12088988811740482,215.53819942513715
4,45,Full framework,0.7034335708706965,0.123360970198111,220.6281875777648
4,46,Full framework,0.7117358902054967,0.11771760923325968,225.21137975774167
4,47,Full framework,0.704391210323551,0.11804090223561481,230.36793716817968
4,48,Full framework,0.7103950742241113,0.11736922518099988,235.10925434770948
4,49,Full framework,0.709918484088576,0.11617702256089793,240.492165806968
4,50,Full framework,0.7059260490788307,0.10861172107414546,244.88289383950197
4,51,Full framework,0.7063770430907332,0.1114298141168378,249.95949186650614
4,52,Full framework,0.7073365762854258,0.10661298699655151,254.92727223011565
4,53,Full framework,0.7079080567170898,0.10395391468234047,259.75937284937027
4,54,Full framework,0.7015912974720251,0.10248298314208869,264.5218223997896
4,55,Full framework,0.7102619743584356,0.10029429546083256,269.2846034637312
4,56,Full framework,0.7064330653508253,0.10444178883775665,274.11530414378984
4,57,Full framework,0.7147160707264261,0.10417774665026099,279.07672678493816
4,58,Full framework,0.7146219129091311,0.09809408524617204,284.18183008551614
4,59,Full framework,0.7176707098821552,0.09894591343918244,288.9902994262031
4,60,Full framework,0.706440194882344,0.09715134708878122,294.2650279496681
4,61,Full framework,0.7118942875047275,0.09885856762099396,298.593370510317
4,62,Full framework,0.7129903335757419,0.09888892753714779,303.81946072926104
4,63,Full framework,0.7148130566464062,0.09697350630747345,308.6684324503131
4,64,Full framework,0.7147734645804151,0.09348395980745135,313.61464349462165
4,65,Full framework,0.7198172031643404,0.09856516368644946,318.158143276938
4,66,Full framework,0.7070004260161592,0.0897767725669557,323.3839887534204
4,67,Full framework,0.7230273160826864,0.0905871759926773,328.17168930911254
4,68,Full framework,0.7244804237167004,0.09159454444062962,332.99095100935193
4,69,Full framework,0.7177787100884423,0.08784551795356788,337.69215966420103
4,70,Full framework,0.7151943139454383,0.08529653073926205,342.8141316312675
4,71,Full framework,0.715764953490898,0.08559733061229867,347.64416504117514
4,72,Full framework,0.7138341777765134,0.0899846523006652,353.1162146546652
4,73,Full framework,0.724536441672694,0.08164429499528142,357.6154111004241
4,74,Full framework,0.7142123667428879,0.08543081407206508,362.80012134184915
4,75,Full framework,0.718183151583802,0.082966872380325,367.20792855559364
4,76,Full framework,0.7189113231642777,0.08711641086162289,372.71227034913704
4,77,Full framework,0.7129142000878083,0.08665129613765149,377.22306658843104
4,78,Full framework,0.7192838106104643,0.0835195380373997,382.5043668900072
4,79,Full framework,0.7215921833367548,0.08290945560768403,387.03716583091636
4,80,Full framework,0.7141516776297542,0.08234753488203075,391.7106628165566
4,81,Full framework,0.7175904311360576,0.08287638626840746,396.55082962327236
4,82,Full framework,0.7131821811173973,0.07661010904459814,401.7341227964648
4,83,Full framework,0.7262495899218583,0.08747031496306205,406.750318480978
4,84,Full framework,0.7167978478872546,0.07870875009682639,411.47416723207834
4,85,Full framework,0.7213091171789823,0.07991029963530792,416.4632585587016
4,86,Full framework,0.7194691368559079,0.08398303721011147,421.59808914763505
4,87,Full framework,0.7164308765309667,0.07775844023739126,426.421941746784
4,88,Full framework,0.7224489612107975,0.08509966493491992,431.633258374081
4,89,Full framework,0.7173843842827561,0.07987079252217773,436.0816882748875
4,90,Full framework,0.7244492888802461,0.07214509147681047,441.19262556142206
4,91,Full framework,0.7229915003961678,0.07565412718984432,445.5882857610606
4,92,Full framework,0.7136563228451827,0.07151924749508777,450.7179611632804
4,93,Full framework,0.7204447717254454,0.0756440864670334,455.85071351024857
4,94,Full framework,0.7297730785880753,0.07525624974184496,460.6840434824476
4,95,Full framework,0.722187655409647,0.07637187608435031,465.5352092478546
4,96,Full framework,0.716521710019106,0.07557972747810918,470.85365259138376
4,97,Full framework,0.7255862004474891,0.06837666512921428,475.16822112995186
4,98,Full framework,0.7210361487805645,0.07344691836087189,479.98220718260205
4,99,Full framework,0.7206330748145705,0.06796211281934914,484.7637181964624
4,100,Full framework,0.7194481269993928,0.0762152287750544,489.7067671899107
5,1,FedAvg,0.529966273135396,0.3657357719666521,21.826043877950923
5,2,FedAvg,0.5361009604071426,0.359718310883375,47.39657327262948
5,3,FedAvg,0.5414338808378071,0.350290082334877,67.51583413342134
5,4,FedAvg,0.5510169754237019,0.3461706143431498,92.62411191617807
5,5,FedAvg,0.5466186724701718,0.33787822335169937,113.3562221921905
5,6,FedAvg,0.5591773796450263,0.33325602014042766,137.67980307518894
5,7,FedAvg,0.5600752671422791,0.3259443184690171,160.94681598702616
5,8,FedAvg,0.5617636177713405,0.31610131553016335,181.61295830118692
5,9,FedAvg,0.5640350014886327,0.31271865017854616,206.7390960879923
5,10,FedAvg,0.5658731763363622,0.30975723275946015,231.79236214134986
5,11,FedAvg,0.5733842745340483,0.30352528778870835,251.9518780928839
5,12,FedAvg,0.5743314398939515,0.29788232132307685,275.2255924032634
5,13,FedAvg,0.5799105024751098,0.2874011534797658,299.1811073735374
5,14,FedAvg,0.5775950794714382,0.2874443599860883,322.1792543632868
5,15,FedAvg,0.5840554912882734,0.2779204125039968,344.6644927138991
5,16,FedAvg,0.5843734802835825,0.27640243753090554,367.17991676861584
5,17,FedAvg,0.5853196302048839,0.27253517101908387,390.14947283694084
5,18,FedAvg,0.5915814137774302,0.26311576853258073,414.3480723870087
5,19,FedAvg,0.5965386985321774,0.26394162790401626,435.93208674335364
5,20,FedAvg,0.5934758326151784,0.2600884321310775,459.4404337083772
5,21,FedAvg,0.592738804431312,0.2534766520473511,483.17913025254654
5,22,FedAvg,0.5982567704254197,0.2557603536317165,506.7106665707657
5,23,FedAvg,0.5978770210858275,0.2425989315586542,528.3572324347118
5,24,FedAvg,0.6038033420559233,0.24382919694230915,551.7170373916816
5,25,FedAvg,0.6086806446765262,0.23747417771222096,575.0590039678192
5,26,FedAvg,0.6099310332539195,0.23130900336288887,597.1439325294406
5,27,FedAvg,0.6068111601111684,0.22372171649430203,621.8009145438955
5,28,FedAvg,0.6085112943678539,0.22108762857282552,643.9817245748304
5,29,FedAvg,0.6136295537787507,0.22327000273202327,667.8776266749561
5,30,FedAvg,0.6157924448605072,0.21988019443007334,688.5796122275677
5,31,FedAvg,0.6155049675845515,0.21733610584172627,711.8838814021443
5,32,FedAvg,0.6157106650615212,0.21423116334294368,736.3419702147413
5,33,FedAvg,0.616068719063182,0.20558090665540854,758.4717804172651
5,34,FedAvg,0.6187463146950642,0.20273591086754061,780.8105370196688
5,35,FedAvg,0.6229379925790111,0.19732567998189618,805.633807072294
5,36,FedAvg,0.627223132706178,0.19745052482803988,826.9347497112102
5,37,FedAvg,0.6281526763078956,0.1927894650924536,851.0349556267242
5,38,FedAvg,0.6227721975859,0.19078742600778997,874.0848606705281
5,39,FedAvg,0.6355680433949965,0.18617540266160798,895.9474859849141
5,40,FedAvg,0.6286370088045349,0.18263197641513482,919.1797152637914
5,41,FedAvg,0.6247347613403799,0.18309676839146705,940.7137305889653
5,42,FedAvg,0.6326095691868576,0.1793497187013006,965.8453113596405
5,43,FedAvg,0.6340244087254082,0.17613035256171652,987.7628160034559
5,44,FedAvg,0.6335245926239406,0.17216186781039475,1011.473371070011
5,45,FedAvg,0.6375719222962329,0.1665633877811007,1034.8873144322035
5,46,FedAvg,0.6300230963949607,0.16932098920580638,1056.4332617771272
5,47,FedAvg,0.6352641077501693,0.16385675036921743,1082.314857301774
5,48,FedAvg,0.6348181297334218,0.16398457550783715,1104.0979991669387
5,49,FedAvg,0.6343950544879517,0.1580461752614017,1125.7894538622622
5,50,FedAvg,0.6332038969761536,0.1563191998957982,1150.1058036599773
5,51,FedAvg,0.6364009161152064,0.15722801834972774,1171.507595669346
5,52,FedAvg,0.6413253583723769,0.15591266932811648,1197.6521579181347
5,53,FedAvg,0.6393509269013739,0.1557313676949099,1217.0462931328545
5,54,FedAvg,0.6439767646125223,0.15034088703995474,1243.1725912551144
5,55,FedAvg,0.6449388540740737,0.14864526960716215,1265.7238932615235
5,56,FedAvg,0.6403205624952621,0.14150421347471343,1285.4856116061846
5,57,FedAvg,0.6553925180905802,0.1437418097595517,1311.7417175892474
5,58,FedAvg,0.647970047181906,0.1381847421332065,1333.7955611391903
5,59,FedAvg,0.6486856720695572,0.14235304701692406,1356.9289902714165
5,60,FedAvg,0.6481551800211528,0.13690441957778418,1380.6414572796368
5,61,FedAvg,0.6479078462300293,0.13403630018345214,1403.719664889473
5,62,FedAvg,0.6466259252676878,0.1329282533483526,1425.615464986921
5,63,FedAvg,0.6363221951382595,0.13340658422735643,1449.9530135671525
5,64,FedAvg,0.6483238493583214,0.1288415634263605,1472.4698085031935
5,65,FedAvg,0.6475635139621284,0.12735628960488302,1495.581348276733
5,66,FedAvg,0.6431476604355171,0.1230142614608637,1518.4154349070798
5,67,FedAvg,0.6444886887555986,0.12900323592998011,1542.2900686380099
5,68,FedAvg,0.6499589460731603,0.12584003293769008,1564.0559152570643
5,69,FedAvg,0.6466132784992915,0.11601752153489825,1587.192930966737
5,70,FedAvg,0.6498146386988185,0.12222935704985513,1610.7378217805438
5,71,FedAvg,0.6491552585883869,0.11664181487758377,1633.1550816153592
5,72,FedAvg,0.6382093372360487,0.11662547889530689,1655.5314870421207
5,73,FedAvg,0.6464313973832874,0.11700372675513565,1680.820401249625
5,74,FedAvg,0.645646671286658,0.11369273770799405,1701.9592573444415
5,75,FedAvg,0.6471498831832461,0.11350434056721954,1725.345363542334
5,76,FedAvg,0.6547195606017465,0.11481407013958482,1748.3402131887487
5,77,FedAvg,0.6517583938059478,0.10810398347532163,1771.1904255483726
5,78,FedAvg,0.6555204509039945,0.10628949930832492,1794.707715584248
5,79,FedAvg,0.6372958380460506,0.10718176079561721,1816.830202728611
5,80,FedAvg,0.649550054137237,0.10837468434880937,1838.1324833608976
5,81,FedAvg,0.6503940693766513,0.10408127797580097,1861.5518989624015
5,82,FedAvg,0.657711079302907,0.10856623162204725,1887.5925096232584
5,83,FedAvg,0.6515727246187404,0.10247783237939381,1909.2303487728814
5,84,FedAvg,0.6545281271466175,0.09954430840955847,1932.3481975352056
5,85,FedAvg,0.6580952819653949,0.10277085530402792,1954.7507421799994
5,86,FedAvg,0.658882525876103,0.1016610717203694,1977.4880162965353
5,87,FedAvg,0.6502381612890359,0.09828762490410588,2001.496667964942
5,88,FedAvg,0.6613560868072722,0.09973846151820763,2024.688330742767
5,89,FedAvg,0.65444308802074,0.09625819767717199,2047.2429755683766
5,90,FedAvg,0.6496786994876785,0.09136774047921332,2069.1917763092592
5,91,FedAvg,0.65694722132297,0.09156634979856448,2093.227579876548
5,92,FedAvg,0.6569147998087278,0.09156684623300601,2116.638587224992
5,93,FedAvg,0.6628727119608567,0.09210920530408324,2138.879739317762
5,94,FedAvg,0.6523570999127121,0.09351857847065703,2161.721229519025
5,95,FedAvg,0.657995116447928,0.08908899568231154,2185.0083772965327
5,96,FedAvg,0.654518854927316,0.09530344570721483,2207.675737603894
5,97,FedAvg,0.6578728675322022,0.08533883735743047,2231.018410288693
5,98,FedAvg,0.6543531521690769,0.08712964994483267,2252.9924381619358
5,99,FedAvg,0.6525821151163532,0.08555491023566007,2274.8335801690105
5,100,FedAvg,0.6589675267645667,0.08651980757274202,2299.496536078257
5,1,FedProx,0.5377547651973003,0.34466809635085405,24.005673202063328
5,2,FedProx,0.5489596000454096,0.34125299726842834,43.84555577591617
5,3,FedProx,0.5474169141652123,0.33104667759913853,67.82209167687249
5,4,FedProx,0.5490964046570407,0.3261846651835958,92.27085571710457
5,5,FedProx,0.5509845540802829,0.32709922084906395,115.79257788007209
5,6,FedProx,0.5508935768721499,0.3139725026215116,137.43262644618397
5,7,FedProx,0.5594512023487225,0.30602635695765235,161.15375581959495
5,8,FedProx,0.5588613959313409,0.29977029076612277,183.22268821549594
5,9,FedProx,0.574059600977107,0.2995436121257008,206.11327827498386
5,10,FedProx,0.5723717413659094,0.2925748844244508,229.1866786315347
5,11,FedProx,0.5778351774201137,0.28819757750686714,252.9506298820754
5,12,FedProx,0.5771448262654268,0.2815235819458606,276.77576328531757
5,13,FedProx,0.5863955646273085,0.28192922291192224,298.38708014943563
5,14,FedProx,0.5891382541887812,0.270920044628879,321.34128426255427
5,15,FedProx,0.591616437496385,0.2639691179898391,345.3211691934612
5,16,FedProx,0.5942463663334507,0.26380267155467224,367.23091244501967
5,17,FedProx,0.599760332621855,0.26060446501850987,392.0140099379383
5,18,FedProx,0.5973295247569643,0.24996003622194615,414.6971651282721
5,19,FedProx,0.5999673579256004,0.24553521758727948,436.9740578712882
5,20,FedProx,0.6059475311671122,0.24832655806891518,460.9770694392966
5,21,FedProx,0.6139096509468114,0.24094719120866973,483.0174742041196
5,22,FedProx,0.6075409596047326,0.23568010275781098,507.1128897136739
5,23,FedProx,0.6129256903584623,0.2329001491984914,530.9027575621943
5,24,FedProx,0.615463846140885,0.23339448821422165,551.9654648589172
5,25,FedProx,0.6106703359170254,0.22124153296119836,575.2886711798327
5,26,FedProx,0.6164495411894533,0.2232912418175458,596.9842825144102
5,27,FedProx,0.6220160405919724,0.2168369890226595,620.5242733232865
5,28,FedProx,0.6238683312357286,0.2155701471048246,644.6206764533197
5,29,FedProx,0.6155725141981258,0.2108030121799164,668.2235131998137
5,30,FedProx,0.6230047979336208,0.20858534251430327,688.5997738537774
5,31,FedProx,0.6321881598257761,0.20363387697952764,713.7299732399
5,32,FedProx,0.6244910635637151,0.20009983306285298,735.8216279688959
5,33,FedProx,0.6371435644063363,0.19443092842039683,759.6524445281939
5,34,FedProx,0.6356242313683367,0.18943886349796926,781.5569800101802
5,35,FedProx,0.6334091880221847,0.19046616863240098,804.4060766666612
5,36,FedProx,0.6334742305477821,0.1881376473844017,828.9025765837456
5,37,FedProx,0.6281276616521635,0.18550741687626485,851.9408004720698
5,38,FedProx,0.6416615640467969,0.1826606508779876,874.7237420075679
5,39,FedProx,0.6374398616059616,0.1812908156668074,896.6732632175074
5,40,FedProx,0.6374762678944874,0.1793669789888095,918.6187877830346
5,41,FedProx,0.6413796532208859,0.17037395188934665,943.6310459358585
5,42,FedProx,0.6427087073810973,0.1710778916640981,966.3446716838152
5,43,FedProx,0.6448443193146114,0.16971614068116292,989.333678997252
5,44,FedProx,0.6331120182816727,0.16906474595422946,1012.6414004767173
5,45,FedProx,0.6477357288423824,0.16496837459624664,1034.8951961765883
5,46,FedProx,0.6376452073575002,0.16063405390289787,1057.1611055754177
5,47,FedProx,0.6475840867090178,0.15847913340608974,1079.8834886908753
5,48,FedProx,0.6457653236579174,0.1512609010525034,1104.289381141434
5,49,FedProx,0.651308907365225,0.15314195854444226,1127.0398347913458
5,50,FedProx,0.655624833491645,0.14853121215218681,1150.6942923423742
5,51,FedProx,0.6485916567514235,0.1441544194746944,1172.9211250604903
5,52,FedProx,0.646989552877484,0.14573505537626105,1194.9976981828365
5,53,FedProx,0.6465348628836396,0.14227380311956248,1218.771927326172
5,54,FedProx,0.6495787714215002,0.1447301072027962,1241.6769328975959
5,55,FedProx,0.6608376203171497,0.1391696812297011,1265.82251845209
5,56,FedProx,0.6484686420054245,0.1385099396944941,1288.8209080026834
5,57,FedProx,0.6556348004501866,0.13213557497260475,1310.074591410204
5,58,FedProx,0.6476858262849549,0.13771869839692724,1333.8196444960793
5,59,FedProx,0.660127961107116,0.13478636460088741,1355.5637323376889
5,60,FedProx,0.6526449253020928,0.13478842095208457,1380.3718674120762
5,61,FedProx,0.650900252609387,0.12793547423873292,1402.3290840078007
5,62,FedProx,0.655067574888282,0.13284851741935072,1425.5100812236153
5,63,FedProx,0.6639510611394743,0.12965333064870457,1448.4671426855891
5,64,FedProx,0.650413293771415,0.12270762158997134,1472.0070298220994
5,65,FedProx,0.6570997427099087,0.12748194866834553,1495.432230034077
5,66,FedProx,0.652001040029174,0.12191368885880012,1518.4871292288828
5,67,FedProx,0.6606211671885353,0.12342327164447245,1541.0803024626632
5,68,FedProx,0.6539600580171935,0.11415951715530256,1561.9536044277108
5,69,FedProx,0.6632747656574798,0.11836362952890488,1586.958107670229
5,70,FedProx,0.6523578538406961,0.11856241095657864,1608.8576279685983
5,71,FedProx,0.6619057003494359,0.1125502201836403,1631.9539100952197
5,72,FedProx,0.6581657172204721,0.1156874529990465,1655.4263947159857
5,73,FedProx,0.6575611246033511,0.11350781933776913,1677.507259278921
5,74,FedProx,0.6676346553305643,0.11160131004044982,1703.2064387075427
5,75,FedProx,0.6669915519042994,0.10922034292732614,1726.8191393662125
5,76,FedProx,0.6546541425070921,0.10815746258288667,1747.577868877484
5,77,FedProx,0.6588231526002652,0.10936880953207674,1770.6036087608963
5,78,FedProx,0.6567412901979673,0.09958547415720675,1793.942915933127
5,79,FedProx,0.6677525188281808,0.10886846979408174,1816.577014193669
5,80,FedProx,0.6564203636337468,0.10637991471843458,1840.8722001492722
5,81,FedProx,0.6592904425284261,0.09852252932721378,1865.9321965024205
5,82,FedProx,0.6594608434199544,0.10540758826308397,1886.147055882124
5,83,FedProx,0.6630919191120351,0.09811804229355554,1910.703294866291
5,84,FedProx,0.6582819393114954,0.09326370750186994,1932.3602851734022
5,85,FedProx,0.665093220543471,0.09839043251233168,1956.1795277348028
5,86,FedProx,0.666610214506229,0.09871746303287371,1978.1521041445528
5,87,FedProx,0.6613077463959327,0.09351926400237644,2000.811342308361
5,88,FedProx,0.6699824737167954,0.08806778984613979,2024.7756847490798
5,89,FedProx,0.6619017409919637,0.09665535615632202,2046.8930179392844
5,90,FedProx,0.6614861932972459,0.09587046479200732,2070.901393456885
5,91,FedProx,0.6668610765914194,0.0897199619449951,2092.123464079795
5,92,FedProx,0.6632849955554049,0.08949232918586018,2116.2530702013487
5,93,FedProx,0.6715037804028536,0.09799701976248804,2136.9410176504825
5,94,FedProx,0.6655677266261971,0.08866991841343332,2163.7961467009995
5,95,FedProx,0.6585069803247443,0.08438305907807732,2184.2107502365748
5,96,FedProx,0.6570983563533417,0.08704557389290371,2208.3606849915263
5,97,FedProx,0.6665578829353419,0.08795772983638597,2231.3943721064547
5,98,FedProx,0.6646989558470534,0.08611496852246892,2253.495847501372
5,99,FedProx,0.668299475586816,0.08280877990269196,2275.493092413941
5,100,FedProx,0.6646153586763756,0.0846432084910189,2300.487202800768
5,1,SCAFFOLD,0.539406130567109,0.3118119822410326,25.698184851791353
5,2,SCAFFOLD,0.5420496479538492,0.31119792987428674,50.51483432626494
5,3,SCAFFOLD,0.5478656441054441,0.30285557782729494,76.26135072734861
5,4,SCAFFOLD,0.54820149781431,0.3011630318722027,102.12723467526543
5,5,SCAFFOLD,0.5588173036253433,0.29461808125664135,128.99393329790905
5,6,SCAFFOLD,0.561820779450725,0.2824718540559621,153.72582476032574
5,7,SCAFFOLD,0.5741510283456718,0.28620329337304873,177.10944150487558
5,8,SCAFFOLD,0.5723348430705668,0.27972661797090453,203.20073483023234
5,9,SCAFFOLD,0.5770546064634515,0.27344388083328885,230.12894421973724
5,10,SCAFFOLD,0.583902113436237,0.2660521093290887,256.20588071428506
5,11,SCAFFOLD,0.580262981104698,0.2686096766973102,282.216232562634
5,12,SCAFFOLD,0.5874019731112619,0.25632221599938393,307.97080420756697
5,13,SCAFFOLD,0.5999012705904687,0.24846592204126894,331.4825696683162
5,14,SCAFFOLD,0.6102671510925618,0.2469849760442761,354.34819407958827
5,15,SCAFFOLD,0.6013206544283581,0.24816027815328048,383.6834957899246
5,16,SCAFFOLD,0.6067139551746762,0.2434942827004586,408.23793643861524
5,17,SCAFFOLD,0.6006073887887152,0.23998740353056827,434.73768119895084
5,18,SCAFFOLD,0.602833233326667,0.2349951956330503,459.6584033004603
5,19,SCAFFOLD,0.6146475105490443,0.22481141641783553,484.7697858674927
5,20,SCAFFOLD,0.6174044336719581,0.22474622358887672,507.7738293772191
5,21,SCAFFOLD,0.6119176678433257,0.22704468590681984,535.6298347489846
5,22,SCAFFOLD,0.6121075918660914,0.21569488373471768,561.4077792929728
5,23,SCAFFOLD,0.6227665255779384,0.21311554634168023,586.2737135642466
5,24,SCAFFOLD,0.6257410616063702,0.2153325838614522,611.092945678003
5,25,SCAFFOLD,0.6170288198129893,0.20930336611714642,636.9798628578111
5,26,SCAFFOLD,0.6284125528519912,0.19886348553570035,663.2354244326553
5,27,SCAFFOLD,0.631978334531443,0.1948836103385057,689.1817756007671
5,28,SCAFFOLD,0.6324291536494407,0.19751197112861987,712.355695036258
5,29,SCAFFOLD,0.6427406586955158,0.192153131171136,739.0853974925524
5,30,SCAFFOLD,0.6405900329418637,0.1864598068982683,766.143597336842
5,31,SCAFFOLD,0.6400567489015154,0.18557552754128365,792.2044673135683
5,32,SCAFFOLD,0.6360711896928076,0.18677072080919419,816.9842665155851
5,33,SCAFFOLD,0.6477884166913914,0.18131913636074465,843.0384482394976
5,34,SCAFFOLD,0.6408837505040076,0.18135829795481856,867.1515333327334
5,35,SCAFFOLD,0.6440205195893144,0.18199038705897252,891.9098177544453
5,36,SCAFFOLD,0.6422695654190778,0.17176945473780444,919.0440630118259
5,37,SCAFFOLD,0.6494343170749403,0.16597927949867347,942.7907392997766
5,38,SCAFFOLD,0.653225123774806,0.16309140427862737,969.1605350724068
5,39,SCAFFOLD,0.6467328462441959,0.1651049153646471,995.3200202019059
5,40,SCAFFOLD,0.6532598707937335,0.17061950146180552,1018.8336343381588
5,41,SCAFFOLD,0.6570661795380343,0.16098683211720957,1045.8605090258663
5,42,SCAFFOLD,0.6515205911930428,0.16333003808321137,1070.9419404679115
5,43,SCAFFOLD,0.6557676011896356,0.16033065225426693,1097.4101409359935
5,44,SCAFFOLD,0.6575374854389057,0.15228160164896712,1122.615753704171
5,45,SCAFFOLD,0.6561728212946822,0.15243036100315285,1148.0309671183331
5,46,SCAFFOLD,0.6620777573312877,0.15427122455526654,1174.0562164810535
5,47,SCAFFOLD,0.6643611331910838,0.14599782100291675,1197.5979118790244
5,48,SCAFFOLD,0.6647655156198915,0.1438655229989078,1222.1341181366329
5,49,SCAFFOLD,0.6596377023991259,0.13694186827261198,1249.609908031532
5,50,SCAFFOLD,0.6638246664033156,0.14379853585635252,1275.2114891041583
5,51,SCAFFOLD,0.6626000651832084,0.1363102259274926,1300.667030303705
5,52,SCAFFOLD,0.669847256404703,0.1429993718696591,1326.4419700732108
5,53,SCAFFOLD,0.6576759982071015,0.13716398432718535,1353.393792627906
5,54,SCAFFOLD,0.6607869197725238,0.13775113683000234,1377.402213761763
5,55,SCAFFOLD,0.665564939249829,0.13053019584749195,1403.1572607691871
5,56,SCAFFOLD,0.6622793244915143,0.1354676767971972,1427.8082536353672
5,57,SCAFFOLD,0.6663663000525517,0.13016334780023586,1453.0381134349773
5,58,SCAFFOLD,0.6671186681830181,0.13109482046647686,1479.4469039327205
5,59,SCAFFOLD,0.6682387387818698,0.12260856059069757,1502.392349281111
5,60,SCAFFOLD,0.665431118179382,0.11954093298923893,1531.1989701977284
5,61,SCAFFOLD,0.6689496144431836,0.12113277910158314,1556.6333456483756
5,62,SCAFFOLD,0.6712437226677098,0.12190141139347603,1579.6777769515006
5,63,SCAFFOLD,0.6726521861719458,0.1256279679572392,1606.09010215153
5,64,SCAFFOLD,0.6628484469869665,0.11525957501500946,1630.2560350473334
5,65,SCAFFOLD,0.6626401987419913,0.1170575332221633,1658.1106293152343
5,66,SCAFFOLD,0.664864887720422,0.11607007622512787,1682.082220721522
5,67,SCAFFOLD,0.6736692504834523,0.11535927154247662,1709.000533242609
5,68,SCAFFOLD,0.6657332097103008,0.10722551174982285,1733.6795675351866
5,69,SCAFFOLD,0.6716019451090818,0.11469021530476896,1761.0290604038973
5,70,SCAFFOLD,0.6768261985546312,0.1066492640098935,1786.0387049242158
5,71,SCAFFOLD,0.6782648469361745,0.10650238250789594,1809.128968962858
5,72,SCAFFOLD,0.6748866539817013,0.09954607872112685,1835.7465264738623
5,73,SCAFFOLD,0.6727635281726896,0.10643316384411647,1862.4846802452394
5,74,SCAFFOLD,0.668339309026127,0.10559212840087268,1887.3373577740842
5,75,SCAFFOLD,0.6759047905129513,0.10618026141088416,1913.7834430952341
5,76,SCAFFOLD,0.6715353612321485,0.10074183589393979,1937.7657651155066
5,77,SCAFFOLD,0.6703661979196444,0.10150625757648335,1964.8131372587286
5,78,SCAFFOLD,0.6701297625810404,0.09390329470125135,1987.446919311948
5,79,SCAFFOLD,0.6782492362578678,0.09573488234527251,2016.0352077259854
5,80,SCAFFOLD,0.6741683843685632,0.09771203900179003,2040.141510475776
5,81,SCAFFOLD,0.6740075462746657,0.09097039049324201,2067.9316234315406
5,82,SCAFFOLD,0.6781505345273716,0.10261426026009397,2090.017000249853
5,83,SCAFFOLD,0.6723051951196869,0.09370257115073943,2115.627363057907
5,84,SCAFFOLD,0.6735587448195959,0.09556813906320306,2141.5715205422916
5,85,SCAFFOLD,0.6757880279204894,0.09428009336444643,2167.7646808599197
5,86,SCAFFOLD,0.6793248803021127,0.08997162609687917,2193.572211451067
5,87,SCAFFOLD,0.6808607297331754,0.09294517397574356,2218.191472445741
5,88,SCAFFOLD,0.6856550825308387,0.08999112551178885,2244.109810088802
5,89,SCAFFOLD,0.6837792768891131,0.08966684380695462,2269.4890613694256
5,90,SCAFFOLD,0.6745888463552328,0.09218622878343485,2294.3700858712527
5,91,SCAFFOLD,0.6825449090988642,0.0895674216056858,2318.7853832237324
5,92,SCAFFOLD,0.6744421703303588,0.08870970273771915,2347.381329516529
5,93,SCAFFOLD,0.6829921638419648,0.08250608180944657,2372.9905465733455
5,94,SCAFFOLD,0.6792320080409922,0.08429909241251618,2397.4900418014763
5,95,SCAFFOLD,0.6810976763944468,0.08469745228737538,2423.038180599657
5,96,SCAFFOLD,0.6822037199336881,0.08374001729849831,2448.018116639602
5,97,SCAFFOLD,0.6757671559981013,0.08323470712069449,2473.454386183386
5,98,SCAFFOLD,0.6812343404437247,0.083012901267712,2499.9637691567086
5,99,SCAFFOLD,0.6834151550018721,0.07946947565339671,2524.3268571866283
5,100,SCAFFOLD,0.6809380356461547,0.08005436587993356,2550.351195682293
5,1,FedNova,0.536282297426917,0.32429956440983304,22.520838566465493
5,2,FedNova,0.5462844635905342,0.32046906126858926,45.64221662302149
5,3,FedNova,0.5500372478357244,0.31476986779855753,71.10764337721379
5,4,FedNova,0.5546559634548094,0.30643297868137315,94.62547367675037
5,5,FedNova,0.5546895923021794,0.3020822926579837,117.66395717755493
5,6,FedNova,0.5602591369783286,0.29961241155368873,140.97626404476864
5,7,FedNova,0.5694372708867294,0.2919354960343407,163.54599387503606
5,8,FedNova,0.5762605800543316,0.2809433393930813,190.3146722650795
5,9,FedNova,0.5719301419060839,0.28142729238329245,210.9804741636886
5,10,FedNova,0.5849955521985547,0.27636048971086064,235.65835889284617
5,11,FedNova,0.578433730679068,0.2718960534761945,257.31990453076475
5,12,FedNova,0.585909576375921,0.26051369423793586,281.8806631210621
5,13,FedNova,0.5856286755273422,0.266123646215319,304.62807094222603
5,14,FedNova,0.5924287172019297,0.2564686053429884,328.74722119211526
5,15,FedNova,0.6001325363613863,0.252413287435515,351.779572737008
5,16,FedNova,0.590760364762875,0.2477130728316977,376.9391088170436
5,17,FedNova,0.6025562753011175,0.24377178051309475,399.2714824007129
5,18,FedNova,0.6039762890822612,0.2375845279303228,423.64857968617184
5,19,FedNova,0.6061355687678918,0.2349796005295162,445.6692125974993
5,20,FedNova,0.6121508139539149,0.22838011110373635,469.7977276259096
5,21,FedNova,0.615626568950722,0.22764805440749653,494.2471818135669
5,22,FedNova,0.6138135618516056,0.22367332962595887,517.6817657020655
5,23,FedNova,0.615103059868951,0.2210698268292202,539.2195255226987
5,24,FedNova,0.6271959025746678,0.21647921991807934,564.0264863579808
5,25,FedNova,0.6229576237988357,0.2166773610915993,588.563165135382
5,26,FedNova,0.6234174603041147,0.20678764375188863,610.770087109467
5,27,FedNova,0.6269833754550098,0.2035888614002634,634.845950193349
5,28,FedNova,0.628922666048645,0.20202545802821661,657.7264201923891
5,29,FedNova,0.631137025729516,0.20096365037292488,681.1465016761941
5,30,FedNova,0.6289857535907311,0.19556455867946268,704.7511131146377
5,31,FedNova,0.6296493896861725,0.19364809166771088,727.878433895586
5,32,FedNova,0.6392598003375266,0.1889785597656655,751.6053016620988
5,33,FedNova,0.6383279146017231,0.18852681266067223,773.6471482068412
5,34,FedNova,0.6458357416291769,0.18519461998588924,799.1756181100523
5,35,FedNova,0.6406978230049494,0.1821822216596889,822.4800118908767
5,36,FedNova,0.6455272393291406,0.18026689623560102,846.4607121078201
5,37,FedNova,0.6421110187113752,0.1716168712858026,869.6038150778626
5,38,FedNova,0.6427424026977001,0.17414740804096282,893.5317108178298
5,39,FedNova,0.6433942885175495,0.16962639114085115,917.6310913302777
5,40,FedNova,0.6426502344077548,0.1692321641182796,940.3033625890072
5,41,FedNova,0.6462085159920378,0.16558837118292538,962.409927926104
5,42,FedNova,0.6483842735124166,0.1661072858975955,987.7724407932632
5,43,FedNova,0.6447659666742022,0.15904642807996872,1009.3654956025208
5,44,FedNova,0.6570909237957807,0.15708759584376356,1035.9924156755487
5,45,FedNova,0.6482077166637278,0.1599349953022493,1058.4661955611043
5,46,FedNova,0.6532631654095937,0.15367460273141478,1080.5628255139006
5,47,FedNova,0.6495429514334895,0.1499503317633028,1105.1485379178487
5,48,FedNova,0.6511814689819729,0.1484413413834823,1127.8464292205697
5,49,FedNova,0.652146349571192,0.14187304550554317,1150.4357310760756
5,50,FedNova,0.6501325848655477,0.14474657503744867,1174.0896552987
5,51,FedNova,0.6541360467482538,0.13926177129510714,1200.1121831748308
5,52,FedNova,0.6549579850846962,0.14453952344295012,1221.687447670329
5,53,FedNova,0.6550029490643667,0.13818395828566454,1246.7815825799958
5,54,FedNova,0.6538947008294134,0.14235541711282765,1268.1554989829167
5,55,FedNova,0.6560002251605795,0.14173043259356305,1293.2303457677979
5,56,FedNova,0.6577565839126672,0.1343754985841934,1315.7025268010575
5,57,FedNova,0.6599969304144896,0.12684825423700238,1340.068027316046
5,58,FedNova,0.6601865170758663,0.13328315027286078,1363.330034388973
5,59,FedNova,0.6581060720919927,0.1249096995029616,1387.006232830791
5,60,FedNova,0.6636399000421543,0.12620572579332456,1410.7867088574887
5,61,FedNova,0.6632646548048294,0.1241968121026913,1434.5892130807094
5,62,FedNova,0.6562082112600914,0.1233937486596887,1456.5698565590524
5,63,FedNova,0.6647228920564205,0.12375378724884988,1481.4279522303757
5,64,FedNova,0.655743581002308,0.11891169317390778,1504.5541734515684
5,65,FedNova,0.6660218526846662,0.11932452035365589,1526.0221115942823
5,66,FedNova,0.6711779158008371,0.1165987507576289,1551.7608366109403
5,67,FedNova,0.6650913878979586,0.11674745477332527,1574.8361938438245
5,68,FedNova,0.6670350997207476,0.11753785979719975,1598.086051892716
5,69,FedNova,0.6630080046857844,0.11372344023984114,1621.2092867438844
5,70,FedNova,0.6661711026953665,0.11210742311350166,1645.5456436762522
5,71,FedNova,0.6625619694014032,0.11486069847136934,1668.6660600066334
5,72,FedNova,0.6637401684779369,0.10887640469428124,1689.959650491642
5,73,FedNova,0.6702449569874958,0.1051954872819168,1715.58014104356
5,74,FedNova,0.6590692770631942,0.10239457830023627,1737.942169999559
5,75,FedNova,0.6668896112223465,0.10262161194797459,1762.3737018834254
5,76,FedNova,0.6663958364282923,0.1055908376835808,1786.5651584475156
5,77,FedNova,0.6629973695380309,0.1021167495942658,1810.6918473508933
5,78,FedNova,0.6697207859573056,0.10419136558147582,1831.9854842114441
5,79,FedNova,0.6726006768804794,0.10145504403866346,1855.5963771980853
5,80,FedNova,0.6645732632208114,0.09682697587184966,1880.2598033352626
5,81,FedNova,0.6682231393837036,0.09549929462294242,1904.9166856332517
5,82,FedNova,0.6711029318368116,0.10378103048126676,1927.2055008393065
5,83,FedNova,0.66938364210554,0.10349084507302542,1948.9028526275101
5,84,FedNova,0.6607113755418682,0.09210997711605391,1974.5335677105031
5,85,FedNova,0.6675401470928473,0.09694325444384287,1997.2873134634183
5,86,FedNova,0.6654140508254142,0.09156986375598805,2019.6882058926878
5,87,FedNova,0.6724485106396977,0.08628367488008812,2044.7087237646808
5,88,FedNova,0.6629727656232526,0.08779362042003591,2068.3066351263005
5,89,FedNova,0.6713501005653713,0.08983351422528042,2091.7812419648944
5,90,FedNova,0.6673347038022832,0.09652328026482876,2115.2059379960665
5,91,FedNova,0.6735567350414167,0.0871613725643909,2138.6164707307726
5,92,FedNova,0.6660909651541831,0.09028158575587769,2161.1572722643054
5,93,FedNova,0.6719299362412491,0.08551225700074616,2184.9261326789288
5,94,FedNova,0.6744609763663744,0.09063960090209142,2208.6745828513444
5,95,FedNova,0.6700617621480685,0.09213762851029662,2232.4942638552875
5,96,FedNova,0.6768230082016776,0.08587108717753597,2254.2286573631795
5,97,FedNova,0.6732927509358505,0.08641899222024674,2278.4202790708027
5,98,FedNova,0.6651683670558696,0.08576739912748269,2302.6268688268156
5,99,FedNova,0.6735624882351221,0.08228905484872101,2326.9340813318395
5,100,FedNova,0.6723606907052332,0.081319851901769,2350.1238036123636
5,1,FedLoRA,0.5437759791583351,0.28829369990549253,4.080336618174696
5,2,FedLoRA,0.5520702044923433,0.28419104736528655,8.57036019805029
5,3,FedLoRA,0.5547582678090456,0.2723198385081488,12.239910852249476
5,4,FedLoRA,0.5638808364439799,0.2736094134489257,16.41806422603347
5,5,FedLoRA,0.5720666309821811,0.26448606273613157,20.434701928578463
5,6,FedLoRA,0.5710240278983963,0.2635838518737547,24.4146368471256
5,7,FedLoRA,0.5835054519702544,0.25765282886430085,28.98391856036042
5,8,FedLoRA,0.5917462856574797,0.25050108150146255,32.51528694789865
5,9,FedLoRA,0.5878367791164295,0.24519441048171312,36.9316735560958
5,10,FedLoRA,0.5888932102091212,0.24226384484601934,40.98761772774791
5,11,FedLoRA,0.6051952596778035,0.24318401583753618,45.24946603456239
5,12,FedLoRA,0.6015912629718697,0.23763694921183617,48.97132490183489
5,13,FedLoRA,0.6000140940016883,0.2321826398902622,53.020976713197925
5,14,FedLoRA,0.610363926877168,0.2312317589195935,57.55334899490005
5,15,FedLoRA,0.6132741740400411,0.22358111783448328,61.87898107721635
5,16,FedLoRA,0.6110690494717006,0.22274262934043648,65.48288159179016
5,17,FedLoRA,0.6233863089892204,0.21418432182421623,69.77289277256082
5,18,FedLoRA,0.6156143115574011,0.213846995795444,73.77510414393052
5,19,FedLoRA,0.6251078055065207,0.21012033958051274,77.91672927667446
5,20,FedLoRA,0.6311301129661631,0.2028775093117362,81.83182611418364
5,21,FedLoRA,0.6314819872860115,0.20185678936749815,85.87692210486796
5,22,FedLoRA,0.6363662653209735,0.1980294207752595,90.32587143152203
5,23,FedLoRA,0.6272325075441432,0.19624068118153834,94.3295663799961
5,24,FedLoRA,0.6347148077008666,0.19210225032650705,98.63182806181916
5,25,FedLoRA,0.6352175982345367,0.19624698004912103,102.77782302404128
5,26,FedLoRA,0.6332361282324075,0.1874759281977318,106.95097144482556
5,27,FedLoRA,0.6394636112825948,0.18227877318654293,110.61816609503394
5,28,FedLoRA,0.6472899880640298,0.18228358823986945,114.8237393007844
5,29,FedLoRA,0.6439405215447367,0.18175815009747173,119.10369374552448
5,30,FedLoRA,0.6462423031028046,0.17473108426898712,122.91267578397314
5,31,FedLoRA,0.6540529588524934,0.17211732373179184,127.04435699760975
5,32,FedLoRA,0.6555277129649824,0.16581701198683774,131.13048209396672
5,33,FedLoRA,0.6527323343008801,0.17072895807583163,135.34477594399362
5,34,FedLoRA,0.6528130150632147,0.16569998957184173,139.39892642117317
5,35,FedLoRA,0.6541159226632258,0.16383113308648095,143.651942238891
5,36,FedLoRA,0.6527219997782382,0.16262427964977383,147.60377333396414
5,37,FedLoRA,0.656816626215291,0.15847927467822062,151.79027985811499
5,38,FedLoRA,0.6528460490778629,0.15601747240915023,155.94686826700158
5,39,FedLoRA,0.6659203034862533,0.15162402404376074,159.7138398288631
5,40,FedLoRA,0.6640148453184807,0.15610465274756763,164.09063953764655
5,41,FedLoRA,0.6607319183134135,0.14684187095546708,168.32848310907045
5,42,FedLoRA,0.6644092153013349,0.14691639226940753,172.22839150102556
5,43,FedLoRA,0.6643091847195569,0.14387318578538913,176.38476588295043
5,44,FedLoRA,0.6687134293563334,0.13640508325714124,180.15429026295683
5,45,FedLoRA,0.673362934470309,0.14246522502606807,184.6215519618245
5,46,FedLoRA,0.6719788291415911,0.1449397410862661,188.40950130463176
5,47,FedLoRA,0.6718957903856732,0.13426677157003108,192.68636734817306
5,48,FedLoRA,0.6749919233794047,0.1395555457421384,196.78456630587823
5,49,FedLoRA,0.6687636356669934,0.13538858755022873,200.94518304005692
5,50,FedLoRA,0.6646585886561758,0.13209584772547894,204.67612394375914
5,51,FedLoRA,0.6767751798255403,0.12997828144091722,209.30957994559088
5,52,FedLoRA,0.6714548292692741,0.13388733646360387,213.43685391052554
5,53,FedLoRA,0.6750050816338956,0.12969732040533902,217.34485367611754
5,54,FedLoRA,0.6740372150841445,0.1279941648884043,221.27700714095965
5,55,FedLoRA,0.6666822606494671,0.12626269768185777,225.30202550789411
5,56,FedLoRA,0.6646488754988118,0.12166899884258754,229.668154418364
5,57,FedLoRA,0.6725467496990974,0.11748739188543544,233.79528055762907
5,58,FedLoRA,0.6740854306713981,0.1209033929336618,237.22783856559673
5,59,FedLoRA,0.6745388437303063,0.12214192509877918,241.87278297234155
5,60,FedLoRA,0.6789223423712238,0.11169376635212053,246.07766697444782
5,61,FedLoRA,0.6807232407945324,0.11297136591891734,249.9401301699019
5,62,FedLoRA,0.6757557343946488,0.11106309686496241,254.3301542518472
5,63,FedLoRA,0.6744059280066075,0.11182592203627183,258.35988407175336
5,64,FedLoRA,0.6765842809488612,0.11210903704475494,262.3370189897955
5,65,FedLoRA,0.6840726177870227,0.10295977578032336,266.55918032114755
5,66,FedLoRA,0.682049710915131,0.10642196817199501,270.457719209985
5,67,FedLoRA,0.6799782146782328,0.10292252289103619,274.81281582176837
5,68,FedLoRA,0.6769268326398301,0.1074248188495737,279.03339487102517
5,69,FedLoRA,0.6796486263198245,0.10605016075165195,283.0348569288084
5,70,FedLoRA,0.6863102020137836,0.10227023511800087,287.2353747515039
5,71,FedLoRA,0.6862956967443533,0.1050081353384888,290.83220677294895
5,72,FedLoRA,0.6699500343660963,0.09826187911944334,295.0901040486253
5,73,FedLoRA,0.6839203105890289,0.09976057905787383,299.4112632140806
5,74,FedLoRA,0.6827270158946243,0.09708854375676217,303.63872545115004
5,75,FedLoRA,0.6849782434604141,0.09499936523385542,307.4984934301245
5,76,FedLoRA,0.6878576738822949,0.09553575287553664,311.48657611204885
5,77,FedLoRA,0.6845114599180584,0.10008584285826566,315.6107387283835
5,78,FedLoRA,0.683656041486252,0.09050477056011635,320.02461861308564
5,79,FedLoRA,0.6889051638665866,0.09178050789084462,323.8494424625963
5,80,FedLoRA,0.687618118084774,0.09794276042776102,328.0376834989166
5,81,FedLoRA,0.6883404776697573,0.09484660860829426,332.3365578863235
5,82,FedLoRA,0.6866891330468257,0.0940772447564344,336.2501559876542
5,83,FedLoRA,0.6894547467026791,0.08861882490667174,340.3314024957718
5,84,FedLoRA,0.6859723168753582,0.08570274306927438,344.3787785471702
5,85,FedLoRA,0.6848770863646174,0.09309645377612091,348.6820264964667
5,86,FedLoRA,0.6845053744645772,0.08902340948362518,352.8147447852211
5,87,FedLoRA,0.6871688717505586,0.08838246708535864,356.76448671467716
5,88,FedLoRA,0.6862900957384082,0.08640416990591582,360.9481963625518
5,89,FedLoRA,0.6846290255034269,0.0917448677365942,365.1311785878595
5,90,FedLoRA,0.6863483361704935,0.08204695424300655,368.8720443125723
5,91,FedLoRA,0.6864729496940364,0.08749543113188665,372.9966123371142
5,92,FedLoRA,0.687053319887463,0.08434865672968372,377.3922845294668
5,93,FedLoRA,0.6934719289228717,0.08342952339065815,381.07174821182235
5,94,FedLoRA,0.6854941840605722,0.07795252474484905,385.28073785173245
5,95,FedLoRA,0.6860933428315834,0.08097748040058056,389.2064526279453
5,96,FedLoRA,0.690454085795394,0.08449711789595832,393.57754013309136
5,97,FedLoRA,0.6885880257467237,0.07709899002790375,397.74865907248824
5,98,FedLoRA,0.6925828962387807,0.07835042597326,401.6929724138028
5,99,FedLoRA,0.6956525752492264,0.08299173487552097,406.0290070489599
5,100,FedLoRA,0.6808139290408224,0.07861797305573158,410.4714152911056
5,1,Conflict-aware,0.544669662871128,0.24543429548794757,4.777377114039746
5,2,Conflict-aware,0.5494807115746977,0.24297084781691575,8.93133823858057
5,3,Conflict-aware,0.5514488886515859,0.2417026620139478,13.415348713240759
5,4,Conflict-aware,0.567953380703736,0.23569328300806558,18.249197624400722
5,5,Conflict-aware,0.5727082539357872,0.23322369658915643,22.586098431104116
5,6,Conflict-aware,0.5716589433562206,0.22575409186518117,27.23154673013082
5,7,Conflict-aware,0.580133846703315,0.22429702015550107,31.6108193201778
5,8,Conflict-aware,0.6006972593363933,0.21984389732624932,35.970191466384364
5,9,Conflict-aware,0.5903595816800771,0.21464310767948006,40.40205342817215
5,10,Conflict-aware,0.6017420901085091,0.21765943629422768,45.10701520326459
5,11,Conflict-aware,0.6060065592897926,0.20869569017613573,49.343950114890276
5,12,Conflict-aware,0.6045065153353066,0.206392938879975,53.97721500403352
5,13,Conflict-aware,0.6104413584649809,0.19971350511995334,58.288227825128786
5,14,Conflict-aware,0.6140558724998902,0.2018208671174465,63.20480988869231
5,15,Conflict-aware,0.6239623461808221,0.19719008762783574,67.84288632076027
5,16,Conflict-aware,0.6281852440249605,0.19283024429783102,71.76802229915039
5,17,Conflict-aware,0.6274792330667529,0.18526444005015066,76.7409310931226
5,18,Conflict-aware,0.6401450299541565,0.18866880693082322,80.79492921209562
5,19,Conflict-aware,0.6366657767201668,0.18166910733654923,85.54611969857812
5,20,Conflict-aware,0.6358606024095385,0.18000575588146156,89.99796846519432
5,21,Conflict-aware,0.6410154365611578,0.1815695948902815,94.57967347527399
5,22,Conflict-aware,0.6480060407739171,0.17370014984979315,98.8700224457403
5,23,Conflict-aware,0.6489074322084799,0.17132974233717427,103.33869127202533
5,24,Conflict-aware,0.6458168477398771,0.1689714695037133,108.15201263800972
5,25,Conflict-aware,0.643741794643179,0.16651527394400026,112.89244442071438
5,26,Conflict-aware,0.6604885324720159,0.165715898162572,117.1359522476126
5,27,Conflict-aware,0.6605827064930875,0.16088946210841884,121.38416413986909
5,28,Conflict-aware,0.6623551638491938,0.16273236102073058,125.81937747878271
5,29,Conflict-aware,0.6639120105996024,0.16081173263584256,130.72980971254216
5,30,Conflict-aware,0.668174371666659,0.1548417285612469,134.87128580440918
5,31,Conflict-aware,0.6684711594220636,0.15063990368707933,139.67833729064594
5,32,Conflict-aware,0.670965255112295,0.15496172497619118,144.084049936575
5,33,Conflict-aware,0.6751200813567706,0.15004707092103112,148.5028908466147
5,34,Conflict-aware,0.6712266233582391,0.146543334372997,152.96326620976976
5,35,Conflict-aware,0.6714485521370894,0.1431671394317153,157.59040932401703
5,36,Conflict-aware,0.6746680751882939,0.14154687809590177,162.19338683912179
5,37,Conflict-aware,0.671876093057804,0.14329746890243172,166.42179008416284
5,38,Conflict-aware,0.6718421053817497,0.13803125128132404,171.2495698722989
5,39,Conflict-aware,0.6806952959651781,0.13264812078169233,175.5050515063716
5,40,Conflict-aware,0.6798079904585325,0.13382168585584725,180.2137628377553
5,41,Conflict-aware,0.684874750043655,0.13656508013272864,184.54564659542947
5,42,Conflict-aware,0.684112048464022,0.13399860222258433,188.7665218539746
5,43,Conflict-aware,0.6847059338018777,0.13059071328817454,193.70321840524943
5,44,Conflict-aware,0.6883137391101872,0.1300883102753551,197.9613790642945
5,45,Conflict-aware,0.6878162354418685,0.1270999429699469,202.66904571944372
5,46,Conflict-aware,0.6891339283858319,0.1242636576976987,207.03554954302808
5,47,Conflict-aware,0.6906755401266305,0.11989234155292335,211.37505108016455
5,48,Conflict-aware,0.6876499124383965,0.1205865810659805,215.76148048440655
5,49,Conflict-aware,0.6870097873090116,0.12160662429211422,220.4151391890817
5,50,Conflict-aware,0.6848028897210171,0.11797541677636376,224.72902835349413
5,51,Conflict-aware,0.6975059773631676,0.11147480062983697,229.49726632776114
5,52,Conflict-aware,0.6886551762096002,0.11560895399270156,233.93402585716592
5,53,Conflict-aware,0.6888311382317616,0.11112010045402038,238.60745842003828
5,54,Conflict-aware,0.6866338101078705,0.11392819481001451,243.1257429253401
5,55,Conflict-aware,0.689257057271246,0.11090748463883952,247.46481437957485
5,56,Conflict-aware,0.6964415024163322,0.11005732390757143,252.43136953046113
5,57,Conflict-aware,0.6912190391095785,0.1102206664935689,256.7409963346472
5,58,Conflict-aware,0.69168872245283,0.10310023622491553,260.9045644421823
5,59,Conflict-aware,0.69634066369297,0.10680377360434457,265.08435790475147
5,60,Conflict-aware,0.6934781882732894,0.10082226590343484,270.07566345466046
5,61,Conflict-aware,0.6985689650660726,0.10262986451615426,274.3906891877154
5,62,Conflict-aware,0.699531968662687,0.10697802465223115,279.15160564849657
5,63,Conflict-aware,0.6984762890641495,0.10257715019058469,283.44618079627304
5,64,Conflict-aware,0.6924736329700887,0.10245366627615218,288.1755336181386
5,65,Conflict-aware,0.6952372537026381,0.0954676523826245,292.32661166456654
5,66,Conflict-aware,0.70106041679455,0.10171534876066361,297.12322528630654
5,67,Conflict-aware,0.6972347752657393,0.10084140529144232,301.7012933334347
5,68,Conflict-aware,0.7020626268883282,0.09667616505989524,305.88476105640484
5,69,Conflict-aware,0.704681751406038,0.0916301756256783,310.4102554782212
5,70,Conflict-aware,0.7062405221732534,0.08639341539654238,314.85454545892003
5,71,Conflict-aware,0.7031755359401775,0.09700409771699263,319.3592083030999
5,72,Conflict-aware,0.7068501261447416,0.10010949422338802,324.22945695469105
5,73,Conflict-aware,0.7022522247892913,0.09695121514502739,328.57954231857826
5,74,Conflict-aware,0.7053750460956644,0.08798461192574404,332.8707552768063
5,75,Conflict-aware,0.7042179350535755,0.08896741168689325,337.2429656249338
5,76,Conflict-aware,0.7022733726144372,0.08622065239914427,342.06456097110595
5,77,Conflict-aware,0.6990539218685603,0.08751317040573615,346.2277550953145
5,78,Conflict-aware,0.7045609698848806,0.08769701953309449,350.8305364247116
5,79,Conflict-aware,0.7104138105245547,0.0895054359899841,355.45180036735246
5,80,Conflict-aware,0.6987535471060604,0.08688473409628365,360.14496523548615
5,81,Conflict-aware,0.7059820887648262,0.08447556075249729,364.47171754824046
5,82,Conflict-aware,0.7033215348396624,0.07840179191005893,368.8067708852328
5,83,Conflict-aware,0.7063635539277167,0.08190223054130397,373.6002991429959
5,84,Conflict-aware,0.7022001225796205,0.08158194316203854,378.24674533746935
5,85,Conflict-aware,0.7043842243149232,0.08140817725565808,382.4636906451985
5,86,Conflict-aware,0.7025623466047279,0.07925145744139318,386.87406638523595
5,87,Conflict-aware,0.7067378047814042,0.085197062972408,391.4437998817633
5,88,Conflict-aware,0.7076511828568859,0.07685956450358544,396.08251807973403
5,89,Conflict-aware,0.7045534366552876,0.07816629426089956,400.4486806083099
5,90,Conflict-aware,0.701634268521893,0.08210265796383501,404.9190681980754
5,91,Conflict-aware,0.7096096632079324,0.0814767592155033,409.45899917529357
5,92,Conflict-aware,0.7078340441690452,0.08192470746321653,413.9493472253254
5,93,Conflict-aware,0.708886851123579,0.08218488633743375,418.59241115668
5,94,Conflict-aware,0.7046425591863631,0.08136689416508251,422.88639461783697
5,95,Conflict-aware,0.7024154295279261,0.07760103464025507,427.4426403569447
5,96,Conflict-aware,0.702951595303897,0.07639596864658195,432.2459675770314
5,97,Conflict-aware,0.7037464562271508,0.0788175996373365,436.7177026533494
5,98,Conflict-aware,0.7012858368367277,0.07369326764901046,440.93892950420803
5,99,Conflict-aware,0.7038336790118305,0.07550375878396036,445.3222107421454
5,100,Conflict-aware,0.7102636868392667,0.07204414646534392,450.0302968105386
5,1,Full framework,0.5517265730134787,0.23196846711774413,4.839325970302886
5,2,Full framework,0.5524290941088134,0.22622747832641343,9.803068660308092
5,3,Full framework,0.5629596266604838,0.220681042375593,14.605056922917068
5,4,Full framework,0.5677897235192101,0.2105689163537627,19.449968650705816
5,5,Full framework,0.5719826804747545,0.21435028848749005,24.30655960157302
5,6,Full framework,0.5865991736650319,0.20981550284235098,29.560643195443237
5,7,Full framework,0.5950367643890349,0.2087853226730934,34.025144807221864
5,8,Full framework,0.5902813612322846,0.2022672885420023,39.1502458597426
5,9,Full framework,0.5993542325388768,0.20134966829254336,43.61757445946808
5,10,Full framework,0.6065138907064047,0.19937449415090988,48.745163262654394
5,11,Full framework,0.6102230748789608,0.1956635687485734,53.888281886131125
5,12,Full framework,0.616615183299944,0.19334724738321785,58.81125380989168
5,13,Full framework,0.6243010078716503,0.18943439572826623,63.42053868648103
5,14,Full framework,0.6188281116595193,0.18825278268729312,68.40730885983311
5,15,Full framework,0.6272196371571918,0.18359854528376596,73.81722496088018
5,16,Full framework,0.6287495820681571,0.1801674130525885,78.62687436654376
5,17,Full framework,0.6416625714760071,0.18237851102857883,83.37373168141693
5,18,Full framework,0.6442842672483189,0.17163864887715727,88.13173415909625
5,19,Full framework,0.6512652554563937,0.17165961648424827,93.24944715711767
5,20,Full framework,0.6442345637028737,0.16983021722927363,97.84160314348229
5,21,Full framework,0.6597875542725951,0.1660958979131131,102.99962386306534
5,22,Full framework,0.6538890305564653,0.16272125618872785,108.08967248306818
5,23,Full framework,0.6602837676206615,0.15664196185219678,112.98200535669646
5,24,Full framework,0.6640499546315531,0.15828500209449006,117.58477875138627
5,25,Full framework,0.6682630444229621,0.15314971357403015,122.6162188192583
5,26,Full framework,0.6678917539829533,0.15501759618859476,127.36483867634136
5,27,Full framework,0.6627691753082199,0.15188089977958494,132.45665093499343
5,28,Full framework,0.6702971858496013,0.15032923404208198,137.64334297674364
5,29,Full framework,0.6747289386161541,0.1498556844254868,141.9136463578731
5,30,Full framework,0.6744068791641257,0.14541209065192837,146.73868596129861
5,31,Full framework,0.6783780944487244,0.1419157397319932,152.03139782722283
5,32,Full framework,0.6765807773930301,0.14647173381975503,156.7001279298259
5,33,Full framework,0.6880936970404998,0.13817115320549156,161.5310679795171
5,34,Full framework,0.6847037336430907,0.13883357922492637,166.44052805931176
5,35,Full framework,0.6858774509820755,0.13826670549644784,171.26391177940846
5,36,Full framework,0.6943230378110775,0.13160401990529533,176.56132348168123
5,37,Full framework,0.6902922097233379,0.13120050560156649,181.0139333961021
5,38,Full framework,0.6884778634935046,0.13143497229179493,186.36983621024956
5,39,Full framework,0.6919260680427209,0.1269818763268784,191.28729584975576
5,40,Full framework,0.691106008861046,0.13087285684297176,195.91623267838668
5,41,Full framework,0.6907880501190473,0.12232217870279043,200.59677272401638
5,42,Full framework,0.7059396377419974,0.12156655321767416,206.0668464237741
5,43,Full framework,0.693941686229029,0.11772533947897114,210.68739311631035
5,44,Full framework,0.6959484539482154,0.12340849304275767,215.41557423733934
5,45,Full framework,0.6997330502338774,0.11873442334313095,220.2870868563929
5,46,Full framework,0.709255050561302,0.12311526025243633,225.50529275591848
5,47,Full framework,0.6950185135636513,0.11272923058368933,230.21962502069266
5,48,Full framework,0.6986392106372952,0.11760022852472574,235.3372683112344
5,49,Full framework,0.6990787786763754,0.11165732620921047,240.2230468521981
5,50,Full framework,0.7104906854747446,0.10475825436267347,245.08853145669974
5,51,Full framework,0.707517265553935,0.11390809938607595,249.96001239567852
5,52,Full framework,0.7043905611689555,0.10497702121586988,254.9197389683951
5,53,Full framework,0.705581193925947,0.1050858723124396,259.54673786897683
5,54,Full framework,0.7079681846296585,0.10524418976450688,264.45982703207375
5,55,Full framework,0.7075089419706553,0.10777728756506061,269.3658285047335
5,56,Full framework,0.7109109824948048,0.10147390858245649,274.37949934455713
5,57,Full framework,0.7081323900075507,0.1035749881677399,279.0451603339621
5,58,Full framework,0.7152064899759796,0.10528857491497812,284.28329806314906
5,59,Full framework,0.7111189328666028,0.09993692098110454,289.1777892535251
5,60,Full framework,0.7100200490731605,0.10396945059465808,293.778654000287
5,61,Full framework,0.7103440283586265,0.09939357218067324,299.01100611061696
5,62,Full framework,0.707675322065729,0.10000986023786389,303.7427854405341
5,63,Full framework,0.714640027274834,0.09698267486195764,308.98455074649536
5,64,Full framework,0.7173757030795757,0.09168140112543097,313.6176952401396
5,65,Full framework,0.7156529989201578,0.09235531713490373,318.33492231595926
5,66,Full framework,0.7075035841096412,0.09437987229706245,323.1926715769222
5,67,Full framework,0.7132449451951994,0.09214878011157561,328.3592851409079
5,68,Full framework,0.7099703298343674,0.0921035548773325,333.44201873061746
5,69,Full framework,0.7128871958065474,0.0942654335242377,338.2562229390606
5,70,Full framework,0.7080407352141496,0.08870420829682153,343.25453150895873
5,71,Full framework,0.7126410035022304,0.09198449864365436,347.6375823980846
5,72,Full framework,0.7154374243454785,0.09018689188575711,352.6711819314855
5,73,Full framework,0.7197514768409059,0.08814447826116423,357.3513199782263
5,74,Full framework,0.7188893297900301,0.08363451380822515,362.69972067781185
5,75,Full framework,0.7174166684305155,0.08886214395665532,367.262204458846
5,76,Full framework,0.7112472958793082,0.08198178257513974,372.5627315436171
5,77,Full framework,0.7198037604137171,0.08472993241718968,377.1528325668757
5,78,Full framework,0.7161063188620914,0.08216480172192075,382.2753656974501
5,79,Full framework,0.7148920729131147,0.07960595272782377,387.3574292994405
5,80,Full framework,0.7276764742450652,0.08093550713183358,391.9353908604775
5,81,Full framework,0.7218322916110436,0.08595361838627327,396.72601128120453
5,82,Full framework,0.7199889499711372,0.08661861769257827,401.97406943564005
5,83,Full framework,0.7189444948153644,0.0843664328180697,406.11234252504244
5,84,Full framework,0.7188053227621262,0.08162533022965039,411.78520280329184
5,85,Full framework,0.7150950499265482,0.08123202303269368,416.4531349300727
5,86,Full framework,0.7290924171364064,0.07940043838228057,421.250928300001
5,87,Full framework,0.7241005620123664,0.08014920390195188,426.2059385771845
5,88,Full framework,0.7180137472316763,0.07784659643371335,431.0441763230062
5,89,Full framework,0.7172432265961515,0.08051459628166925,436.3174175607774
5,90,Full framework,0.7200279495185664,0.08136006434782739,441.3104140999358
5,91,Full framework,0.7222658856177824,0.07622261038879502,445.8481802811801
5,92,Full framework,0.7179784042282501,0.07272618463833554,450.9953683924932
5,93,Full framework,0.7208395513987926,0.07749525851307314,455.9957523714454
5,94,Full framework,0.7122788278844623,0.07378665118360647,460.4388475074606
5,95,Full framework,0.7250134696693297,0.0751225871390783,465.28251836322545
5,96,Full framework,0.7123118180512886,0.07501511803557961,470.7018455502742
5,97,Full framework,0.7165861202726967,0.07437659518045008,475.38011186735855
5,98,Full framework,0.7202869911103793,0.07171091698610593,480.6693604596212
5,99,Full framework,0.7245765584809316,0.07432871812902768,484.8517440657385
5,100,Full framework,0.7210314446545759,0.07498369394946358,489.8349996513271
